iata_code,name,type,iso_country,municipality,latitude,longitude
UTK,Utirik Airport,small_airport,MH,Utirik Island,11.222, 169.852005
OCA,Ocean Reef Club Airport,small_airport,US,Key Largo,25.325399398804, -80.274803161621
PQS,Pilot Station Airport,small_airport,US,Pilot Station,61.934601, -162.899994
CSE,Crested Butte Airpark,small_airport,US,Crested Butte,38.851918, -106.928341
JCY,LBJ Ranch Airport,small_airport,US,Stonewall,30.251801, -98.622498
WLR,Loring Seaplane Base,seaplane_base,US,Loring,55.601299, -131.636993
NUP,Nunapitchuk Airport,small_airport,US,Nunapitchuk,60.905591, -162.440454
PTC,Port Alice Seaplane Base,seaplane_base,US,Port Alice,55.803, -133.597
ICY,Icy Bay Airport,small_airport,US,Icy Bay,59.966269, -141.660118
PPV,Port Protection Seaplane Base,seaplane_base,US,Port Protection,56.328800201416, -133.61000061035
KKK,Kalakaket Creek AS Airport,small_airport,US,Kalakaket Creek,64.4166256967, -156.820392609
MHS,Dunsmuir Muni-Mott Airport,small_airport,US,Dunsmuir,41.263199, -122.272003
NIR,Chase Field Industrial Airport,small_airport,US,Beeville,28.362444, -97.661917
GCT,Grand Canyon Bar Ten Airstrip,small_airport,US,Littlefield,36.258614, -113.231159
ELW,Ellamar Seaplane Base,seaplane_base,US,Ellamar,60.893818, -146.704038
LVD,Lime Village Airport,small_airport,US,Lime Village,61.3591003418, -155.440002441
HGZ,Hog River Airport,small_airport,US,Hogatza,66.2161026, -155.6690063
OTN,Ed-Air Airport,small_airport,US,Oaktown,38.851782, -87.49987
TLF,Telida Airport,small_airport,US,Telida,63.393901824951, -153.26899719238
BZT,Eagle Air Park,small_airport,US,Brazoria,28.982200622559, -95.579696655273
HBH,Entrance Island Seaplane Base,seaplane_base,US,Entrance Island,57.412201, -133.43848
FAK,False Island Seaplane Base,seaplane_base,US,False Island,57.5321998596, -135.212997437
BYW,Blakely Island Airport,small_airport,US,Blakely Island,48.578998565700005, -122.825996399
DRF,Drift River Airport,small_airport,US,Kenai,60.588901519800004, -152.162002563
BDF,Rinkenberger Restricted Landing Area,small_airport,US,Bradford,41.230899810800004, -89.61569976810001
VRS,Roy Otten Memorial Airfield,small_airport,US,Versailles,38.427799224854, -92.875198364258
GDH,Golden Horn Lodge Seaplane Base,seaplane_base,US,Golden Horn Lodge,59.7470016479, -158.875
ATT,Atmautluak Airport,small_airport,US,Atmautluak,60.866699, -162.272996
LIV,Livengood Camp Airport,small_airport,US,Livengood,65.467, -148.6534
PDB,Pedro Bay Airport,small_airport,US,Pedro Bay,59.7896003723, -154.12399292
KOZ,Ouzinkie Airport,small_airport,US,Ouzinkie,57.942094, -152.464314
TNK,Tununak Airport,small_airport,US,Tununak,60.575500488281, -165.27200317383
WHD,Hyder Seaplane Base,seaplane_base,US,Hyder,55.903324, -130.009975
MNT,Minto Al Wright Airport,small_airport,US,Minto,65.1437, -149.369995
TKI,Tokeen Seaplane Base,seaplane_base,US,Tokeen,55.9370994568, -133.32699585
WKK,Aleknagik / New Airport,medium_airport,US,Aleknagik,59.2826004028, -158.617996216
WFB,Ketchikan Harbor Seaplane Base,seaplane_base,US,Ketchikan,55.349899, -131.677002
NNK,Naknek Airport,small_airport,US,Naknek,58.735633, -157.02216
BKF,Lake Brooks Seaplane Base,seaplane_base,US,Katmai National Park,58.554798126221, -155.77699279785
BCS,Southern Seaplane Airport,small_airport,US,Belle Chasse,29.866078, -90.021608
SPQ,Catalina Air-Sea Terminal Heliport,heliport,US,San Pedro,33.7491989136, -118.275001526
TSS,East 34th Street Heliport,heliport,US,New York,40.74259948730469, -73.97209930419922
NYS,New York Skyports Inc Seaplane Base,seaplane_base,US,New York,40.735061, -73.972814
BWL,Earl Henry Airport,small_airport,US,Blackwell,36.7958984375, -97.3170013428
WYB,Yes Bay Lodge Seaplane Base,seaplane_base,US,Yes Bay,55.9163017273, -131.800994873
CWS,Center Island Airport,small_airport,US,Center Island,48.4901008606, -122.832000732
TEK,Tatitlek Airport,small_airport,US,Tatitlek,60.871449, -146.690297
DUF,Pine Island Airport,small_airport,US,Corolla,36.2535018921, -75.7884979248
SSW,Stuart Island Airpark,small_airport,US,Friday Harbor,48.673379, -123.175439
FOB,Fort Bragg Airport,small_airport,US,Fort Bragg,39.472445, -123.795319
PUL,Port of Poulsbo Marina Moorage Seaplane Base,seaplane_base,US,Poulsbo,47.734001159668, -122.64700317383
CCD,Century City Heliport,heliport,US,Los Angeles,34.060798645, -118.417999268
WMK,Meyers Chuck Seaplane Base,seaplane_base,US,Meyers Chuck,55.7396011353, -132.255004883
AXB,Maxson Airfield,small_airport,US,Alexandria Bay,44.312002, -75.90034
REE,Reese Airpark,small_airport,US,Lubbock,33.590301513672, -102.03700256348
WDN,Waldron Airstrip,small_airport,US,Eastsound,48.7118, -123.017998
WWP,Whale Pass Seaplane Float Harbor Facility,seaplane_base,US,Whale Pass,56.116299, -133.121994
CHU,Chuathbaluk Airport,small_airport,US,Chuathbaluk,61.579102, -159.216003
UGS,Ugashik Airport,small_airport,US,Ugashik,57.523476, -157.396344
PSQ,Philadelphia Seaplane Base,seaplane_base,US,Essington,39.859001159668, -75.299598693848
KLL,Levelock Airport,small_airport,US,Levelock,59.12606, -156.860906
SGW,Saginaw Seaplane Base,seaplane_base,US,Saginaw Bay,56.8862991333, -134.158004761
WTL,Tuntutuliak Airport,small_airport,US,Tuntutuliak,60.3353004456, -162.667007446
TWA,Twin Hills Airport,small_airport,US,Twin Hills,59.07559967041, -160.27299499512
KCQ,Chignik Lake Airport,small_airport,US,Chignik Lake,56.2550010681, -158.774993896
AAD,Adado Airport,small_airport,SO,Adado,6.095802, 46.6375
ABP,Atkamba Airport,small_airport,PG,Atkamba Mission,-6.06462, 141.095173
AFC,Angeles City Flying Club,small_airport,PH,MG,15.254326, 120.677772
ACM,Arica Airport,small_airport,CO,Arica,-2.144851, -71.758389
ADC,Andakombe Airport,small_airport,PG,Andekombe,-7.13722222222, 145.744722222
ADV,El Daein Airport,small_airport,SD,El Daein,11.4023, 26.1186
DJH,Jebel Ali Seaplane Base,seaplane_base,AE,Jebel Ali,24.988967, 55.023796
AEE,Adareil Airport,small_airport,SS,Adar,10.053611, 32.959444
AEI,Algeciras Heliport,heliport,ES,Algeciras,36.12882, -5.441079
AEK,Aseki Airport,small_airport,PG,Aseki,-7.350805, 146.193994
AEQ,Ar Horqin Airport,small_airport,CN,Chifeng,43.87042, 120.15958
KHT,Khost International Airport,medium_airport,AF,Khost,33.284605, 69.80734
URZ,Orūzgān Airport,small_airport,AF,Orūzgān,32.9029998779, 66.630897522
OLR,Salerno Airport,small_airport,AF,Khost,33.3638, 69.9561
AFK,Kondavattavana Tank Seaplane Base,seaplane_base,LK,Ampara,7.284, 81.644
AFR,Afore Airstrip,small_airport,PG,,-9.142222222220001, 148.390833333
AFT,Afutara Aerodrome,small_airport,SB,Bila,-9.19138888889, 160.948611111
RNA,Ulawa Airport,small_airport,SB,Arona,-9.86054358262, 161.979546547
ATD,Uru Harbour Airport,small_airport,SB,Atoifi,-8.87333, 161.011002
VEV,Barakoma Airport,small_airport,SB,Barakoma,-7.912779808044434, 156.70599365234375
GEF,Geva Airport,small_airport,SB,Liangia,-7.575829982757568, 156.5970001220703
AGG,Angoram Airport,small_airport,PG,Angoram,-4.05583333333, 144.073888889
AKS,Gwaunaru'u Airport,small_airport,SB,Auki,-8.70257, 160.682007
BNY,Bellona/Anua Airport,small_airport,SB,Anua,-11.302222222200001, 159.798333333
CHY,Choiseul Bay Airport,small_airport,SB,,-6.711944, 156.396111
BAS,Ballalae Airport,small_airport,SB,Ballalae,-6.990745, 155.886656
FRE,Fera/Maringe Airport,small_airport,SB,Fera Island,-8.1075, 159.576996
HIR,Honiara International Airport,large_airport,SB,Honiara,-9.428, 160.054993
MBU,Babanakira Airport,small_airport,SB,Mbambanakira,-9.7475004196167, 159.83900451660156
AVU,Avu Avu Airport,small_airport,SB,,-9.86833333333, 160.410555556
IRA,Ngorangora Airport,small_airport,SB,Kirakira,-10.449700355500001, 161.897994995
SCZ,Santa Cruz/Graciosa Bay/Luova Airport,small_airport,SB,Santa Cruz/Graciosa Bay/Luova,-10.72029972076416, 165.7949981689453
MUA,Munda Airport,medium_airport,SB,Munda,-8.32797, 157.263
GZO,Nusatupe Airport,small_airport,SB,Gizo,-8.09778022766, 156.863998413
MNY,Mono Airport,small_airport,SB,Stirling Island,-7.416940212249756, 155.56500244140625
PRS,Parasi Airport,small_airport,SB,Parasi,-9.641670227050781, 161.4250030517578
RNL,Rennell/Tingoa Airport,small_airport,SB,Rennell Island,-11.533900260925293, 160.06300354003906
EGM,Sege Airport,small_airport,SB,Sege,-8.578889846801758, 157.87600708007812
NNB,Santa Ana Airport,small_airport,SB,Santa Ana Island,-10.847994, 162.454108
RUS,Marau Airport,small_airport,SB,Marau,-9.861669540409999, 160.824996948
VAO,Suavanao Airport,small_airport,SB,Suavanao,-7.585559844970703, 158.7310028076172
XYA,Yandina Airport,small_airport,SB,Yandina,-9.092816, 159.21841
AGK,Kagua Airport,small_airport,PG,Kagua,-6.396388888890001, 143.853611111
KGE,Kaghau Airport,small_airport,SB,Kagau Island,-7.3305, 157.585
KUE,Kukudu Airport,small_airport,SB,Kolombangara Island,-8.0262, 156.94783
KWS,Kwailabesi Airport,small_airport,SB,Kwailabesi,-8.360508, 160.775127
AGL,Wanigela Airport,small_airport,PG,,-9.3375, 149.155555556
NAZ,Nana Airport,small_airport,SB,Star Harbor,-10.6758, 162.2049
MHM,Manaoba Airport,small_airport,SB,Manaoba,-8.325008, 160.80051
GTA,Gatokae Aerodrome,small_airport,SB,Gatokae,-8.738358, 158.202836
RIN,Ringi Cove Airport,small_airport,SB,Ringi Cove,-8.12639045715332, 157.14300537109375
RBV,Ramata Airport,small_airport,SB,Ramata,-8.168060302734375, 157.64300537109375
TLG,Tulaghi Heliport,heliport,SB,Tulaghi Island,-9.108, 160.149166667
AGY,Argyle Downs Airport,small_airport,AU,Argyle Downs,-16.508604, 128.922485
AHJ,Hongyuan Airport,medium_airport,CN,Ngawa (Hongyuan),32.53154, 102.35224
AHY,Ambatolhy Airport,small_airport,MG,Ambatolahy,-20.015833333299998, 45.535
AIE,Aiome Airport,small_airport,PG,Aiome,-5.145699978, 144.7307003
AIH,Aiambak Airport,small_airport,PG,Aiambak,-7.342777777779999, 141.2675
AIC,Ailinglaplap Airok Airport,small_airport,MH,Bigatyelang Island,7.279422, 168.8257
CEX,Chena Hot Springs Airport,small_airport,US,Chena Hot Springs,65.0518035889, -146.04699707
SOL,Solomon State Field,small_airport,US,Solomon,64.5605, -164.4457
HED,Herendeen Bay Airport,small_airport,US,Herendeen Bay,55.801399231, -160.899002075
TWE,Taylor Airport,small_airport,US,Taylor,65.6792984009, -164.798995972
KTH,Tikchik Lodge Seaplane Base,seaplane_base,US,Tikchik,59.9631996155, -158.477005005
NKI,Naukati Bay Seaplane Base,seaplane_base,US,Tuxekan Island,55.849602, -133.227994
LNI,Point Lonely Short Range Radar Site Airfield,small_airport,US,Point Lonely,70.911118, -153.237766
CDL,Candle 2 Airport,small_airport,US,Candle,65.907699585, -161.925994873
AOS,Amook Bay Seaplane Base,seaplane_base,US,Amook Bay,57.4715003967, -153.815002441
BSW,Boswell Bay Airport,small_airport,US,Boswell Bay,60.4230995178, -146.145996094
AKM,Zakuoma Airport,small_airport,TD,ZaKouma,10.8902777778, 19.8172222222
ALZ,Alitak Seaplane Base,seaplane_base,US,Lazy Bay,56.8995018005, -154.248001099
PPE,Mar de Cortés International Airport,small_airport,MX,Puerto Peñasco,31.351987, -113.305177
AME,Alto Molocue Airport,small_airport,MZ,Alto Molocue,-15.6102777778, 37.6813888889
AMF,Ama Airport,small_airport,PG,,-4.10111111111, 141.67
AMU,Amanab Airport,small_airport,PG,Amanab,-3.586, 141.214333333
AMY,Ambatomainty Airport,small_airport,MG,,-17.686667, 45.623889
INU,Nauru International Airport,medium_airport,NR,Yaren District,-0.547458, 166.919006
ANZ,Angus Downs Airport,small_airport,AU,Angus Downs Station,-25.0325, 132.2748
CTV,Catoca Airport,small_airport,AO,Saurimo,-9.430985, 20.311478
ANL,Andulo Airport,small_airport,AO,Andulo,-11.4723, 16.710899
CNZ,Cangamba Airport,small_airport,AO,Cangamba,-13.7106, 19.861099
DRC,Dirico Airport,small_airport,AO,Dirico,-17.981924057006836, 20.7680606842041
KNP,Capanda Airport,small_airport,AO,Capanda,-9.76937007904, 15.4553194046
NDF,N'dalatando Airport,small_airport,AO,N'dalatando,-9.280378, 14.982432
AOB,Annanberg Airport,small_airport,PG,,-4.90416666667, 144.635833333
AOD,Abou-Deïa Airport,small_airport,TD,Abou-Deïa,11.4773, 19.2874
APP,Asapa Airport,small_airport,PG,,-8.979167, 148.103611
APR,April River Airport,small_airport,PG,April River,-4.67666666667, 142.540138889
QET,Troll Airfield,small_airport,AQ,Troll Station,-71.95714, 2.45257
AQY,Girdwood-Alyeska Airport,small_airport,US,Girdwood,60.968774, -149.119792
QRF,Bragado Airport,small_airport,AR,Bragado,-35.145811, -60.480294
CVI,Caleta Olivia Airport,small_airport,AR,Caleta Olivia,-46.37428, -67.59409
CNT,Charata Airport,small_airport,AR,Charata,-27.2164, -61.2103
VGS,General Villegas Airport,small_airport,AR,General Villegas,-34.995728, -62.999725
LMD,Los Menucos Airport,small_airport,AR,Los Menucos,-40.817699, -68.074699
VCF,Valcheta Airport,small_airport,AR,Valcheta,-40.7000007629, -66.1500015259
NCJ,Sunchales Aeroclub Airport,small_airport,AR,Sunchales,-30.9575, -61.5283
CPG,Carmen de Patagones Airport,small_airport,AR,Carmen de Patagones,-40.7781, -62.9803
PRQ,Termal Airport,small_airport,AR,Presidencia Roque Sáenz Peña,-26.753611, -60.492222
OLN,Colonia Sarmiento Airport,small_airport,AR,Sarmiento,-45.582371, -68.999841
ARP,Aragip Airport,small_airport,PG,,-9.88333333333, 149.483333333
ASZ,Asirim Airport,small_airport,PG,,-6.009722222220001, 150.368611111
ATN,Namatanai Airport,small_airport,PG,Namatanai,-3.6695, 152.438
ATP,Aitape Airport,small_airport,PG,Aitape,-3.1436111111100002, 142.346805556
LYT,Lady Elliot Island Airstrip,small_airport,AU,Lady Elliot Island,-24.1129, 152.7156
GYZ,Gruyere Airport,small_airport,AU,Cosmo Newbery,-28.034548, 123.81506
KQR,Karara Airport,small_airport,AU,Karara,-29.217223, 116.687154
AGW,Agnew Airport,small_airport,AU,Agnew,-12.1456, 142.149369
AYD,Alroy Downs Airport,small_airport,AU,Alroy Downs,-19.2908, 136.078995
BYX,Baniyala Airport,small_airport,AU,Baniyala,-13.1981, 136.227005
COB,Coolibah Airport,small_airport,AU,Coolibah,-15.548299789428711, 130.96200561523438
CRJ,Coorabie Airport,small_airport,AU,Coorabie,-31.894399642944336, 132.29600524902344
CRY,Carlton Hill Airport,small_airport,AU,Carlton Hill,-15.501899719238281, 128.53399658203125
CSD,Cresswell Downs Airport,small_airport,AU,Cresswell Downs,-17.947999954223633, 135.91600036621094
DYM,Diamantina Lakes Airport,small_airport,AU,Diamantina Lakes,-23.761699676513672, 141.14500427246094
HIS,Hayman Island Resort Seaplane Base,seaplane_base,AU,Hayman Island,-20.059999465942383, 148.88099670410156
HLV,Helenvale Airport,small_airport,AU,Helenvale,-15.685799598693848, 145.21499633789062
KBD,Kimberley Downs Airport,small_airport,AU,Kimberley Downs,-17.39780044555664, 124.3550033569336
KGR,Kulgera Airport,small_airport,AU,Ghan,-25.8428, 133.292007
MYO,Camballin Airport,small_airport,AU,Myroodah,-18.12470054626465, 124.27200317382812
OKB,Orchid Beach Airport,small_airport,AU,Orchid Beach,-24.959400177002, 153.31500244141
PEP,Peppimenarti Airport,small_airport,AU,Peppimenarti,-14.1442, 130.091003
RDA,Rockhampton Downs Airport,small_airport,AU,Rockhampton Downs,-18.95330047607422, 135.2010040283203
SSK,Sturt Creek Airport,small_airport,AU,Sturt Creek,-19.166400909423828, 128.1739959716797
SWB,Shaw River Airport,small_airport,AU,Shaw River,-21.510299682617188, 119.36199951171875
TPR,Tom Price Airport,small_airport,AU,Tom Price,-22.746000289900003, 117.869003296
TWP,Torwood Airport,small_airport,AU,Torwood,-17.363300323486328, 143.75
ZVG,Springvale Airport,small_airport,AU,Springvale,-17.78689956665039, 127.66999816894531
AUI,Aua Island Airport,small_airport,PG,Aua Island,-1.46055555556, 143.064722222
AUJ,Ambunti Airport,small_airport,PG,Ambunti,-4.21566666667, 142.823166667
AUP,Agaun Airport,small_airport,PG,,-9.930833, 149.385667
AUV,Aumo Airport,small_airport,PG,Aumo,-5.731111111110001, 148.445277778
AWE,Alowe Airport,small_airport,GA,Wonga Wongué Presidential Reserve,-0.545, 9.444
AXF,Alxa Left Banner Bayanhot Airport,medium_airport,CN,Bayanhot,38.74831, 105.58858
AXO,Pantar Kabir Airport,small_airport,ID,Kabir,-8.244832, 124.219108
KPM,Kompiam Airport,small_airport,PG,,-5.38166666667, 143.924722222
BUA,Buka Airport,medium_airport,PG,Buka Island,-5.4223198890686035, 154.67300415039062
BRP,Biaru Airport,small_airport,PG,Biaru,-7.6693, 146.7594
CMU,Chimbu Airport,medium_airport,PG,Kundiawa,-6.024290084838867, 144.9709930419922
MDM,Munduku Airport,small_airport,PG,Munduku,-4.6204, 143.4516
KPF,Kondobol Airport,small_airport,PG,Kondobol,-8.5336, 142.5049
DNU,Dinangat Airport,small_airport,PG,Dinangat,-6.1546, 146.6772
DOI,Doini Airport,small_airport,PG,Castori Islets,-10.7009, 150.7218
DAU,Daru Airport,medium_airport,PG,Daru,-9.08676, 143.207993
EMS,Embessa Airport,small_airport,PG,Embessa,-9.447, 148.7628
XYR,Edwaki Airport,small_airport,PG,Yellow River Mission,-3.883986, 141.792234
EPT,Eliptamin Airport,small_airport,PG,Eliptamin,-5.0412, 141.6779
EGA,Engati Airstrip,small_airport,PG,Engati,-6.9179, 146.1053
EMO,Emo River Airstrip,small_airport,PG,Emo Mission,-9.1234, 148.0415
ERU,Erume Airport,small_airport,PG,Erume,-8.2538, 146.9747
MFZ,Meselia Airport,small_airport,PG,Demgulu,-6.1364, 149.1183
FRQ,Feramin Airport,small_airport,PG,Feramin,-5.208, 141.6988
FAQ,Frieda River Airport,small_airport,PG,Frieda River,-4.610468, 141.960138
FUM,Fuma Airport,small_airport,PG,Fuma,-6.3933, 142.4408
GKA,Goroka Airport,medium_airport,PG,Goronka,-6.081689834590001, 145.391998291
GUG,Guari Airport,small_airport,PG,Guari,-8.1286, 146.8722
GRL,Garasa Airport,small_airport,PG,Au,-7.980713, 147.213461
GUR,Gurney Airport,medium_airport,PG,Gurney,-10.3114995956, 150.333999634
GAP,Gusap Airport,small_airport,PG,Gusap,-6.053196, 145.959047
PNP,Girua Airport,medium_airport,PG,Popondetta,-8.80453968048, 148.309005737
GBC,Gasuke Airport,small_airport,PG,Gasuke,-6.1028, 141.7393
HBD,Habi Airport,small_airport,PG,Habi,-6.32, 142.4893
HNI,Heiweni Airport,small_airport,PG,Heiweni,-7.4223, 146.4276
HNN,Honinabi Airport,small_airport,PG,Honinabi,-6.2457, 142.1771
HKN,Hoskins Airport,medium_airport,PG,Kimbe,-5.463846, 150.407327
HIT,Haivaro Airport,small_airport,PG,Haivaro,-6.9406, 143.059
IMN,Imane Airport,small_airport,PG,Imane,-6.7524, 146.1072
KGM,Kungim Airport,small_airport,PG,Kungim,-5.671, 141.03
IMD,Imonda Airport,small_airport,PG,Imonda,-3.328, 141.1573
KIE,Aropa Airport,small_airport,PG,Kieta,-6.305417, 155.728139
IAL,Ialibu Airport,small_airport,PG,Ialibu,-6.2782, 143.9944
WIU,Witu Airport,small_airport,PG,Garove Island,-4.689522, 149.440112
KGH,Yongai Airport,small_airport,PG,Yongai,-8.5289, 147.4603
LSA,Losuia Airport,small_airport,PG,Losuia,-8.505820274353027, 151.08099365234375
KPA,Kopiago Airport,small_airport,PG,Kopiago,-5.3883, 142.4977
UNG,Kiunga Airport,small_airport,PG,Kiunga,-6.1257100105285645, 141.28199768066406
KNE,Kanainj Airport,small_airport,PG,Kanainj,-5.2903, 144.7072
KRI,Kikori Airport,small_airport,PG,Kikori,-7.424379825592041, 144.2500762939453
KMA,Kerema Airport,medium_airport,PG,Kerema,-7.96361017227, 145.770996094
KRX,Kar Kar Airport,small_airport,PG,Kar Kar Island,-4.557, 145.9404
KUQ,Kuri Airport,small_airport,PG,Kuri,-7.135083, 143.276111
KVG,Kavieng Airport,medium_airport,PG,Kavieng,-2.57940006256, 150.807998657
LNV,Londolovit Airport,small_airport,PG,Londolovit,-3.04361009598, 152.628997803
LAB,Lab Lab Airport,small_airport,PG,Lab Lab Mission,-5.7204, 148.0566
LWI,Lowai Airport,small_airport,PG,Lowai,-6.3344, 146.6458
LPN,Leron Plains Airport,small_airport,PG,Leron Plains,-6.3917, 146.3434
LNG,Lese Airport,small_airport,PG,Lese,-8.2799, 146.2765
LSJ,Long Island Airport,small_airport,PG,Long Island,-5.3604, 147.0177
AYM,Yas Island Seaplane Base,seaplane_base,AE,Abu Dhabi,24.467, 54.6103
MRM,Manari Airport,small_airport,PG,Manari,-9.1908, 147.6219
OBM,Morobe Airport,small_airport,PG,Morobe,-7.74, 147.59
MAG,Madang Airport,medium_airport,PG,Madang,-5.20707988739, 145.789001465
HGU,Mount Hagen Kagamuga Airport,medium_airport,PG,Mount Hagen,-5.828212, 144.299412
GUV,Mougulu Airport,small_airport,PG,Mougulu,-6.280859, 142.420775
MDU,Mendi Airport,medium_airport,PG,Mendi,-6.14774, 143.656998
MAS,Momote Airport,medium_airport,PG,Manus Island,-2.06189, 147.423996
MXH,Moro Airport,small_airport,PG,Moro,-6.36332988739, 143.238006592
MIS,Misima Island Airport,small_airport,PG,Misima Island,-10.689200401299999, 152.837997437
MWG,Marawaka Airport,small_airport,PG,Marawaka,-6.9736, 145.8849
NKN,Nankina Airport,small_airport,PG,Gwarawon,-5.837, 146.4533
GBF,Negarbo(Negabo) Airport,small_airport,PG,Negarbo,-6.567778, 144.703058
MFO,Manguna Airport,small_airport,PG,Manguna,-5.577778, 151.792333
KSB,Kasonombe Airport,small_airport,PG,Kasonombe,-6.3819, 146.9859
NMN,Nomane Airport,small_airport,PG,Namane,-6.32183, 145.070667
NBA,Nambaiyufa Airport,small_airport,PG,Nambaiyufa,-6.2412, 145.2424
LAE,Nadzab Airport,medium_airport,PG,Lae,-6.569803, 146.725977
KGB,Konge Airport,small_airport,PG,Konge,-6.2239, 147.2152
OKP,Oksapmin Airport,small_airport,PG,Oksapmin,-5.2261, 142.2259
HOC,Komako Airport,small_airport,PG,Komako,-7.3984, 145.8827
KCJ,Komaio Airport,small_airport,PG,Komaio,-7.2714, 143.5952
KDE,Koroba Airport,small_airport,PG,Koroba,-5.6952, 142.7441
OPB,Open Bay Airport,small_airport,PG,Maitanakunai,-4.794727, 151.696195
PGB,Pangoa Airport,small_airport,PG,Pangoa,-7.0226, 141.5605
PGN,Pangia Airport,small_airport,PG,Pangia,-6.386, 144.1084
MPF,Mapoda Airport,small_airport,PG,Mapoda,-7.979, 143.1694
PMN,Pumani Airport,small_airport,PG,Pumani,-9.7469, 149.4766
POM,Port Moresby Jacksons International Airport,large_airport,PG,Port Moresby,-9.443380355834961, 147.22000122070312
SPH,Sopu Airport,small_airport,PG,Sopu,-8.3038, 147.1659
SXA,Sialum Airport,small_airport,PG,Sialum,-6.0908, 147.5955
RMN,Rumginae Airport,small_airport,PG,,-5.89722222222, 141.271666667
KMR,Karimui Airport,small_airport,PG,Karimui,-6.4921, 144.823
MWI,Maramuni Airport,small_airport,PG,Maramuni,-5.13, 143.4829
MRH,May River Airstrip,small_airport,PG,May River,-4.3615, 141.785
SBE,Suabi Airport,small_airport,PG,,-6.10444444444, 142.278333333
NIS,Simberi Airport,small_airport,PG,Simberi Island,-2.66222222222, 151.997777778
SIL,Sila Airport,small_airport,PG,Sila Mission,-9.07355555556, 148.38925
SBV,Sabah Airport,small_airport,PG,Sabah,-5.5765, 155.0489
SIM,Simbai Airport,small_airport,PG,Simbai,-5.278611111110001, 144.544722222
SBC,Selbang Airport,small_airport,PG,Selbang,-5.315, 141.752
SPV,Sepik Plains Airport,small_airport,PG,Sepik Plains,-3.8821, 143.6734
SXW,Sauren Airport,small_airport,PG,Sauren,-5.9701, 148.8543
MBV,Masa Airport,small_airport,PG,Masa,-6.345, 147.591
TIZ,Tari Airport,small_airport,PG,Tari,-5.84499979019, 142.947998047
TBG,Tabubil Airport,small_airport,PG,Tabubil,-5.27861, 141.225998
TPI,Tapini Airport,small_airport,PG,Tapini,-8.35666666667, 146.989166667
RAB,Tokua Airport,medium_airport,PG,Kokopo,-4.34046, 152.380005
TKW,Tekin Airport,small_airport,PG,Tekin,-5.24366666667, 142.165194444
TEP,Tep Tep Airport,small_airport,PG,Teptep,-5.9553, 146.5595
TSW,Tsewi Airport,small_airport,PG,Tsewi,-7.0695, 146.1272
TRJ,Tarakbits Airport,small_airport,PG,Tarakbits,-5.614, 141.0421
TWY,Tawa Airport,small_airport,PG,Tawa,-7.4463, 146.1067
TKB,Tekadu Airport,small_airport,PG,Tekadu,-7.6808, 146.5503
AYU,Aiyura Airport,small_airport,PG,Aiyura Valley,-6.33805555556, 145.904166667
UMC,Umba Airport,small_airport,PG,Umba,-7.0214, 145.966
URU,Uroubi Airport,small_airport,PG,Uroubi,-9.5162, 148.5591
UPR,Upiara Airport,small_airport,PG,Upiara,-8.5411, 142.6503
UVO,Uvol Airport,small_airport,PG,Uvol,-6.0178, 150.9557
TLW,Talasea Airport,small_airport,PG,Talasea,-5.2726, 150.0089
TCJ,Torembi Airport,small_airport,PG,Torembi,-4.0165, 143.1329
VAI,Vanimo Airport,medium_airport,PG,Vanimo,-2.6926, 141.3028
TON,Tonu Airport,small_airport,PG,Tonu,-6.6552, 155.4326
WAO,Wabo Airport,small_airport,PG,Wabo,-6.98944444444, 145.075111111
WBM,Wapenamanda Airport,medium_airport,PG,Wapenamanda,-5.635293, 143.892231
WAJ,Wawoi Falls Airport,small_airport,PG,Wavoi Falls,-6.9523, 142.6557
WWK,Wewak International Airport,medium_airport,PG,Wewak,-3.58383011818, 143.669006348
WOA,Wonenara Airport,small_airport,PG,Wonenara,-6.796861111110001, 145.891944444
WKN,Wakunai Airport,small_airport,PG,Wakunai,-5.8603, 155.2223
WSU,Wasu Airport,small_airport,PG,Wasu,-5.96170944919, 147.19822526
WTP,Woitape Airport,small_airport,PG,Fatima Mission,-8.54583333333, 147.2525
WUG,Wau Airport,small_airport,PG,Wau,-7.345556, 146.718611
YVD,Yeva Airport,small_airport,PG,Yeva,-7.548, 146.188
SMJ,Sim Airport,small_airport,PG,Sim,-7.75, 146.9273
WEP,Weam Airport,small_airport,PG,Weam,-8.6184, 141.1381
AYY,Arugam Bay SPB,seaplane_base,LK,Pottuvil,6.86, 81.82388888890002
KYX,Yalumet Airport,small_airport,PG,Yalumet,-6.09, 147.0117
KSX,Yasuru Airport,small_airport,PG,Yasuru,-6.6015, 146.1813
WUM,Wasum Airport,small_airport,PG,Wasum,-6.0491, 149.337
ZXT,Zabrat Airport,medium_airport,AZ,Baku,40.4955422161, 49.9768066406
FZL,Fuzuli International Airport,small_airport,AZ,Fuzuli,39.594578, 47.196128
HAE,Lava Falls Heliport,heliport,US,Supai Village,36.191600799599996, -113.092002869
AZB,Amazon Bay Airport,small_airport,PG,,-10.2991666667, 149.338333333
AZJ,Zhenjiang Dalu Airport,small_airport,CN,Zhenjiang,32.23649, 119.718683
BAJ,Bali Airport,small_airport,PG,Unea Island,-4.8833333333299995, 149.133333333
BCP,Bambu Airport,small_airport,PG,Bambu,-5.863611111110001, 146.4925
BCW,Benguera Island Airport,medium_airport,MZ,Benguera Island,-21.853300094604492, 35.43830108642578
BCZ,Milyakburra Airport,small_airport,AU,Bickerton Island,-13.780833333299999, 136.201666667
ILL,Willmar Municipal Airport John L Rice Field (2006),small_airport,US,Willmar,45.117552, -95.132259
BDZ,Baindoung Airport,small_airport,PG,,-6.34722222222, 146.942222222
HKV,Malevo Airfield,small_airport,BG,Haskovo,41.871799, 25.604799
JAM,Bezmer Air Base,medium_airport,BG,Yambol,42.4548988342, 26.3521995544
JEG,Aasiaat Airport,medium_airport,GL,Aasiaat,68.721802, -52.784698
AOQ,Aappilattoq Heliport,heliport,GL,Aappilattoq,72.88703, -55.596287
AGM,Tasiilaq Heliport,heliport,GL,Tasiilaq,65.612296, -37.618335
QGQ,Attu Heliport,heliport,GL,Attu,67.940663, -53.62187
UAK,Narsarsuaq Airport,medium_airport,GL,Narsarsuaq,61.1605, -45.425999
JCH,Qasigiannguit Heliport,heliport,GL,Qasigiannguit,68.822816, -51.173447
CNP,Neerlerit Inaat Airport,small_airport,GL,Neerlerit Inaat,70.743103, -22.650499
QFG,Eqalugaarsuit Heliport,heliport,GL,Eqalugaarsuit,60.61972, -45.914062
GOH,Nuuk Airport,medium_airport,GL,Nuuk,64.193022, -51.676512
JGO,Qeqertarsuaq Heliport,heliport,GL,Qeqertarsuaq,69.251182, -53.514876
IKE,Ikerasak Heliport,heliport,GL,Ikerasak,70.498145, -51.303084
QFI,Iginniarfik Heliport,heliport,GL,Iginniarfik,68.147226, -53.173528
QRY,Ikerassaarsuk Heliport,heliport,GL,Ikerassaarsuk,68.140881, -53.441459
XIQ,Ilimanaq Heliport,heliport,GL,Ilimanaq,69.080915, -51.114315
IUI,Innarsuit Heliport,heliport,GL,Innarsuit,73.199895, -56.010817
IOQ,Isortoq Heliport,heliport,GL,Isortoq,65.547792, -38.976552
QJI,Ikamiut Heliport,heliport,GL,Ikamiut,68.634253, -51.832262
JJU,Qaqortoq Heliport,heliport,GL,Qaqortoq,60.715684, -46.029919
JAV,Ilulissat Airport,small_airport,GL,Ilulissat,69.243202, -51.057098
QPW,Kangaatsiaq Heliport,heliport,GL,Kangaatsiaq,68.312657, -53.460208
KUS,Kulusuk Airport,medium_airport,GL,Kulusuk,65.573601, -37.1236
KUZ,Kuummiut Heliport,heliport,GL,Kuummiut,65.863935, -36.997919
KHQ,Kullorsuaq Heliport,heliport,GL,Kullorsuaq,74.57805, -57.226828
KGQ,Kangersuatsiaq Heliport,heliport,GL,Kangersuatsiaq,72.381092, -55.536586
QJE,Kitsissuarsuit Heliport,heliport,GL,Kitsissuarsuit,68.857926, -53.123295
IOT,Illorsuit Heliport,heliport,GL,Illorsuit,71.241944, -53.562877
JSU,Maniitsoq Airport,small_airport,GL,Maniitsoq,65.412498, -52.9394
JNN,Nanortalik Heliport,heliport,GL,Nanortalik,60.141884, -45.232977
JUU,Nuugaatsiaq Heliport,heliport,GL,Nuugaatsiaq,71.538769, -53.205038
JNS,Narsaq Heliport,heliport,GL,Narsaq,60.917283, -46.059923
NIQ,Niaqornat Heliport,heliport,GL,Niaqornat,70.789385, -53.662945
NSQ,Nuussuaq Heliport,heliport,GL,Nuussuaq,74.109853, -57.065037
JFR,Paamiut Airport,small_airport,GL,Paamiut,62.014736, -49.670937
PQT,Qeqertaq Heliport,heliport,GL,Qeqertaq,69.995861, -51.300917
NAQ,Qaanaaq Airport,small_airport,GL,Qaanaaq,77.488602, -69.388702
OBY,Ittoqqortoormiit Heliport,heliport,GL,Ittoqqortoormiit,70.488229, -21.97168
SFJ,Kangerlussuaq Airport,medium_airport,GL,Kangerlussuaq,67.010446, -50.715294
SRK,Siorapaluk Heliport,heliport,GL,Siorapaluk,77.786517, -70.638657
QOQ,Saarloq Heliport,heliport,GL,Saarloq,60.537778, -46.024722
JHS,Sisimiut Airport,medium_airport,GL,Sisimiut,66.951302, -53.729301
SAE,Saattut Heliport,heliport,GL,Saattut,70.811172, -51.63129
SVR,Savissivik Heliport,heliport,GL,Savissivik,76.018613, -65.117683
TQA,Tasiusaq Heliport,heliport,GL,Tasiusaq,73.373055, -56.06028
THU,Thule Air Base,medium_airport,GL,Pituffik,76.531197, -68.703201
TQI,Tiniteqilaaq Heliport,heliport,GL,Tiniteqilaaq,65.892027, -37.783409
JUV,Upernavik Airport,small_airport,GL,Upernavik,72.790199, -56.1306
UMD,Uummannaq Heliport,heliport,GL,Uummannaq,70.680428, -52.11163
JQA,Qaarsut Airport,small_airport,GL,Uummannaq,70.7342, -52.696201
JUK,Ukkusissat Heliport,heliport,GL,Ukkusissat,71.049438, -51.890016
BHL,Bahía de los Ángeles Airport,small_airport,MX,Ensenada,28.9786, -113.560997
BHT,Brighton Downs Airport,small_airport,AU,,-23.3638888889, 141.562777778
AEY,Akureyri Airport,medium_airport,IS,Akureyri,65.66000366210938, -18.07270050048828
BIU,Bildudalur Airport,small_airport,IS,Bildudalur,65.64129638671875, -23.546199798583984
BGJ,Borgarfjörður eystri Airport,small_airport,IS,Borgarfjörður eystri,65.516769, -13.81578
BJD,Bakkafjörður Airport,small_airport,IS,Bakkafjörður,66.02189636230469, -14.824399948120117
BLO,Hjaltabakki Airport,small_airport,IS,Blönduós,65.6449966430664, -20.287500381469727
BQD,Búðardalur Airport,small_airport,IS,Búðardalur,65.07530212402344, -21.80030059814453
BXV,Breiðdalsvík Airport,small_airport,IS,Breiðdalsvík,64.790037, -14.043927
DJU,Djúpivogur Airport,small_airport,IS,Djúpivogur,64.642372, -14.277297
EGS,Egilsstaðir Airport,medium_airport,IS,Egilsstaðir,65.2833023071289, -14.401399612426758
FAS,Fáskrúðsfjörður Airport,small_airport,IS,Fáskrúðsfjörður,64.931456, -14.047957
FAG,Fagurhólsmýri Airport,small_airport,IS,Fagurhólsmýri,63.874698638916016, -16.64109992980957
GUU,Grundarfjörður Airport,small_airport,IS,Grundarfjörður,64.99140167236328, -23.224700927734375
GJR,Gjögur Airport,small_airport,IS,Gjögur,65.99530029296875, -21.326900482177734
GRY,Grímsey Airport,small_airport,IS,Grímsey,66.5458, -18.0173
HVK,Hólmavík Airport,small_airport,IS,Hólmavík,65.70469665527344, -21.696399688720703
HFN,Hornafjörður Airport,medium_airport,IS,Höfn,64.295601, -15.2272
FLI,Holt Airport,small_airport,IS,Flateyri,66.0141804294, -23.4416913986
HZK,Húsavík Airport,medium_airport,IS,Húsavík,65.952301, -17.426001
HVM,Krókstaðarmelar Airport,small_airport,IS,Hvammstangi,65.26640319824219, -20.846900939941406
HLO,Ingjaldssanður Airport,small_airport,IS,Onundarfjörður,66.05000305175781, -23.69610023498535
IFJ,Ísafjörður Airport,medium_airport,IS,Ísafjörður,66.05809783935547, -23.135299682617188
KEF,Keflavik International Airport,large_airport,IS,Reykjavík,63.985001, -22.6056
OPA,Kópasker Airport,small_airport,IS,Kópasker,66.31079864501953, -16.466699600219727
SAK,Sauðárkrókur Airport,small_airport,IS,Sauðárkrókur,65.73169708249999, -19.572799682599996
NOR,Norðfjörður Airport,small_airport,IS,Norðfjörður,65.13189697265625, -13.746399879455566
OFJ,Ólafsfjörður Airport,small_airport,IS,Ólafsfjörður,66.08329772949219, -18.66670036315918
PFJ,Patreksfjörður Airport,small_airport,IS,Patreksfjörður,65.555801, -23.965
RHA,Reykhólar Airport,small_airport,IS,Reykhólar,65.45262908935547, -22.20611572265625
OLI,Rif Airport,small_airport,IS,Rif,64.9113998413, -23.8230991364
RFN,Raufarhöfn Airport,small_airport,IS,Raufarhöfn,66.40640258789062, -15.918299674987793
RKV,Reykjavik Airport,medium_airport,IS,Reykjavik,64.1299972534, -21.9405994415
MVA,Reykjahlíð Airport,small_airport,IS,Myvatn,65.65579986572266, -16.918100357055664
SIJ,Siglufjörður Airport,medium_airport,IS,Siglufjörður,66.137847, -18.908157
SYK,Stykkishólmur Airport,small_airport,IS,Stykkishólmur,65.05809783935547, -22.794200897216797
TEY,Þingeyri Airport,small_airport,IS,Þingeyri,65.87030029296875, -23.559999465942383
THO,Þórshöfn Airport,small_airport,IS,Þórshöfn,66.218498, -15.3356
VEY,Vestmannaeyjar Airport,medium_airport,IS,Vestmannaeyjar,63.42430114746094, -20.278900146484375
VPN,Vopnafjörður Airport,small_airport,IS,Vopnafjörður,65.72059631347656, -14.850600242614746
BJE,Baleela Airport,small_airport,SD,Baleela Base Camp,11.199444444400001, 28.5230555556
BJQ,Bahja Airport,small_airport,OM,Bahja,19.8730555556, 56.067777777799996
BJT,Bentota River Waterdrome,seaplane_base,LK,Bentota,6.431, 79.996
PRN,Priština Adem Jashari International Airport,medium_airport,XK,Prishtina,42.5728, 21.035801
BMH,Bomai Airport,small_airport,PG,Bomai,-6.37316666667, 144.637
BMQ,Bamburi Airport,small_airport,KE,Bamburi,-3.983363, 39.730982
BMZ,Bamu Airport,small_airport,PG,Bamu,-7.8485, 143.2433
BNF,Baranof Warm Springs Float and Seaplane Base,seaplane_base,US,Baranof,57.088799, -134.833146
BNM,Bodinumu Airport,small_airport,PG,Bodinumu,-9.107777777779999, 147.666722222
BNT,Bundi Airport,small_airport,PG,Bundi,-5.742222222220001, 145.2275
RBQ,Rurrenabaque Airport,small_airport,BO,Rurrenabaque,-14.4279, -67.496803
BVL,Baures Airport,small_airport,BO,Baures,-13.583333015400001, -63.5833320618
BOF,Bolling Air Force Base,heliport,US,Washington,38.854049, -77.012046
BOK,Brookings Airport,small_airport,US,Brookings,42.0746, -124.290001
BOT,Bosset Airport,small_airport,PG,Bosset,-7.237257, 141.1063222
BOV,Boang Airport,small_airport,PG,Boang Island,-3.3834, 153.2812
BPF,Batuna Aerodrome,small_airport,SB,Batuna Mission Station,-8.56202777778, 158.119305556
BQV,Bartlett Cove Seaplane Base,seaplane_base,US,Gustavus,58.4552001953, -135.884994507
CJZ,Pedro Vieira Moreira Airport,small_airport,BR,Cajazeiras,-6.8827, -38.61583
VDC,Glauber de Andrade Rocha Airport,medium_airport,BR,Vitória da Conquista,-14.907885, -40.914804
ALT,Alenquer Municipal Airport,small_airport,BR,Alenquer,-1.917, -54.7231
NSB,Bimini North Seaplane Base,seaplane_base,BS,Bimini,25.767000198364258, -79.25
BSP,Bensbach Airport,small_airport,PG,Bensbach,-8.85805555556, 141.259444444
BSV,Besakoa Airport,small_airport,MG,Besakoa,-15.6725, 47.061667
BTZ,Betong International Airport,medium_airport,TH,Betong,5.79, 101.15
BUL,Bulolo Airport,small_airport,PG,Bulolo,-7.216286671410001, 146.649541855
BVR,Esperadinha Airport,small_airport,CV,Brava Island,14.864306, -24.746
HUK,Hukuntsi Airport,small_airport,BW,Hukuntsi,-23.9897, 21.758101
BWJ,Bawan Airport,small_airport,PG,,-6.396944444440001, 146.881666667
BWP,Bewani Airport,small_airport,PG,Bewani,-3.0216666666700003, 141.165277778
BXL,Blue Lagoon Seaplane Base,seaplane_base,FJ,Nanuya Lailai Island,-16.943, 177.368
BXZ,Bunsil Airport,small_airport,PG,Bunsil - Umboi Island,-5.7243, 147.8667
TXC,Orsha Airport - Balbasovo Air Base,medium_airport,BY,Orsha,54.439999, 30.2967
BYA,Boundary Airport,small_airport,US,Boundary,64.0783004761, -141.113006592
BYL,Bella Yella Airport,small_airport,LR,Beliyela,7.36916666667, -9.99372222222
BYV,Beira Lake Seaplane Base,seaplane_base,LK,Colombo,6.9294444444400005, 79.85416666670001
BCV,Hector Silva Airstrip,small_airport,BZ,Belmopan,17.269603, -88.776496
BGK,Big Creek Airport,medium_airport,BZ,Big Creek,16.519369, -88.407913
CUK,Caye Caulker Airport,medium_airport,BZ,Caye Caulker,17.735015, -88.032862
CYC,Caye Chapel Airport,medium_airport,BZ,Caye Chapel,17.683792, -88.044985
CZH,Corozal Municipal Airport,medium_airport,BZ,Corozal,18.3822, -88.411903
DGA,Dangriga Airport,medium_airport,BZ,Dangriga,16.98251, -88.230988
INB,Independence Airport,small_airport,BZ,Independence,16.53456, -88.441615
MDB,Melinda Airport,small_airport,BZ,Melinda,17.0042991638, -88.30419921880001
ORZ,Orange Walk Airport,small_airport,BZ,Orange Walk,18.0467662811, -88.58386993410001
PLJ,Placencia Airport,medium_airport,BZ,Placencia,16.536957, -88.361511
PND,Punta Gorda Airport,medium_airport,BZ,Punta Gorda,16.1024, -88.808296
SJX,Sartaneja Airport,medium_airport,BZ,Sartaneja,18.3561, -88.130798
SPR,John Greif II Airport,medium_airport,BZ,San Pedro,17.9139, -87.9711
SQS,Matthew Spain Airport,small_airport,BZ,Spanish Lookout,17.185898, -89.009936
STU,Santa Cruz Airport,small_airport,BZ,Santa Cruz,18.2721004486084, -88.456298828125
SVK,Silver Creek Airport,small_airport,BZ,Silver Creek,16.728338, -88.369174
TZA,Sir Barry Bowen Municipal Airport,medium_airport,BZ,Belize City,17.517239, -88.195775
BZB,Bazaruto Island Airport,medium_airport,MZ,Bazaruto Island,-21.5411, 35.4729
BZM,Bemolanga Airport,small_airport,MG,Bemolanga,-17.6925, 45.0888333333
YSV,Saglek Airport,small_airport,CA,Saglek,58.474312, -62.653999
YRR,Stuart Island Airstrip,small_airport,CA,Big Bay,50.4094474336, -125.131616592
YMV,Mary River Aerodrome,small_airport,CA,Mary River,71.324167, -79.356944
YHC,Hakai Passage Water Aerodrome,seaplane_base,CA,Hecate Island,51.669733, -128.08181
PYS,Paradise Skypark Airport,small_airport,US,Paradise,39.71029, -121.616528
YBW,Bedwell Harbour Seaplane Base,seaplane_base,CA,Bedwell Harbour,48.75, -123.233001709
YTP,Tofino Harbour Seaplane Base,seaplane_base,CA,Tofino Harbour,49.155, -125.91
ZNA,Nanaimo Harbour Water Airport,seaplane_base,CA,Nanaimo,49.169813, -123.933845
YZZ,Trail Airport,small_airport,CA,Trail,49.055599, -117.609001
YMB,Merritt Airport,small_airport,CA,Merritt,50.122798919699996, -120.747001648
YHH,Campbell River Seaplane Base,seaplane_base,CA,Campbell River,50.049999, -125.25
YWS,Whistler/Green Lake Water Aerodrome,seaplane_base,CA,Whistler,50.1436004639, -122.948997498
YBF,Bamfield Seaplane Base,seaplane_base,CA,Bamfield,48.8333015442, -125.133003235
YIG,Big Bay Seaplane Base,seaplane_base,CA,Stuart Island,50.3923, -125.1372
CJH,Chilko Lake (Tsylos Park Lodge) Airport,small_airport,CA,Chilko Lake,51.625797, -124.144478
YPT,Pender Harbour Seaplane Base,seaplane_base,CA,Sunshine Coast,49.623785, -124.024884
ZOF,Ocean Falls Seaplane Base,seaplane_base,CA,Ocean Falls,52.3666992188, -127.717002869
YCA,Courtenay Airpark,small_airport,CA,Courtenay,49.679237, -124.98064
CFQ,Creston Valley Regional Airport - Art Sutcliffe Field,small_airport,CA,Creston,49.03689956665, -116.49800109863
YAA,Anahim Lake Airport,medium_airport,CA,Anahim Lake,52.451501, -125.303776
DGF,Douglas Lake Airport,small_airport,CA,Douglas Lake,50.1654600485, -120.171273351
JHL,Fort MacKay/Albian Aerodrome,small_airport,CA,Albian Village,57.223899841299996, -111.418998718
ZTS,Tahsis Seaplane Base,seaplane_base,CA,Tahsis,49.916698455799995, -126.666999817
DUQ,Duncan Airport,small_airport,CA,Duncan,48.754534, -123.709702
YHS,Sechelt-Gibsons Airport,small_airport,CA,Sechelt,49.460601806599996, -123.71900177
YKK,Kitkatla Seaplane Base,seaplane_base,CA,Kitkatla,53.7999992371, -130.432998657
ZQS,Queen Charlotte City Seaplane Base,seaplane_base,CA,,53.25282, -132.074214
WPL,Powell Lake Seaplane Base,seaplane_base,CA,,49.8833007812, -124.532997131
XQU,Qualicum Beach Airport,small_airport,CA,Qualicum Beach,49.3372, -124.393997
YMP,Port McNeill Airport,small_airport,CA,Port McNeill,50.5756, -127.028999
YRN,Rivers Inlet Seaplane Base,seaplane_base,CA,Rivers Inlet,51.683985, -127.264044
YTG,Sullivan Bay Seaplane Base,seaplane_base,CA,Sullivan Bay,50.885359, -126.831069
YMU,Mansons Landing Seaplane Base,seaplane_base,CA,,50.07137, -124.98362
YSX,Bella Bella/Shearwater Seaplane Base,seaplane_base,CA,Bella Bella,52.150002, -128.08299
YGG,Ganges Seaplane Base,seaplane_base,CA,Salt Spring Island,48.8545, -123.4969
YTB,Hartley Bay Seaplane Base,seaplane_base,CA,Hartley Bay,53.416698, -129.25
YZA,Cache Creek-Ashcroft Regional Airport,medium_airport,CA,Cache Creek,50.775258, -121.321314
ZEL,Bella Bella (Campbell Island) Airport,medium_airport,CA,Bella Bella,52.185001, -128.156994
CBC,Cherrabun Airport,small_airport,AU,,-18.917777777800005, 125.537777778
YPB,Alberni Valley Regional Airport,small_airport,CA,Port Alberni,49.321899, -124.931
YBO,Bob Quinn Lake Airport,small_airport,CA,Bob Quinn Lake,56.966702, -130.25
TNS,Tungsten (Cantung) Airport,small_airport,CA,Tungsten,61.956901550293, -128.20300292969
TUX,Tumbler Ridge Airport,small_airport,CA,Tumbler Ridge,55.025001525879, -120.93499755859
YWM,Williams Harbour Airport,small_airport,CA,Williams Harbour,52.567377, -55.784883
YSO,Postville Airport,small_airport,CA,Postville,54.9105, -59.78507
YBI,Black Tickle Airport,small_airport,CA,Black Tickle,53.469836, -55.787501
YHG,Charlottetown Airport,small_airport,CA,Charlottetown,52.765774, -56.11237
YFX,St. Lewis (Fox Harbour) Airport,small_airport,CA,St. Lewis,52.372799, -55.673901
YHA,Port Hope Simpson Airport,small_airport,CA,Port Hope Simpson,52.528099060058594, -56.28609848022461
YRG,Rigolet Airport,small_airport,CA,Rigolet,54.1796989440918, -58.45750045776367
DVK,Diavik Airport,small_airport,CA,Diavik,64.5113983154, -110.289001465
JOJ,Doris Lake,small_airport,CA,Hope Bay,68.1252746582, -106.585281372
ZFW,Fairview Airport,small_airport,CA,Fairview,56.081401825, -118.434997559
YJP,Jasper-Hinton Airport,small_airport,CA,Hinton,53.319199, -117.752998
YLE,Whatì Airport,small_airport,CA,Whatì,63.13169860839844, -117.24600219726562
YDC,Drayton Valley Industrial Airport,small_airport,CA,Drayton Valley,53.265800476074, -114.95999908447
NML,Fort McMurray / Mildred Lake Airport,small_airport,CA,Fort McMurray,57.0555992126, -111.573997498
CFM,Conklin (Leismer) Airport,small_airport,CA,Conklin,55.695301, -111.278999
ZSP,St. Paul Airport,small_airport,CA,St. Paul,53.9933013916, -111.379997253
KWD,Kavadja Airport,small_airport,CF,Kavadja,7.964938, 23.526018
GSL,Taltheilei Narrows Airport,small_airport,CA,Taltheilei Narrows,62.5980987549, -111.542999268
XMP,Macmillan Pass Airport,small_airport,CA,Macmillan Pass,63.181098938, -130.20199585
DAS,Great Bear Lake Airport,small_airport,CA,Great Bear Lake,66.7031021118, -119.707000732
YFI,Fort Mackay / Firebag,small_airport,CA,Suncor Energy Site,57.275833, -110.976666
YFJ,Wekweètì Airport,small_airport,CA,Wekweètì,64.190804, -114.077002
YOE,Donnelly Airport,small_airport,CA,Donnelly,55.7094, -117.094002
TIL,Cheadle Airport,small_airport,CA,Cheadle,51.057498931885, -113.62400054932
OKG,Okoyo Airport,small_airport,CG,Okoyo,-1.4483300447464, 15.073300361633
CGA,Craig Seaplane Base,seaplane_base,US,Craig,55.47880172729492, -133.1479949951172
CGC,Cape Gloucester Airport,small_airport,PG,Cape Gloucester,-5.458965, 148.432417
CGG,Casiguran Airport,small_airport,PH,Casiguran,16.1941, 122.0651
GHK,Gahcho Kue,small_airport,CA,,63.435198, -109.144812
CHP,Circle Hot Springs Airport,small_airport,US,Circle Hot Springs,65.485496521, -144.610992432
CIV,Chomley Seaplane Base,seaplane_base,US,Chomley,55.217, -132.21
LRQ,Laurie River Airport,small_airport,CA,Laurie River,56.2486000061, -101.304000854
YDJ,Hatchet Lake Airport,small_airport,CA,Hatchet Lake,58.662498474121, -103.53800201416
YDU,Kasba Lake Airport,small_airport,CA,Kasba Lake,60.291900634766, -102.50199890137
YFL,Fort Reliance Seaplane Base,seaplane_base,CA,Fort Reliance,62.7, -109.167
XCL,Cluff Lake Airport,small_airport,CA,Cluff Lake,58.3911018372, -109.51599884
YKE,Knee Lake Airport,small_airport,CA,Knee Lake,54.915298, -94.798103
SUR,Summer Beaver Airport,small_airport,CA,Summer Beaver,52.70859909057617, -88.54190063476562
CKD,Crooked Creek Airport,small_airport,US,Crooked Creek,61.8679008484, -158.134994507
YTT,Tisdale Airport,small_airport,CA,Tisdale,52.836700439453, -104.06700134277
YAX,Wapekeka Airport,small_airport,CA,Angling Lake,53.84920120239258, -89.57939910888672
WNN,Wunnumin Lake Airport,small_airport,CA,Wunnumin Lake,52.89390182495117, -89.28919982910156
YBS,Opapimiskan Lake Airport,small_airport,CA,Opapimiskan Lake,52.6067008972, -90.3768997192
YNO,North Spirit Lake Airport,small_airport,CA,North Spirit Lake,52.4900016784668, -92.97109985351562
CKR,Crane Island Airstrip,small_airport,US,Crane Island,48.5978, -122.9979
CKU,Cordova Municipal Airport,small_airport,US,Cordova,60.5438995361, -145.727005005
YDW,North of Sixty Airport,small_airport,CA,Obre Lake,60.316398620605, -103.12899780273
CKX,Chicken Airport,small_airport,US,Chicken,64.0712966919, -141.95199585
WCH,Nuevo Chaitén Airport,medium_airport,CL,Chaitén,-42.781943, -72.834999
CMT,New Cametá Airport,small_airport,BR,Cametá,-2.2468, -49.56
CMZ,Caia Airport,small_airport,MZ,Caia,-17.8331, 35.3341
TVS,Tangshan Sannühe Airport,small_airport,CN,Tangshan,39.7178001404, 118.002624512
YUA,Yuanmou Air Base,medium_airport,CN,Chuxiong (Yuanmou),25.737499, 101.882004
ZQZ,Zhangjiakou Ningyuan Airport,medium_airport,CN,Zhangjiakou,40.738602, 114.93
BSD,Baoshan Yunrui Airport,medium_airport,CN,Baoshan (Longyang),25.053301, 99.168297
DZU,Dazu Air Base,small_airport,CN,Dazu,29.636227, 105.773621
LNJ,Lincang Boshang Airport,medium_airport,CN,Lincang,23.7381, 100.025002
RKZ,Xigaze Peace Airport / Shigatse Air Base,medium_airport,CN,Xigazê (Samzhubzê),29.3519, 89.311401
PZI,Panzhihua Bao'anying Airport,medium_airport,CN,Panzhihua (Renhe),26.54, 101.79852
ZKL,Zigong Fengming Airport,small_airport,CN,Zigong (Gongjing),29.376484, 104.625789
FUO,Foshan Shadi Airport,medium_airport,CN,Foshan (Nanhai),23.0833, 113.07
BZX,Bazhong Enyang Airport,small_airport,CN,Bazhong (Enyang),31.73842, 106.644872
XAI,Xinyang Minggang Airport,medium_airport,CN,Xinyang,32.540819, 114.079141
HUZ,Huizhou Pingtan Airport,medium_airport,CN,Huizhou (Pingtan),23.049999, 114.599998
DFA,Shangluo Airport,small_airport,CN,Shangluo (Danfeng),33.708533, 110.249284
HSC,Shaoguan Danxia Airport,medium_airport,CN,Shaoguan,24.9786, 113.420998
JGS,Jinggangshan Airport,medium_airport,CN,Ji'an,26.856899, 114.737
AEB,Baise Youjiang Airport,medium_airport,CN,Baise (Tianyang),23.7206, 106.959999
LYG,Lianyungang Huaguoshan International Airport,medium_airport,CN,Lianyungang,34.41406, 119.17899
DOY,Dongying Shengli Airport,medium_airport,CN,Dongying,37.5085983276, 118.788002014
XEN,Xingcheng Air Base,medium_airport,CN,"Xingcheng, Huludao",40.580328, 120.700374
AAT,Altay Xuedu Airport,medium_airport,CN,Altay,47.749886, 88.085808
THQ,Tianshui Maijishan Airport,medium_airport,CN,Tianshui (Maiji),34.559399, 105.860001
YZY,Zhangye Ganzhou Airport,small_airport,CN,Zhangye (Ganzhou),38.801899, 100.675003
DWS,Morin Dawa Banner Airport,small_airport,CN,Hulunbuir,48.38745, 124.43127
LCT,Shijiazhuang Luancheng Airport,small_airport,CN,Shijiazhuang,37.91305, 114.59166
WHN,Wuhan Hannan Municipal Airport,medium_airport,CN,Wuhan (Hannan),30.25521, 114.062805
NAY,Beijing Nanjiao Airport,medium_airport,CN,Beijing,39.48595, 116.37236
DDG,Dandong Langtou Airport,medium_airport,CN,"Zhenxing, Dandong",40.0247, 124.286003
PNJ,Penglai Shahekou Airport,small_airport,CN,Yantai,37.80473, 120.80954
CBZ,Binzhou Daguo Airport,small_airport,CN,Binzhou,37.61055, 117.885699
DDR,Xigaze Dingri Airport,medium_airport,CN,Xigazê (Dingri),28.604567, 86.798
HQL,Tashikuergan Hongqilafu Airport,medium_airport,CN,Tashikuergan,37.661333, 75.288877
JDE,Jiande Qiandaohu General Airport,small_airport,CN,Hangzhou,29.360905, 119.180829
HLJ,Zhaodong Beidahuang General Airport,small_airport,CN,Suihua,46.12779, 125.77354
TYC,Taiyuan Yaocheng Airport,small_airport,CN,Taiyuan,37.50312, 112.424126
ZHA,Zhanjiang Wuchuan Airport,medium_airport,CN,Zhanjiang,21.481667, 110.590278
ZFL,Zhaosu Tianma Airport,small_airport,CN,Zhaosu,43.1075, 81.160556
YEH,Yinchuan Yueyahu Airport,small_airport,CN,Yinchuan,38.588095, 106.539788
LFH,Lanping Fenghua General Airport,small_airport,CN,Lanping Bai,26.64518, 99.54419
NTG,Nantong Xingdong International Airport,medium_airport,CN,Nantong,32.070801, 120.975998
XBE,Bearskin Lake Airport,small_airport,CA,Bearskin Lake,53.965599060058594, -91.0271987915039
YNP,Natuashish Airport,small_airport,CA,Natuashish,55.913898, -61.184399
YWR,White River Seaplane Base,seaplane_base,CA,White River,48.6269, -85.223297
YPD,Parry Sound Area Municipal Airport,small_airport,CA,Parry Sound,45.2575, -79.829697
XBR,Brockville - Thousand Islands Regional Tackaberry Airport,small_airport,CA,Brockville,44.6394004822, -75.7502975464
KIF,Kingfisher Lake Airport,small_airport,CA,Kingfisher Lake,53.01250076293945, -89.85530090332031
YOG,Ogoki Post Airport,small_airport,CA,Ogoki Post,51.6585998535, -85.9017028809
LCR,La Chorrera Airport,small_airport,CO,La Chorrera,-0.733333, -73.01667
SNT,Las Cruces Airport,small_airport,CO,Sabana De Torres,7.38322, -73.505402
TCD,Tarapacá Airport,small_airport,CO,Tarapacá,-2.895802, -69.749762
YEB,Bar River Airport,small_airport,CA,Bar River,46.42029953, -84.0922012329
CPI,Cape Orford Airport,small_airport,PG,,-5.44833333333, 152.081944444
YSI,Parry Sound/Frying Pan Island-Sans Souci Seaplane Base,seaplane_base,CA,Frying Pan Island,45.173302, -80.137497
YHP,Poplar Hill Airport,small_airport,CA,Poplar Hill,52.1133, -94.2556
KEW,Keewaywin Airport,small_airport,CA,Keewaywin,52.9911, -92.836403
XVQ,Reef Hueston Helicopter Landing,heliport,CA,Streatham,53.823101, -126.172228
KFM,Kirby Lake Airport,small_airport,CA,Kirby Lake,55.355598, -110.637001
YSA,Sable Island Landing Strip,small_airport,CA,Sable Island,43.930951, -59.996147
YLS,Lebel-sur-Quevillon Airport,small_airport,CA,Lebel-sur-Quévillon,49.0303001404, -77.0171966553
YNX,Snap Lake Airport,small_airport,CA,Snap Lake Mine,63.593601, -110.905998
SSQ,La Sarre Airport,small_airport,CA,La Sarre,48.917198181152, -79.178596496582
YKU,Chisasibi Airport,small_airport,CA,Chisasibi,53.805599212646484, -78.91690063476562
EHT,Rentschler Heliport,heliport,US,East Hartford,41.7517, -72.6253
ZTB,Tête-à-la-Baleine Airport,small_airport,CA,Tête-à-la-Baleine,50.674400329589844, -59.38359832763672
ZKG,Kegaska Airport,small_airport,CA,Kegaska,50.1958007812, -61.265800476100004
YWQ,Chute-Des-Passes/Lac Margane Seaplane Base,seaplane_base,CA,Chutes-des-Passes,49.9434, -71.138
CTP,Carutapera Airport,small_airport,BR,Carutapera,-1.225365, -46.019057
YAU,Donaldson Airport,small_airport,CA,Kattiniq,61.6622009277, -73.3214035034
TR7,Ottawa / Rockcliffe Seaplane Base,seaplane_base,CA,Ottawa,45.463832946100005, -75.64254283910002
ZGS,La Romaine Airport,small_airport,CA,La Romaine,50.259701, -60.679401
YFG,Fontanges Airport,small_airport,CA,Fontanges,54.553901672363, -71.173301696777
ZLT,La Tabatière Airport,small_airport,CA,La Tabatière,50.8307991027832, -58.97560119628906
CUJ,Culion Airport,small_airport,PH,Culion,11.8553, 119.9378
HLI,Hollister Municipal Airport,small_airport,US,Hollister,36.8932991028, -121.410003662
CVL,Cape Vogel Airport,small_airport,PG,,-9.67, 150.019722222
CXC,Chitina Airport,small_airport,US,Chitina,61.582901001, -144.427001953
GEC,Lefkoniko Airport / Geçitkale Air Base,medium_airport,CY,Lefkoniko (Geçitkale),35.23591, 33.720088
YAB,Arctic Bay Airport,small_airport,CA,Arctic Bay,73.006101, -85.04616
YAC,Cat Lake Airport,medium_airport,CA,Cat Lake,51.72719955444336, -91.82440185546875
YAR,La Grande-3 Airport,small_airport,CA,La Grande-3,53.5717010498, -76.19640350339999
YAG,Fort Frances Municipal Airport,medium_airport,CA,Fort Frances,48.655749, -93.44349
YAH,La Grande-4 Airport,medium_airport,CA,La Grande-4,53.754699707, -73.6753005981
YAL,Alert Bay Airport,medium_airport,CA,Alert Bay,50.582199, -126.916
YAM,Sault Ste Marie Airport,medium_airport,CA,Sault Ste Marie,46.485001, -84.509399
XKS,Kasabonika Airport,medium_airport,CA,Kasabonika,53.52470016479492, -88.6427993774414
YKG,Kangirsuk Airport,medium_airport,CA,Kangirsuk,60.027198791503906, -69.99919891357422
YAT,Attawapiskat Airport,medium_airport,CA,Attawapiskat,52.9275016784668, -82.43190002441406
YAY,St. Anthony Airport,medium_airport,CA,St. Anthony,51.391909, -56.08321
YAZ,Tofino / Long Beach Airport,medium_airport,CA,Tofino,49.079833, -125.775583
YBA,Banff Airport,small_airport,CA,Banff,51.208222, -115.540624
YBB,Kugaaruk Airport,medium_airport,CA,Kugaaruk,68.534401, -89.808098
YBC,Baie-Comeau Airport,medium_airport,CA,Baie-Comeau,49.1325, -68.204399
QBC,Bella Coola Airport,medium_airport,CA,Bella Coola,52.387501, -126.596001
YBE,Uranium City Airport,medium_airport,CA,Uranium City,59.5614013671875, -108.48100280761719
YBY,Bonnyville Airport,medium_airport,CA,Bonnyville,54.304199, -110.744003
YBG,CFB Bagotville,medium_airport,CA,Bagotville,48.33060073852539, -70.99639892578125
YBK,Baker Lake Airport,medium_airport,CA,Baker Lake,64.29889678960001, -96.077796936
YBL,Campbell River Airport,medium_airport,CA,Campbell River,49.950802, -125.271004
XTL,Tadoule Lake Airport,medium_airport,CA,Tadoule Lake,58.7061, -98.512199
YBR,Brandon Municipal Airport,medium_airport,CA,Brandon,49.91, -99.951897
YBT,Brochet Airport,medium_airport,CA,Brochet,57.8894, -101.679001
YBV,Berens River Airport,medium_airport,CA,Berens River,52.358898, -97.018303
YBX,Lourdes-de-Blanc-Sablon Airport,medium_airport,CA,Blanc-Sablon,51.4436, -57.185299
YRF,Cartwright Airport,medium_airport,CA,Cartwright,53.682501, -57.042303
YCB,Cambridge Bay Airport,medium_airport,CA,Cambridge Bay,69.1081008911, -105.138000488
YCC,Cornwall Regional Airport,medium_airport,CA,Cornwall,45.092637, -74.567724
YCD,Nanaimo Airport,medium_airport,CA,Nanaimo,49.05497, -123.869863
YCE,Centralia / James T. Field Memorial Aerodrome,medium_airport,CA,Huron Park,43.285599, -81.508301
YCG,Castlegar/West Kootenay Regional Airport,medium_airport,CA,Castlegar,49.2963981628, -117.632003784
YCH,Miramichi Airport,medium_airport,CA,Miramichi,47.007801, -65.449203
XCM,Chatham Kent Airport,small_airport,CA,Chatham-Kent,42.3064002991, -82.0819015503
YCL,Charlo Airport,medium_airport,CA,Charlo,47.990799, -66.330299
YCN,Cochrane Airport,medium_airport,CA,Cochrane,49.10559844970703, -81.01360321044922
YCO,Kugluktuk Airport,medium_airport,CA,Kugluktuk,67.816704, -115.143997
YCQ,Chetwynd Airport,medium_airport,CA,Chetwynd,55.687198638916016, -121.62699890136719
YCR,Cross Lake (Charlie Sinclair Memorial) Airport,medium_airport,CA,Cross Lake,54.610599517822266, -97.76080322265625
YCS,Chesterfield Inlet Airport,medium_airport,CA,Chesterfield Inlet,63.346900939899996, -90.73110198970001
YCT,Coronation Airport,small_airport,CA,Coronation,52.0750007629, -111.444999695
YCW,Chilliwack Airport,small_airport,CA,Chilliwack,49.153157, -121.939309
YCY,Clyde River Airport,medium_airport,CA,Clyde River,70.4860992432, -68.5167007446
YCZ,Fairmont Hot Springs Airport,small_airport,CA,Fairmont Hot Springs,50.331052, -115.873739
YDA,Dawson City Airport,medium_airport,CA,Dawson City,64.04309844970703, -139.1280059814453
YDB,Burwash Airport,medium_airport,CA,Burwash Landing,61.371101, -139.041
YDF,Deer Lake Airport,medium_airport,CA,Deer Lake,49.21080017089844, -57.39139938354492
YDL,Dease Lake Airport,small_airport,CA,Dease Lake,58.4221992493, -130.031997681
XRR,Ross River Airport,medium_airport,CA,Ross River,61.9706001282, -132.42300415
YDN,Dauphin Barker Airport,medium_airport,CA,Dauphin,51.100799560546875, -100.052001953125
YDO,Dolbeau St Felicien Airport,medium_airport,CA,Dolbeau-St-Félicien,48.778499603271, -72.375
YDP,Nain Airport,medium_airport,CA,Nain,56.550778, -61.682224
YDQ,Dawson Creek Airport,medium_airport,CA,Dawson Creek,55.7422981262207, -120.18299865722656
YEG,Edmonton International Airport,large_airport,CA,Edmonton,53.3097, -113.580002
YEK,Arviat Airport,medium_airport,CA,Arviat,61.0942001343, -94.07080078119999
YEL,Elliot Lake Municipal Airport,medium_airport,CA,Elliot Lake,46.351398468, -82.5614013672
YEM,Manitoulin East Municipal Airport,medium_airport,CA,Sheguiandah,45.842435, -81.857595
YEN,Estevan Airport,medium_airport,CA,Estevan,49.2103004456, -102.966003418
YER,Fort Severn Airport,medium_airport,CA,Fort Severn,56.01890182495117, -87.67610168457031
YET,Edson Airport,medium_airport,CA,Edson,53.578899383499994, -116.464996338
YEU,Eureka Airport,small_airport,CA,Eureka,79.9946975708, -85.814201355
YEV,Inuvik Mike Zubko Airport,medium_airport,CA,Inuvik,68.30419921880001, -133.483001709
YEY,Amos/Magny Airport,medium_airport,CA,Amos,48.563903, -78.249702
YFA,Fort Albany Airport,medium_airport,CA,Fort Albany,52.20140075683594, -81.6968994140625
YFB,Iqaluit Airport,medium_airport,CA,Iqaluit,63.756402, -68.555801
YFC,Fredericton Airport,medium_airport,CA,Fredericton,45.868900299072266, -66.53720092773438
YFE,Forestville Airport,medium_airport,CA,Forestville,48.74610137939453, -69.09719848632812
YFH,Fort Hope Airport,medium_airport,CA,Fort Hope,51.5619010925293, -87.90779876708984
YTM,Mont-Tremblant International Airport,medium_airport,CA,La Macaza,46.409401, -74.779999
YFO,Flin Flon Airport,medium_airport,CA,Flin Flon,54.6781005859375, -101.68199920654297
YFR,Fort Resolution Airport,medium_airport,CA,Fort Resolution,61.1808013916, -113.690002441
YFS,Fort Simpson Airport,medium_airport,CA,Fort Simpson,61.76020050048828, -121.23699951171875
YMN,Makkovik Airport,medium_airport,CA,Makkovik,55.077335, -59.187942
YGB,Texada Gillies Bay Airport,medium_airport,CA,Texada,49.69419860839844, -124.51799774169922
YGH,Fort Good Hope Airport,medium_airport,CA,Fort Good Hope,66.24079895019531, -128.6510009765625
YGK,Kingston Norman Rogers Airport,medium_airport,CA,Kingston,44.22529983520508, -76.5969009399414
YGL,La Grande Rivière Airport,medium_airport,CA,La Grande Rivière,53.625301361083984, -77.7042007446289
YGM,Gimli Industrial Park Airport,medium_airport,CA,Gimli,50.62810134887695, -97.04329681396484
YGO,Gods Lake Narrows Airport,medium_airport,CA,Gods Lake Narrows,54.55889892578125, -94.49140167236328
YGP,Gaspé (Michel-Pouliot) Airport,medium_airport,CA,Gaspé,48.7752990723, -64.4785995483
YGQ,Geraldton Greenstone Regional Airport,medium_airport,CA,Geraldton,49.77830123901367, -86.93939971923828
YGR,Îles-de-la-Madeleine Airport,medium_airport,CA,Les Îles-de-la-Madeleine,47.425242, -61.778612
YGT,Igloolik Airport,medium_airport,CA,Igloolik,69.3647003174, -81.8161010742
YGV,Havre-Saint-Pierre Airport,medium_airport,CA,Havre-Saint-Pierre,50.281898, -63.611401
YGW,Kuujjuarapik Airport,medium_airport,CA,Kuujjuarapik,55.281898498535156, -77.76529693603516
YGX,Gillam Airport,medium_airport,CA,Gillam,56.35749816894531, -94.71060180664062
YGZ,Grise Fiord Airport,medium_airport,CA,Grise Fiord,76.4261016846, -82.90920257570001
YQC,Quaqtaq Airport,medium_airport,CA,Quaqtaq,61.0463981628418, -69.6177978515625
YHB,Hudson Bay Airport,small_airport,CA,Hudson Bay,52.8166999817, -102.310997009
CXH,Vancouver Harbour Water Aerodrome,seaplane_base,CA,Vancouver,49.291265, -123.11717
YHD,Dryden Regional Airport,medium_airport,CA,Dryden,49.831699, -92.744202
YHE,Hope Airport / FVRD Regional Airpark,medium_airport,CA,Hope,49.368865, -121.49495
YHF,Hearst René Fontaine Municipal Airport,medium_airport,CA,Hearst,49.71419906616211, -83.68609619140625
YNS,Nemiscau Airport,medium_airport,CA,Nemiscau,51.69110107421875, -76.1355972290039
YHI,Ulukhaktok Holman Airport,medium_airport,CA,Ulukhaktok,70.76280212402344, -117.80599975585938
YHK,Gjoa Haven Airport,medium_airport,CA,Gjoa Haven,68.635597229, -95.84970092770001
YHM,John C. Munro Hamilton International Airport,medium_airport,CA,Hamilton,43.173599243199995, -79.93499755859999
YHN,Hornepayne Municipal Airport,medium_airport,CA,Hornepayne,49.19309997558594, -84.75890350341797
YHO,Hopedale Airport,medium_airport,CA,Hopedale,55.448757, -60.228124
YHR,Chevery Airport,medium_airport,CA,Chevery,50.46889877319336, -59.63669967651367
YHT,Haines Junction Airport,medium_airport,CA,Haines Junction,60.7892, -137.546005
YHU,Montréal / Saint-Hubert Airport,medium_airport,CA,Montréal,45.5175018311, -73.4169006348
YHY,Hay River / Merlyn Carter Airport,medium_airport,CA,Hay River,60.8396987915, -115.782997131
YHZ,Halifax / Stanfield International Airport,large_airport,CA,Halifax,44.8807983398, -63.5085983276
YIB,Atikokan Municipal Airport,medium_airport,CA,Atikokan,48.7738990784, -91.6386032104
YDG,Digby / Annapolis Regional Airport,medium_airport,CA,Digby,44.5458450365, -65.7854247093
YIF,St Augustin Airport,medium_airport,CA,St-Augustin,51.2117004395, -58.6582984924
YIK,Ivujivik Airport,medium_airport,CA,Ivujivik,62.417301177978516, -77.92530059814453
YIO,Pond Inlet Airport,medium_airport,CA,Pond Inlet,72.6832962036, -77.9666976929
YIV,Island Lake Airport,medium_airport,CA,Island Lake,53.857200622558594, -94.65360260009766
YJA,Jasper Airport,small_airport,CA,Jasper,52.996418, -118.060233
YJF,Fort Liard Airport,medium_airport,CA,Fort Liard,60.235801696799996, -123.46900177
YJN,St Jean Airport,medium_airport,CA,St Jean,45.29439926147461, -73.28109741210938
YJT,Stephenville Airport,medium_airport,CA,Stephenville,48.5442008972168, -58.54999923706055
YKA,Kamloops John Moose Fulton Field Regional Airport,medium_airport,CA,Kamloops,50.702202, -120.444
YKC,Collins Bay Airport,small_airport,CA,Collins Bay,58.236099243199995, -103.678001404
LAK,Aklavik/Freddie Carmichael Airport,medium_airport,CA,Aklavik,68.223297, -135.00599
YKF,Waterloo Airport,medium_airport,CA,Kitchener,43.460800170899994, -80.3786010742
YWB,Kangiqsujuaq (Wakeham Bay) Airport,medium_airport,CA,Kangiqsujuaq,61.5886001587, -71.929397583
YKJ,Key Lake Airport,medium_airport,CA,Key Lake,57.256099700927734, -105.61799621582031
YKL,Schefferville Airport,medium_airport,CA,Schefferville,54.805301666259766, -66.8052978515625
YKD,Kincardine Municipal Airport,small_airport,CA,Kincardine,44.201401, -81.606697
AKV,Akulivik Airport,medium_airport,CA,Akulivik,60.818599700927734, -78.14859771728516
YKQ,Waskaganish Airport,medium_airport,CA,Waskaganish,51.47330093383789, -78.75830078125
YKX,Kirkland Lake Airport,medium_airport,CA,Kirkland Lake,48.21030044555664, -79.98139953613281
YKY,Kindersley Airport,medium_airport,CA,Kindersley,51.5175018311, -109.180999756
YKZ,Buttonville Municipal Airport,medium_airport,CA,Toronto,43.86220169067383, -79.37000274658203
YPJ,Aupaluk Airport,medium_airport,CA,Aupaluk,59.29669952392578, -69.59970092773438
YLB,Lac La Biche Airport,small_airport,CA,Lac La Biche,54.7703018188, -112.031997681
YLC,Kimmirut Airport,medium_airport,CA,Kimmirut,62.848253, -69.877853
YLD,Chapleau Airport,medium_airport,CA,Chapleau,47.81999969482422, -83.3467025756836
YLH,Lansdowne House Airport,medium_airport,CA,Lansdowne House,52.19559860229492, -87.93419647216797
YLJ,Meadow Lake Airport,medium_airport,CA,Meadow Lake,54.125301361083984, -108.52300262451172
YSG,Lutselk'e Airport,medium_airport,CA,Lutselk'e,62.418303, -110.681998
YLL,Lloydminster Airport,medium_airport,CA,Lloydminster,53.309200286865234, -110.072998046875
YLQ,La Tuque Airport,small_airport,CA,La Tuque,47.4096984863, -72.7889022827
YLR,Leaf Rapids Airport,medium_airport,CA,Leaf Rapids,56.513301849365234, -99.98529815673828
YLK,Barrie-Lake Simcoe Regional Airport,small_airport,CA,Barrie,44.485989, -79.555687
YLT,Alert Airport,medium_airport,CA,Alert,82.517799, -62.280602
XGR,Kangiqsualujjuaq (Georges River) Airport,medium_airport,CA,Kangiqsualujjuaq,58.711399, -65.992798
YLW,Kelowna International Airport,medium_airport,CA,Kelowna,49.9561, -119.377998
CYM,Chatham Seaplane Base,seaplane_base,US,Chatham,57.5149, -134.945999
YMA,Mayo Airport,medium_airport,CA,Mayo,63.61640167236328, -135.8679962158203
YME,Matane Airport,medium_airport,CA,Matane,48.85689926147461, -67.45330047607422
YMG,Manitouwadge Airport,medium_airport,CA,Manitouwadge,49.083900451660156, -85.86060333251953
YMH,Mary's Harbour Airport,medium_airport,CA,Mary's Harbour,52.302837, -55.847626
YMJ,Moose Jaw Air Vice Marshal C. M. McEwen Airport,medium_airport,CA,Moose Jaw,50.330299377441406, -105.55899810791016
YML,Charlevoix Airport,medium_airport,CA,Charlevoix,47.59749984741211, -70.2238998413086
YMM,Fort McMurray Airport,medium_airport,CA,Fort McMurray,56.653301239, -111.222000122
YMO,Moosonee Airport,medium_airport,CA,Moosonee,51.291099548339844, -80.60780334472656
YMT,Chapais Airport,medium_airport,CA,Chibougamau,49.77190017700195, -74.5280990600586
YUD,Umiujaq Airport,medium_airport,CA,Umiujaq,56.53609848022461, -76.51830291748047
YMW,Maniwaki Airport,small_airport,CA,Maniwaki,46.2728, -75.990601
YMX,Montreal International (Mirabel) Airport,medium_airport,CA,Montréal,45.679501, -74.038696
YNA,Natashquan Airport,medium_airport,CA,Natashquan,50.189998626708984, -61.78919982910156
YNC,Wemindji Airport,medium_airport,CA,Wemindji,53.01060104370117, -78.83110046386719
YND,Ottawa / Gatineau Airport,medium_airport,CA,Gatineau,45.521702, -75.563599
YNE,Norway House Airport,medium_airport,CA,Norway House,53.95830154418945, -97.84420013427734
YNH,Hudsons Hope Airport,small_airport,CA,Hudson's Hope,56.0355987549, -121.975997925
YLY,Langley Airport,small_airport,CA,Langley Twp,49.1008, -122.630997
YNL,Points North Landing Airport,medium_airport,CA,Points North Landing,58.27669906616211, -104.08200073242188
YNM,Matagami Airport,medium_airport,CA,Matagami,49.76169967651367, -77.80280303955078
HZP,Fort Mackay / Horizon Airport,small_airport,CA,Fort Mackay,57.3816986084, -111.700996399
YOA,Ekati Airport,medium_airport,CA,Ekati,64.6988983154, -110.614997864
YOC,Old Crow Airport,medium_airport,CA,Old Crow,67.57060241699219, -139.83900451660156
YOD,CFB Cold Lake,medium_airport,CA,Cold Lake,54.404998779296875, -110.27899932861328
YOH,Oxford House Airport,medium_airport,CA,Oxford House,54.93330001831055, -95.27890014648438
YOJ,High Level Airport,medium_airport,CA,High Level,58.62139892578125, -117.16500091552734
YOO,Oshawa Executive Airport,medium_airport,CA,Oshawa,43.922798, -78.894997
YOP,Rainbow Lake Airport,medium_airport,CA,Rainbow Lake,58.49140167236328, -119.40799713134766
YOS,Owen Sound / Billy Bishop Regional Airport,medium_airport,CA,Owen Sound,44.5903015137, -80.8375015259
YOW,Ottawa Macdonald-Cartier International Airport,large_airport,CA,Ottawa,45.322498, -75.669197
YPA,Prince Albert Glass Field,medium_airport,CA,Prince Albert,53.214199066199996, -105.672996521
YPC,Paulatuk (Nora Aliqatchialuk Ruben) Airport,medium_airport,CA,Paulatuk,69.3608381154, -124.075469971
YPS,Port Hawkesbury Airport,medium_airport,CA,Port Hawkesbury,45.6567001343, -61.3680992126
YPE,Peace River Airport,medium_airport,CA,Peace River,56.226898, -117.446999
YPG,Portage-la-Prairie / Southport Airport,medium_airport,CA,Portage la Prairie,49.903099, -98.273817
YPH,Inukjuak Airport,medium_airport,CA,Inukjuak,58.471900939941406, -78.07689666748047
YPL,Pickle Lake Airport,medium_airport,CA,Pickle Lake,51.4463996887207, -90.21420288085938
YPM,Pikangikum Airport,medium_airport,CA,Pikangikum,51.819698333740234, -93.97329711914062
YPN,Port Menier Airport,medium_airport,CA,Port-Menier,49.83639907836914, -64.2885971069336
YPO,Peawanuck Airport,medium_airport,CA,Peawanuck,54.98809814453125, -85.44329833984375
YPQ,Peterborough Municipal Airport,medium_airport,CA,Peterborough,44.23, -78.363297
YPR,Prince Rupert Airport,medium_airport,CA,Prince Rupert,54.286098480199996, -130.445007324
YPW,Powell River Airport,medium_airport,CA,Powell River,49.83420181274414, -124.5
YPX,Puvirnituq Airport,medium_airport,CA,Puvirnituq,60.05059814453125, -77.28690338134766
YPY,Fort Chipewyan Airport,medium_airport,CA,Fort Chipewyan,58.7672004699707, -111.11699676513672
YPZ,Burns Lake Airport,medium_airport,CA,Burns Lake,54.3764, -125.950996
YQA,Muskoka Airport,medium_airport,CA,Muskoka,44.974700927734375, -79.30329895019531
YQB,Quebec Jean Lesage International Airport,large_airport,CA,Quebec,46.7911, -71.393303
YQD,The Pas Airport,medium_airport,CA,The Pas,53.97140121459961, -101.09100341796875
YQF,Red Deer Regional Airport,medium_airport,CA,Springbrook,52.182201, -113.893997
YQG,Windsor Airport,medium_airport,CA,Windsor,42.27560043334961, -82.95559692382812
YQH,Watson Lake Airport,medium_airport,CA,Watson Lake,60.11640167236328, -128.82200622558594
YQI,Yarmouth Airport,medium_airport,CA,Yarmouth,43.826900482177734, -66.08809661865234
YQK,Kenora Airport,medium_airport,CA,Kenora,49.788299560546875, -94.36309814453125
YQL,Lethbridge County Airport,medium_airport,CA,Lethbridge,49.6302986145, -112.800003052
YQM,Greater Moncton Roméo LeBlanc International Airport,medium_airport,CA,Moncton,46.112202, -64.678596
YQN,Nakina Airport,medium_airport,CA,Nakina,50.18280029296875, -86.69640350341797
YQQ,Comox Valley Airport / CFB Comox,medium_airport,CA,Comox,49.7108, -124.887001
YQR,Regina International Airport,medium_airport,CA,Regina,50.43190002441406, -104.66600036621094
YQS,St Thomas Municipal Airport,medium_airport,CA,St Thomas,42.77000045776367, -81.11080169677734
YQT,Thunder Bay Airport,medium_airport,CA,Thunder Bay,48.37189865112305, -89.32389831542969
YQU,Grande Prairie Airport,medium_airport,CA,Grande Prairie,55.1796989441, -118.885002136
YQV,Yorkton Municipal Airport,medium_airport,CA,Yorkton,51.26470184326172, -102.46199798583984
YQW,North Battleford Airport,medium_airport,CA,North Battleford,52.769409, -108.243742
YQX,Gander International Airport / CFB Gander,medium_airport,CA,Gander,48.936258, -54.567719
YQY,Sydney / J.A. Douglas McCurdy Airport,medium_airport,CA,Sydney,46.1614, -60.047798
YQZ,Quesnel Airport,medium_airport,CA,Quesnel,53.026100158691406, -122.51000213623047
YRA,Rae Lakes Airport,medium_airport,CA,Gamètì,64.11609649658203, -117.30999755859375
YRB,Resolute Bay Airport,medium_airport,CA,Resolute Bay,74.7169036865, -94.9693984985
YRI,Rivière-du-Loup Airport,medium_airport,CA,Rivière-du-Loup,47.764400482177734, -69.58470153808594
YRJ,Roberval Airport,medium_airport,CA,Roberval,48.52000045776367, -72.2656021118164
YRL,Red Lake Airport,medium_airport,CA,Red Lake,51.066898345947266, -93.79309844970703
YRM,Rocky Mountain House Airport,small_airport,CA,Rocky Mountain House,52.4296989441, -114.903999329
YRO,Ottawa / Rockcliffe Airport,medium_airport,CA,Ottawa,45.4603004456, -75.64610290530001
YRQ,Trois-Rivières Airport,medium_airport,CA,Trois-Rivières,46.35279846191406, -72.67939758300781
YRS,Red Sucker Lake Airport,medium_airport,CA,Red Sucker Lake,54.167198181152344, -93.55719757080078
YRT,Rankin Inlet Airport,medium_airport,CA,Rankin Inlet,62.8114013672, -92.1157989502
YRV,Revelstoke Airport,medium_airport,CA,Revelstoke,50.962245, -118.184258
YSB,Sudbury Airport,medium_airport,CA,Sudbury,46.625, -80.79889678955078
YSC,Sherbrooke Airport,medium_airport,CA,Sherbrooke,45.438599, -71.691399
YSD,Canadian Forces Base Suffield Heliport,heliport,CA,Ralston,50.276359, -111.180189
YSE,Squamish Airport,small_airport,CA,Squamish,49.7817001343, -123.162002563
YSF,Stony Rapids Airport,medium_airport,CA,Stony Rapids,59.250301361083984, -105.84100341796875
YSH,Smiths Falls-Montague (Russ Beach) Airport,medium_airport,CA,Smiths Falls,44.945801, -75.940598
YSJ,Saint John Airport,medium_airport,CA,Saint John,45.31610107421875, -65.89029693603516
YSK,Sanikiluaq Airport,medium_airport,CA,Sanikiluaq,56.5377998352, -79.2466964722
YSL,Saint-Léonard Airport,medium_airport,CA,Saint-Léonard,47.157097, -67.836242
YSM,Fort Smith Airport,medium_airport,CA,Fort Smith,60.020302, -111.961998
YCM,Niagara District Airport,medium_airport,CA,Niagara-on-the-Lake,43.1917, -79.1717
YSP,Marathon Airport,medium_airport,CA,Marathon,48.75529861450195, -86.34439849853516
YST,St. Theresa Point Airport,medium_airport,CA,St. Theresa Point,53.84560012817383, -94.85189819335938
YSU,Summerside Airport,medium_airport,CA,Slemon Park,46.440601, -63.833599
YSY,Sachs Harbour (David Nasogaluak Jr. Saaryuaq) Airport,medium_airport,CA,Sachs Harbour,71.9938964844, -125.242996216
YTA,Pembroke Airport,medium_airport,CA,Pembroke,45.86439895629883, -77.25170135498047
YTE,Cape Dorset Airport,medium_airport,CA,Kinngait,64.230003, -76.526703
YTF,Alma Airport,medium_airport,CA,Alma,48.50889968869999, -71.64189910889999
YTH,Thompson Airport,medium_airport,CA,Thompson,55.80110168457031, -97.86419677734375
YTL,Big Trout Lake Airport,medium_airport,CA,Big Trout Lake,53.81779861450195, -89.89689636230469
YTQ,Tasiujaq Airport,medium_airport,CA,Tasiujaq,58.66780090332031, -69.95580291748047
YTR,CFB Trenton,medium_airport,CA,Trenton,44.118900299072266, -77.5280990600586
YTS,Timmins/Victor M. Power,medium_airport,CA,Timmins,48.569698333699996, -81.376701355
YTZ,Billy Bishop Toronto City Centre Airport,medium_airport,CA,Toronto,43.627499, -79.396202
YUB,Tuktoyaktuk / James Gruben Airport,medium_airport,CA,Tuktoyaktuk,69.433296, -133.026001
YUL,Montreal / Pierre Elliott Trudeau International Airport,large_airport,CA,Montréal,45.4706001282, -73.7407989502
YUT,Naujaat Airport,medium_airport,CA,Repulse Bay,66.5214, -86.224701
YUX,Hall Beach Airport,medium_airport,CA,Sanirajak,68.7761, -81.2425
YUY,Rouyn Noranda Airport,medium_airport,CA,Rouyn-Noranda,48.20610046386719, -78.83560180664062
YVB,Bonaventure Airport,medium_airport,CA,Bonaventure,48.071098, -65.460297
YVC,La Ronge Airport,medium_airport,CA,La Ronge,55.151401519800004, -105.262001038
YVG,Vermilion Airport,small_airport,CA,Vermilion,53.355800628699996, -110.823997498
YVE,Vernon Airport,medium_airport,CA,Vernon,50.24810028076172, -119.33100128173828
YCK,Tommy Kochon Airport,small_airport,CA,Colville Lake,67.02, -126.126
YVM,Qikiqtarjuaq Airport,medium_airport,CA,Qikiqtarjuaq,67.546232, -64.031754
YVO,Val-d'Or Airport,medium_airport,CA,Val-d'Or,48.0532989502, -77.7827987671
YVP,Kuujjuaq Airport,medium_airport,CA,Kuujjuaq,58.096099853515625, -68.4269027709961
YVQ,Norman Wells Airport,medium_airport,CA,Norman Wells,65.28160095214844, -126.7979965209961
YVR,Vancouver International Airport,large_airport,CA,Vancouver,49.193901062, -123.183998108
YVT,Buffalo Narrows Airport,small_airport,CA,Buffalo Narrows,55.8418998718, -108.417999268
YVV,Wiarton Airport,medium_airport,CA,Wiarton,44.7458, -81.107201
YVZ,Deer Lake Airport,medium_airport,CA,Deer Lake,52.655799865722656, -94.0614013671875
YWA,Petawawa Airport,medium_airport,CA,Petawawa,45.95220184326172, -77.31919860839844
YWG,Winnipeg / James Armstrong Richardson International Airport,large_airport,CA,Winnipeg,49.909999847399995, -97.2398986816
YWH,Victoria Harbour Seaplane Base,seaplane_base,CA,Victoria,48.423782, -123.37198
YWJ,Déline Airport,medium_airport,CA,Déline,65.211098, -123.435997
YWK,Wabush Airport,medium_airport,CA,Wabush,52.92190170288086, -66.8644027709961
YWL,Williams Lake Airport,medium_airport,CA,Williams Lake,52.1831016541, -122.054000854
YWP,Webequie Airport,medium_airport,CA,Webequie,52.9593933975, -87.3748683929
YWY,Wrigley Airport,medium_airport,CA,Wrigley,63.20940017700195, -123.43699645996094
YXC,Cranbrook/Canadian Rockies International Airport,medium_airport,CA,Cranbrook,49.610801696777, -115.78199768066
YXE,Saskatoon John G. Diefenbaker International Airport,medium_airport,CA,Saskatoon,52.170799255371094, -106.69999694824219
YXH,Medicine Hat Regional Airport,medium_airport,CA,Medicine Hat,50.018902, -110.721001
YXJ,Fort St John Airport,medium_airport,CA,Fort St.John,56.238098, -120.739998
YXK,Rimouski Airport,medium_airport,CA,Rimouski,48.47809982299805, -68.49690246582031
YXL,Sioux Lookout Airport,medium_airport,CA,Sioux Lookout,50.11389923095703, -91.9052963256836
YXN,Whale Cove Airport,medium_airport,CA,Whale Cove,62.24000167849999, -92.59809875490001
YXP,Pangnirtung Airport,medium_airport,CA,Pangnirtung,66.1449966431, -65.71360015869999
YXQ,Beaver Creek Airport,medium_airport,CA,Beaver Creek,62.410301208496094, -140.86700439453125
YXR,Earlton (Timiskaming Regional) Airport,medium_airport,CA,Earlton,47.697400654599996, -79.8473453522
YXS,Prince George Airport,large_airport,CA,Prince George,53.884311, -122.666554
YXT,Northwest Regional Airport Terrace-Kitimat,medium_airport,CA,Terrace,54.468498, -128.576009
YXU,London Airport,medium_airport,CA,London,43.035599, -81.1539
YXX,Abbotsford International Airport,large_airport,CA,Abbotsford,49.025299, -122.361
YXY,Whitehorse / Erik Nielsen International Airport,medium_airport,CA,Whitehorse,60.709599, -135.067001
YXZ,Wawa Airport,medium_airport,CA,Wawa,47.96670150756836, -84.78669738769531
YYB,North Bay Jack Garland Airport,medium_airport,CA,North Bay,46.363602, -79.422798
YYC,Calgary International Airport,large_airport,CA,Calgary,51.113899231, -114.019996643
YYD,Smithers Airport,medium_airport,CA,Smithers,54.82469940185547, -127.18299865722656
YYE,Fort Nelson Airport,medium_airport,CA,Fort Nelson,58.8363990784, -122.597000122
YYF,Penticton Airport,medium_airport,CA,Penticton,49.46310043334961, -119.60199737548828
YYG,Charlottetown Airport,medium_airport,CA,Charlottetown,46.290000915527344, -63.12110137939453
YYH,Taloyoak Airport,medium_airport,CA,Taloyoak,69.5467, -93.576698
YYJ,Victoria International Airport,large_airport,CA,Victoria,48.6469, -123.426003
YYL,Lynn Lake Airport,medium_airport,CA,Lynn Lake,56.86389923095703, -101.07599639892578
YYM,Cowley Airport,small_airport,CA,Cowley,49.636398315399994, -114.09400177
YYN,Swift Current Airport,medium_airport,CA,Swift Current,50.291900634799994, -107.691001892
YYQ,Churchill Airport,medium_airport,CA,Churchill,58.739200592041016, -94.06500244140625
YYR,Goose Bay Airport,medium_airport,CA,Goose Bay,53.3191986084, -60.4258003235
YYT,St. John's International Airport,large_airport,CA,St. John's,47.618599, -52.7519
YYU,Kapuskasing Airport,medium_airport,CA,Kapuskasing,49.41389846801758, -82.46749877929688
YYW,Armstrong Airport,medium_airport,CA,Armstrong,50.29029846191406, -88.90969848632812
YYY,Mont Joli Airport,medium_airport,CA,Mont-Joli,48.60860061645508, -68.20809936523438
YYZ,Toronto Lester B. Pearson International Airport,large_airport,CA,Toronto,43.6772, -79.6306
YZE,Gore Bay Manitoulin Airport,medium_airport,CA,Gore Bay,45.8853, -82.567802
YZF,Yellowknife International Airport,medium_airport,CA,Yellowknife,62.462799, -114.440002
YZG,Salluit Airport,medium_airport,CA,Salluit,62.17940139770508, -75.66719818115234
YZH,Slave Lake Airport,medium_airport,CA,Slave Lake,55.2930984497, -114.777000427
YZP,Sandspit Airport,medium_airport,CA,Sandspit,53.25429916379999, -131.813995361
YZR,Chris Hadfield Airport,medium_airport,CA,Sarnia,42.9994010925293, -82.30889892578125
YZS,Coral Harbour Airport,medium_airport,CA,Coral Harbour,64.1932983398, -83.3593978882
YZT,Port Hardy Airport,medium_airport,CA,Port Hardy,50.680599212646484, -127.36699676513672
YZU,Whitecourt Airport,medium_airport,CA,Whitecourt,54.14390182495117, -115.78700256347656
YZV,Sept-Îles Airport,medium_airport,CA,Sept-Îles,50.22330093383789, -66.2656021118164
YZW,Teslin Airport,medium_airport,CA,Teslin,60.17279815673828, -132.7429962158203
YZX,CFB Greenwood,medium_airport,CA,Greenwood,44.98440170288086, -64.91690063476562
ZAC,York Landing Airport,medium_airport,CA,York Landing,56.08940124511719, -96.08920288085938
YSN,Shuswap Regional Airport,medium_airport,CA,Salmon Arm,50.682802, -119.228996
YDT,Boundary Bay Airport,medium_airport,CA,Delta,49.0742, -123.012001
ILF,Ilford Airport,medium_airport,CA,Ilford,56.05163, -95.620523
ZBF,Bathurst Airport,medium_airport,CA,South Tetagouche,47.6297, -65.738899
ZBM,Bromont (Roland Désourdy) Airport,medium_airport,CA,Bromont,45.290798, -72.741402
KES,Kelsey Airport,medium_airport,CA,Kelsey,56.0374984741, -96.50969696039999
ZEM,Eastmain River Airport,medium_airport,CA,Eastmain River,52.22639846801758, -78.52249908447266
ZFA,Faro Airport,medium_airport,CA,Faro,62.20750045776367, -133.37600708007812
ZFD,Fond-Du-Lac Airport,medium_airport,CA,Fond-Du-Lac,59.33440017700195, -107.18199920654297
XPK,Pukatawagan Airport,medium_airport,CA,Pukatawagan,55.7491989136, -101.26599884
ZFM,Fort Mcpherson Airport,medium_airport,CA,Fort Mcpherson,67.40750122070312, -134.86099243164062
ZFN,Tulita Airport,medium_airport,CA,Tulita,64.909697, -125.572998
ZGF,Grand Forks Airport,medium_airport,CA,Grand Forks,49.015598, -118.431
ZGI,Gods River Airport,medium_airport,CA,Gods River,54.839698791503906, -94.07859802246094
ZGR,Little Grand Rapids Airport,medium_airport,CA,Little Grand Rapids,52.04560089111328, -95.4657974243164
ZHP,High Prairie Airport,small_airport,CA,High Prairie,55.3936004639, -116.474998474
CZJ,Corazón de Jesús Airport,small_airport,PA,Tupile,9.44686, -78.575678
ZJG,Jenpeg Airport,medium_airport,CA,Jenpeg,54.51890182495117, -98.04609680175781
ZJN,Swan River Airport,medium_airport,CA,Swan River,52.120602, -101.236
CZK,Cascade Locks State Airport,small_airport,US,Cascade Locks,45.676599, -121.878879
ZKE,Kashechewan Airport,medium_airport,CA,Kashechewan,52.282501220703125, -81.67780303955078
YTD,Thicket Portage Airport,medium_airport,CA,Thicket Portage,55.31890106201172, -97.70780181884766
MSA,Muskrat Dam Airport,medium_airport,CA,Muskrat Dam,53.44139862060547, -91.76280212402344
ZMH,South Cariboo Region / 108 Mile Airport,small_airport,CA,108 Mile,51.736099243199995, -121.333000183
PIW,Pikwitonei Airport,medium_airport,CA,Pikwitonei,55.58890151977539, -97.16419982910156
ZMT,Masset Airport,medium_airport,CA,Masset,54.02750015258789, -132.125
CZN,Chisana Airport,small_airport,US,Chisana,62.0712013245, -142.04800415
XPP,Poplar River Airport,medium_airport,CA,Poplar River,52.9965258788, -97.2741937637
CZO,Chistochina Airport,small_airport,US,Chistochina,62.5634994507, -144.669006348
ZPB,Sachigo Lake Airport,medium_airport,CA,Sachigo Lake,53.8911018371582, -92.19640350341797
WPC,Pincher Creek Airport,medium_airport,CA,Pincher Creek,49.520599365200006, -113.997001648
ZPO,Pinehouse Lake Airport,small_airport,CA,Pinehouse Lake,55.5280990601, -106.582000732
ZRJ,Round Lake (Weagamow Lake) Airport,medium_airport,CA,Round Lake,52.943599700927734, -91.31279754638672
ZSJ,Sandy Lake Airport,medium_airport,CA,Sandy Lake,53.06420135498047, -93.34439849853516
XSI,South Indian Lake Airport,medium_airport,CA,South Indian Lake,56.7928009033, -98.9072036743
ZST,Stewart Airport,medium_airport,CA,Stewart,55.935410448, -129.982434511
ZSW,Prince Rupert/Seal Cove Seaplane Base,seaplane_base,CA,Prince Rupert,54.333302, -130.283005
YDV,Bloodvein River Airport,small_airport,CA,Bloodvein River,51.784568, -96.692305
ZTM,Shamattawa Airport,medium_airport,CA,Shamattawa,55.8656005859375, -92.0813980102539
ZUC,Ignace Municipal Airport,medium_airport,CA,Ignace,49.428204, -91.720418
ZUM,Churchill Falls Airport,small_airport,CA,Churchill Falls,53.5619010925293, -64.10639953613281
XLB,Lac Brochet Airport,medium_airport,CA,Lac Brochet,58.6175003052, -101.46900177
ZWL,Wollaston Lake Airport,medium_airport,CA,Wollaston Lake,58.10689926147461, -103.1719970703125
IUA,Canandaigua Airport,small_airport,US,Ontario County IDA,42.908902, -77.325226
DJN,Delta Junction Airport,small_airport,US,Delta Junction,64.0503997803, -145.716995239
MQV,Mostaganem Airport,small_airport,DZ,Sayada,35.90518, 0.144539
QLD,Blida Airport,medium_airport,DZ,Blida,36.503601, 2.81417
BUJ,Bou Saada Airport,medium_airport,DZ,Ouled Sidi Brahim,35.3325, 4.20639
BJA,Soummam–Abane Ramdane Airport,medium_airport,DZ,Béjaïa,36.711952, 5.069804
ALG,Houari Boumediene Airport,large_airport,DZ,Algiers,36.693886, 3.214531
DJG,Djanet Inedbirene Airport,medium_airport,DZ,Djanet,24.292801, 9.45244
VVZ,Illizi Takhamalt Airport,medium_airport,DZ,Illizi,26.723499, 8.62265
QSF,Ain Arnat Airport,medium_airport,DZ,Sétif,36.178100585900005, 5.3244900703399995
TMR,Aguenar – Hadj Bey Akhamok Airport,medium_airport,DZ,Tamanrasset,22.811501, 5.45108
GJL,Jijel Ferhat Abbas Airport,medium_airport,DZ,Tahir,36.795101, 5.87361
MZW,Mecheria Airport,medium_airport,DZ,Mecheria,33.535900116, -0.242353007197
AAE,Annaba Rabah Bitat Airport,medium_airport,DZ,Annaba,36.826781, 7.81334
CZL,Mohamed Boudiaf International Airport,medium_airport,DZ,Constantine,36.2760009765625, 6.620389938354492
QMH,Oum El Bouaghi Air Base,small_airport,DZ,Oum El Bouaghi,35.8797, 7.2708
TEE,Cheikh Larbi Tébessi Airport,medium_airport,DZ,Tébessi,35.4315986633, 8.12071990967
BLJ,Batna Mostefa Ben Boulaid Airport,medium_airport,DZ,Batna,35.752102, 6.30859
DAF,Daup Airport,small_airport,PG,,-4.7403, 145.9515
HRM,Hassi R'Mel Airport,medium_airport,DZ,Hassi R'Mel,32.930401, 3.31154
QDJ,Tsletsi Airport,small_airport,DZ,Djelfa,34.6657, 3.351
DAH,Dathina Airport,small_airport,YE,Dathina,13.866884, 46.133473
DAO,Dabo Airport,small_airport,PG,,-8.431944444440001, 147.843055556
TID,Abdelhafid Boussouf Bou Chekif Airport,medium_airport,DZ,Tiaret,35.341099, 1.46315
TIN,Tindouf Airport,medium_airport,DZ,Tindouf,27.7003993988, -8.167099952700001
CFK,Chlef Aboubakr Belkaid International Airport,medium_airport,DZ,Chlef,36.217166, 1.342237
TAF,Oran Tafraoui Airport,medium_airport,DZ,Tafraoui,35.5424, -0.532278
TLM,Zenata – Messali El Hadj Airport,medium_airport,DZ,Zenata,35.013426, -1.457191
ORN,Oran Es-Sénia (Ahmed Ben Bella) International Airport,medium_airport,DZ,Es-Sénia,35.623901, -0.621183
CBH,Béchar Boudghene Ben Ali Lotfi Airport,medium_airport,DZ,Béchar,31.645700454711914, -2.269860029220581
BFW,Sidi Bel Abbes Airport,small_airport,DZ,Sidi Bel Abbès,35.1717987061, -0.593275010586
MUW,Ghriss Airport,medium_airport,DZ,Ghriss,35.207699, 0.147142
EBH,El Bayadh Airport,small_airport,DZ,El Bayadh,33.721666666699996, 1.0925
INF,In Guezzam Airport,small_airport,DZ,In Guezzam,19.560518, 5.749326
BMW,Bordj Badji Mokhtar Airport,small_airport,DZ,Bordj Badji Mokhtar,21.3778, 0.92698
AZR,Touat Cheikh Sidi Mohamed Belkebir Airport,medium_airport,DZ,Adrar,27.837601, -0.186414
BSK,Biskra - Mohamed Khider Airport,medium_airport,DZ,Biskra,34.793301, 5.73823
ELG,El Golea Airport,medium_airport,DZ,El Menia,30.580732, 2.861595
GHA,Noumérat - Moufdi Zakaria Airport,medium_airport,DZ,El Atteuf,32.384102, 3.79411
HME,Hassi Messaoud-Oued Irara Krim Belkacem Airport,medium_airport,DZ,Hassi Messaoud,31.673, 6.14044
INZ,In Salah Airport,medium_airport,DZ,In Salah,27.250999, 2.51202
TGR,Touggourt Sidi Madhi Airport,medium_airport,DZ,Touggourt,33.067799, 6.08867
LOO,Laghouat - Molay Ahmed Medeghri Airport,medium_airport,DZ,Laghouat,33.7644, 2.92834
ELU,Guemar Airport,medium_airport,DZ,Guemar,33.5113983154, 6.77679014206
TMX,Timimoun Airport,medium_airport,DZ,Timimoun,29.237101, 0.276033
OGX,Ain Beida Airport,medium_airport,DZ,Ouargla,31.9172, 5.41278
IAM,Zarzaitine - In Aménas Airport,medium_airport,DZ,In Aménas,28.0515, 9.64291
COO,Cadjehoun Airport,medium_airport,BJ,Cotonou,6.357230186462402, 2.384350061416626
DJA,Djougou Airport,small_airport,BJ,Djougou,9.69208333333, 1.63777777778
KDC,Kandi Airport,small_airport,BJ,Kandi,11.14479, 2.940381
NAE,Natitingou Airport,small_airport,BJ,Natitingou,10.376965, 1.360507
PKO,Parakou Airport,small_airport,BJ,Parakou,9.35768985748291, 2.609679937362671
SVF,Savé Airport,small_airport,BJ,Savé,8.018170356750488, 2.4645800590515137
DBC,Baicheng Chang'an Airport,medium_airport,CN,Baicheng,45.505278, 123.019722
DBK,Dutch Bay SPB,seaplane_base,LK,Kalpitiya Island,8.273, 79.756
DBP,Debepare Airport,small_airport,PG,Debepare,-6.30861111111, 141.905555556
DBU,Dambulu Oya Tank Seaplane Base,seaplane_base,LK,Dambulla,7.8604, 80.6304
DCG,Dubai Creek SPB,seaplane_base,AE,Dubai,25.2422222222, 55.3313888889
DCK,Dahl Creek Airport,small_airport,US,Dahl Creek,66.9432983398, -156.904998779
DDM,Dodoima Airport,small_airport,PG,,-8.17736111111, 147.809444444
DEQ,Deqing Moganshan Airport,small_airport,CN,Huzhou,30.504264, 120.107388
DER,Derim Airport,small_airport,PG,Derim,-6.14472222222, 147.107222222
DEX,Nop Goliat Dekai Airport,small_airport,ID,Dekai,-4.8557, 139.482006
XKY,Kaya Airport,small_airport,BF,Kaya,13.067000389099121, -1.100000023841858
OUG,Ouahigouya Airport,small_airport,BF,Ouahigouya,13.567000389099121, -2.4170000553131104
XDJ,Djibo Airport,small_airport,BF,Djibo,14.100000381469727, -1.6330000162124634
XLU,Leo Airport,small_airport,BF,Leo,11.100000381469727, -2.0999999046325684
PUP,Po Airport,small_airport,BF,Po,11.149999618530273, -1.149999976158142
XBO,Boulsa Airport,small_airport,BF,Boulsa,12.649999618530273, -0.5669999718666077
XBG,Bogande Airport,small_airport,BF,Bogande,12.982999801635742, -0.16699999570846558
DIP,Diapaga Airport,small_airport,BF,Diapaga,12.060324, 1.784631
DOR,Dori Airport,small_airport,BF,Dori,14.032999992370605, -0.032999999821186066
FNG,Fada N'gourma Airport,small_airport,BF,Fada N'gourma,12.032999992370605, 0.3499999940395355
XGG,Gorom-Gorom Airport,small_airport,BF,Gorom-Gorom,14.449999809265137, -0.2329999953508377
XKA,Kantchari Airport,small_airport,BF,Kantchari,12.464046, 1.492939
TMQ,Tambao Airport,small_airport,BF,Tambao,14.790874, 0.039492
XPA,Pama Airport,small_airport,BF,Pama,11.25, 0.699999988079071
ARL,Arly Airport,small_airport,BF,Arly,11.597000122070312, 1.4830000400543213
XSE,Sebba Airport,small_airport,BF,Sebba,13.449999809265137, 0.5170000195503235
TEG,Tenkodogo Airport,small_airport,BF,Tenkodogo,11.801149, -0.371377
XZA,Zabré Airport,small_airport,BF,Zabré,11.166999816894531, -0.6169999837875366
OUA,Ouagadougou Airport,medium_airport,BF,Ouagadougou,12.3532, -1.51242
BNR,Banfora Airport,small_airport,BF,Banfora,10.688861, -4.727726
DGU,Dedougou Airport,small_airport,BF,Dedougou,12.458999633789062, -3.490000009536743
XGA,Gaoua Airport,small_airport,BF,Gaoua,10.384059, -3.163454
XNU,Nouna Airport,small_airport,BF,Nouna,12.75, -3.867000103
BOY,Bobo Dioulasso Airport,medium_airport,BF,Bobo Dioulasso,11.160099983215332, -4.33096981048584
TUQ,Tougan Airport,small_airport,BF,Tougan,13.067000389099121, -3.066999912261963
XDE,Diebougou Airport,small_airport,BF,Diebougou,10.949999809265137, -3.25
XAR,Aribinda Airport,small_airport,BF,Aribinda,14.217000007600001, -0.883000016212
ACC,Kotoka International Airport,large_airport,GH,Accra,5.605189800262451, -0.16678600013256073
TML,Tamale Airport,medium_airport,GH,Tamale,9.55718994140625, -0.8632140159606934
DGM,Dandugama Seaplane Base,seaplane_base,LK,Colombo,7.1079, 79.8721
KMS,Kumasi Airport,medium_airport,GH,Kumasi,6.714560031890869, -1.5908199548721313
NYI,Sunyani Airport,medium_airport,GH,Sunyani,7.36183, -2.32876
TKD,Takoradi Airport,medium_airport,GH,Sekondi-Takoradi,4.896059989929199, -1.7747600078582764
DHB,Deer Harbor SPB,seaplane_base,US,Deer Harbor,48.616667, -123.002778
DHG,Dalnegorsk Airport,small_airport,RU,Dalnegorsk,44.558748, 135.490005
DHL,Ad-Dali Airport,small_airport,YE,Ad-Dali,13.73846, 44.72719
ABO,Aboisso Airport,small_airport,CI,Aboisso,5.461944, -3.234722
ABJ,Félix-Houphouët-Boigny International Airport,medium_airport,CI,Abidjan,5.26139, -3.92629
OGO,Abengourou Airport,small_airport,CI,Abengourou,6.715559959411621, -3.4702799320220947
BXI,Boundiali Airport,small_airport,CI,Boundiali,9.540571, -6.469831
BYK,Bouaké Airport,medium_airport,CI,Bouaké,7.7388, -5.07367
BQO,Bouna Airport,small_airport,CI,Bouna,9.27750015258789, -3.025279998779297
BDK,Soko Airport,small_airport,CI,Bondoukou,8.017219543457031, -2.7619400024414062
DIM,Dimbokro Airport,small_airport,CI,Dimbokro,6.651669979095459, -4.640560150146484
DJO,Daloa Airport,medium_airport,CI,,6.792809963226318, -6.473189830780029
GGN,Gagnoa Airport,small_airport,CI,Gagnoa,6.102855, -5.986809
GGO,Guiglo Airport,small_airport,CI,Guiglo,6.534711, -7.526847
BBV,Nero-Mer Airport,small_airport,CI,Grand-Béréby,4.64341306686, -6.923961639400001
HGO,Korhogo Airport,medium_airport,CI,Korhogo,9.38718, -5.55666
MJC,Man Airport,medium_airport,CI,,7.272069931030273, -7.58735990524292
KEO,Odienne Airport,small_airport,CI,Odienne,9.539457, -7.56134
OFI,Ouango Fitini Airport,small_airport,CI,Ouango Fitini,9.600000381469727, -4.050000190734863
SEO,Séguéla Airport,small_airport,CI,Séguéla,7.96, -6.644167
SPY,San Pedro Airport,medium_airport,CI,,4.746719837188721, -6.660820007324219
ZSS,Sassandra Airport,small_airport,CI,Sassandra,4.928888, -6.133156
TXU,Tabou Airport,small_airport,CI,Tabou,4.437809467315674, -7.362728118896484
TOZ,Mahana Airport,small_airport,CI,Touba,8.2934, -7.674
DIW,Mawella Lagoon Seaplane Base,seaplane_base,LK,Dickwella,5.990192, 80.733129
ASK,Yamoussoukro Airport,medium_airport,CI,Yamoussoukro,6.9031701088, -5.36558008194
DLR,Dalnerechensk Airport,small_airport,RU,Dalnerechensk,45.877949, 133.735822
DKA,Katsina Airport,small_airport,NG,Katsina,13.0078, 7.66045
ABV,Nnamdi Azikiwe International Airport,large_airport,NG,Abuja,9.006790161132812, 7.263169765472412
QUO,Akwa Ibom International Airport,medium_airport,NG,Uyo,4.8725, 8.093
AKR,Akure Airport,medium_airport,NG,Akure,7.246739864349365, 5.3010101318359375
ABB,Asaba International Airport,medium_airport,NG,Asaba,6.204167, 6.665278
BCU,Sir Abubakar Tafawa Balewa International Airport,medium_airport,NG,Bauchi,10.482833, 9.744
BNI,Benin Airport,medium_airport,NG,Benin,6.316979885101318, 5.5995001792907715
CBQ,Margaret Ekpo International Airport,medium_airport,NG,Calabar,4.976019859313965, 8.347200393676758
ENU,Akanu Ibiam International Airport,medium_airport,NG,Enegu,6.474269866943359, 7.561960220336914
IBA,Ibadan Airport,medium_airport,NG,Ibadan,7.362460136413574, 3.97832989692688
ILR,Ilorin International Airport,medium_airport,NG,Ilorin,8.440210342407227, 4.493919849395752
QOW,Sam Mbakwe International Airport,medium_airport,NG,Owerri,5.427060127258301, 7.206029891967773
JOS,Yakubu Gowon Airport,medium_airport,NG,Jos,9.639829635620117, 8.869050025939941
KAD,Kaduna Airport,medium_airport,NG,Kaduna,10.696000099182129, 7.320109844207764
KAN,Mallam Aminu International Airport,medium_airport,NG,Kano,12.0476, 8.52462
MIU,Maiduguri International Airport,medium_airport,NG,Maiduguri,11.855299949645996, 13.080900192260742
MDI,Makurdi Airport,medium_airport,NG,Makurdi,7.70388, 8.61394
LOS,Murtala Muhammed International Airport,large_airport,NG,Lagos,6.5773701667785645, 3.321160078048706
MXJ,Minna Airport,medium_airport,NG,Minna,9.652170181274414, 6.462259769439697
PHC,Port Harcourt International Airport,medium_airport,NG,Port Harcourt,5.0154900550842285, 6.94959020614624
SKO,Sadiq Abubakar III International Airport,medium_airport,NG,Sokoto,12.916299819946289, 5.207190036773682
YOL,Yola Airport,medium_airport,NG,Yola,9.257550239562988, 12.430399894714355
ZAR,Zaria Airport,medium_airport,NG,Zaria,11.1302, 7.68581
DOO,Dorobisoro Airport,small_airport,PG,Dorobisoro,-9.461855, 147.920907
DPT,Deputatskiy Airport,small_airport,RU,Deputatskiy,69.392503, 139.890012
DQA,Daqing Sa'ertu Airport,small_airport,CN,Daqing,46.750883, 125.138642
MFQ,Maradi Airport,medium_airport,NE,Maradi,13.5024995803833, 7.1267499923706055
NIM,Diori Hamani International Airport,large_airport,NE,Niamey,13.4815, 2.18361
THZ,Tahoua Airport,medium_airport,NE,Tahoua,14.8757, 5.26536
AJY,Mano Dayak International Airport,medium_airport,NE,Agadez,16.965999603271484, 8.000109672546387
RLT,Arlit Airport,small_airport,NE,Arlit,18.7903995514, 7.36595010757
ZND,Zinder Airport,medium_airport,NE,Zinder,13.779000282287598, 8.983759880065918
DSG,Dilasag Airport,small_airport,PH,Dilasag,16.445833333299998, 122.206805556
TBJ,Tabarka-Aïn Draham International Airport,medium_airport,TN,Tabarka,36.98, 8.87694
MIR,Monastir Habib Bourguiba International Airport,medium_airport,TN,Monastir,35.75809860229492, 10.75469970703125
NBE,Enfidha - Hammamet International Airport,medium_airport,TN,Enfidha,36.075833, 10.438611
TUN,Tunis Carthage International Airport,large_airport,TN,Tunis,36.851002, 10.2272
GAF,Gafsa Ksar International Airport,medium_airport,TN,Gafsa,34.422000885009766, 8.822500228881836
GAE,Gabès Matmata International Airport,medium_airport,TN,Gabès,33.733691, 9.91941
DJE,Djerba Zarzis International Airport,medium_airport,TN,Mellita,33.875, 10.7755
EBM,El Borma Airport,medium_airport,TN,El Borma,31.704299926757812, 9.254619598388672
SFA,Sfax Thyna International Airport,medium_airport,TN,Sfax,34.71799850463867, 10.690999984741211
TOE,Tozeur Nefta International Airport,medium_airport,TN,Tozeur,33.939701080322266, 8.110560417175293
DVD,Andavadoaka Airport,small_airport,MG,Andavadoaka,-22.06608, 43.259573
DWO,Diyawanna Oya Seaplane Base,seaplane_base,LK,Sri Jayawardenepura Kotte,6.906585, 79.909
DWR,Dwyer Airport,small_airport,AF,Reg,31.091265, 64.066053
LRL,Niamtougou International Airport,medium_airport,TG,Niamtougou,9.767330169677734, 1.091249942779541
LFW,Lomé–Tokoin International Airport,medium_airport,TG,Lomé,6.16561, 1.25451
DZH,Dazhou Jinya Airport,small_airport,CN,Dazhou (Dachuan),31.048815, 107.435646
EAL,Elenak Airport,small_airport,MH,Mejato Island,9.319305555560002, 166.847777778
ANR,Antwerp International Airport (Deurne),medium_airport,BE,Antwerp,51.1894, 4.46028
BRU,Brussels Airport,large_airport,BE,Zaventem,50.901402, 4.48444
CRL,Brussels South Charleroi Airport,medium_airport,BE,Brussels,50.459202, 4.45382
KJK,Wevelgem Airport,medium_airport,BE,Wevelgem,50.8172, 3.20472
LGG,Liège Airport,medium_airport,BE,Liège,50.637402, 5.44322
EBO,Ebon Airport,small_airport,MH,Ebon Atoll,4.5982, 168.752
OST,Ostend-Bruges International Airport,medium_airport,BE,Ostend,51.1998, 2.874673
MZD,Méndez Airport,small_airport,EC,Santiago de Méndez,-2.733330011367798, -78.31670379638672
EDA,Edna Bay Seaplane Base,seaplane_base,US,Edna Bay,55.949653, -133.661012
AOC,Altenburg-Nobitz Airport,medium_airport,DE,Altenburg,50.981945, 12.506389
HDF,Heringsdorf Airport,medium_airport,DE,Heringsdorf,53.8787002563, 14.152299881
IES,Riesa-Göhlis Airport,small_airport,DE,Riesa,51.2936096191, 13.3561105728
REB,Rechlin-Lärz Airport,small_airport,DE,Lärz,53.306388855, 12.7522220612
CSO,Cochstedt Airport,small_airport,DE,Magdeburg,51.8563995361, 11.42029953
BBH,Barth Airport,small_airport,DE,,54.338253, 12.710515
FNB,Neubrandenburg Airport,medium_airport,DE,Neubrandenburg,53.6022, 13.306
GTI,Flugplatz Güttin / Rügen,small_airport,DE,Rügen,54.383331, 13.325556
KOQ,Köthen Airport,small_airport,DE,Köthen,51.7211112976, 11.952777862500001
PEF,Peenemünde Airport,small_airport,DE,Peenemünde,54.1577796936, 13.774443626399998
BER,Berlin Brandenburg Airport,large_airport,DE,Berlin,52.362247, 13.500672
DRS,Dresden Airport,medium_airport,DE,Dresden,51.134123, 13.767831
ERF,Erfurt Airport,medium_airport,DE,Erfurt,50.979801177978516, 10.958100318908691
FRA,Frankfurt Airport,large_airport,DE,Frankfurt am Main,50.036521, 8.561268
FMO,Münster Osnabrück Airport,medium_airport,DE,Münster,52.134602, 7.68483
HAM,Hamburg Helmut Schmidt Airport,large_airport,DE,Hamburg,53.630402, 9.98823
CGN,Cologne Bonn Airport,large_airport,DE,Köln (Cologne),50.865898, 7.14274
DUS,Düsseldorf Airport,large_airport,DE,Düsseldorf,51.289501, 6.76678
MUC,Munich Airport,large_airport,DE,Munich,48.353802, 11.7861
NUE,Nuremberg Airport,large_airport,DE,Nuremberg,49.498699, 11.078056
LEJ,Leipzig/Halle Airport,large_airport,DE,Leipzig,51.423889, 12.236389
SCN,Saarbrücken Airport,medium_airport,DE,Saarbrücken,49.214599609400004, 7.10950994492
STR,Stuttgart Airport,large_airport,DE,Stuttgart,48.689899444599995, 9.22196006775
HAJ,Hannover Airport,large_airport,DE,Hannover,52.461102, 9.68508
BRE,Bremen Airport,medium_airport,DE,Bremen,53.047501, 8.78667
HHN,Frankfurt-Hahn Airport,medium_airport,DE,Frankfurt am Main (Lautzenhausen),49.9487, 7.26389
MHG,Mannheim-City Airport,medium_airport,DE,Mannheim,49.473057, 8.514167
EIB,Eisenach-Kindel Airport,medium_airport,DE,Eisenach,50.991604, 10.47973
SGE,Siegerland Airport,medium_airport,DE,,50.707698822021484, 8.082969665527344
IZE,Itzehoe/Hungriger Wolf Airfield,small_airport,DE,Itzehoe,53.992009, 9.576409
XFW,Hamburg-Finkenwerder Airport,medium_airport,DE,Hamburg,53.5352783203125, 9.835556030273438
KEL,Kiel-Holtenau Airport,medium_airport,DE,Kiel,54.379444, 10.145278
LBC,Lübeck Blankensee Airport,medium_airport,DE,Lübeck,53.8054008484, 10.7192001343
EUM,Neumünster Airport,small_airport,DE,Neumünster,54.079444885253906, 9.941389083862305
FMM,Memmingen Allgau Airport,medium_airport,DE,Memmingen,47.988800048799995, 10.2395000458
AAH,Aachen-Merzbrück Airport,small_airport,DE,Aachen,50.823055, 6.186389
ESS,Essen Mülheim Airport,small_airport,DE,,51.402302, 6.93733
BFE,Bielefeld Airport,small_airport,DE,Bielefeld,51.964722, 8.544444
MGL,Mönchengladbach Airport,medium_airport,DE,Mönchengladbach,51.230278, 6.504444
PAD,Paderborn Lippstadt Airport,medium_airport,DE,Paderborn,51.614101409899995, 8.616319656369999
NRN,Weeze Airport,medium_airport,DE,Weeze,51.6024017334, 6.14216995239
DTM,Dortmund Airport,medium_airport,DE,Dortmund,51.518299, 7.61224
AGB,Augsburg Airport,medium_airport,DE,Augsburg,48.425278, 10.931667
OBF,Oberpfaffenhofen Airport,medium_airport,DE,Weßling,48.081402, 11.2831
RBM,Straubing Airport,small_airport,DE,Straubing,48.90083312988281, 12.516667366027832
FDH,Friedrichshafen Airport,medium_airport,DE,Friedrichshafen,47.671299, 9.51149
SZW,Schwerin Parchim Airport,medium_airport,DE,,53.426998, 11.7834
BYU,Bayreuth Airport,medium_airport,DE,Bayreuth,49.985001, 11.64
URD,Burg Feuerstein Airport,small_airport,DE,Ebermannstadt,49.794166564941, 11.133610725403
GHF,Giebelstadt Airport,small_airport,DE,Giebelstadt,49.6480560303, 9.966388702390002
HOQ,Hof-Plauen Airport,medium_airport,DE,Hof,50.288612, 11.856389
BBJ,Bitburg Airport,small_airport,DE,Bitburg,49.945278, 6.565
ZQW,Zweibrücken Airport,small_airport,DE,Zweibrücken,49.2094, 7.40056
FKB,Karlsruhe Baden-Baden Airport,medium_airport,DE,Baden-Baden,48.7794, 8.0805
LHA,Lahr Airport,medium_airport,DE,,48.3693008423, 7.82772016525
BWE,Braunschweig-Wolfsburg Airport,medium_airport,DE,Braunschweig,52.319199, 10.5561
KSF,Kassel-Calden Airport,medium_airport,DE,Kassel,51.417273, 9.384967
EME,Emden Airport,small_airport,DE,Emden,53.391109, 7.2275
AGE,Wangerooge Airport,small_airport,DE,Wangerooge,53.782544, 7.919584
WVN,Wilhelmshaven-Mariensiel Airport,small_airport,DE,Wilhelmshaven,53.502220153808594, 8.05222225189209
JUI,Juist Airport,small_airport,DE,Juist,53.68111038208008, 7.055832862854004
LGO,Langeoog Airport,small_airport,DE,Langeoog,53.74250030517578, 7.497777938842773
BMK,Borkum Airport,small_airport,DE,Borkum,53.59639, 6.709167
NOD,Norden-Norddeich Airport,small_airport,DE,Norddeich,53.633056640599996, 7.19027805328
VAC,Varrelbusch Airport,small_airport,DE,Cloppenburg,52.908333, 8.040556
NRD,Norderney Airport,small_airport,DE,Norderney,53.706944, 7.23
BMR,Baltrum Airport,small_airport,DE,Baltrum,53.724724, 7.373333
HEI,Heide-Büsum Airport,small_airport,DE,Büsum,54.153331756600004, 8.90166664124
FLF,Flensburg-Schäferhaus Airport,small_airport,DE,Flensburg,54.77333450317383, 9.378889083862305
HGL,Helgoland-Düne Airport,small_airport,DE,Helgoland,54.185279846200004, 7.91583299637
QHU,Husum-Schwesing Airport,small_airport,DE,Husum,54.5099983215, 9.138333320620001
PSH,St. Peter-Ording Airport,small_airport,DE,Sankt Peter-Ording,54.30888748168945, 8.686944007873535
GWT,Westerland Sylt Airport,medium_airport,DE,Westerland,54.9132, 8.34047
OHR,Wyk auf Föhr Airport,small_airport,DE,Wyk auf Föhr,54.684444427490234, 8.528332710266113
KDL,Kärdla Airport,medium_airport,EE,Kärdla,58.99079895019531, 22.830699920654297
URE,Kuressaare Airport,medium_airport,EE,Kuressaare,58.22990036010742, 22.50950050354004
EPU,Pärnu Airport,medium_airport,EE,Pärnu,58.41899871826172, 24.47279930114746
EES,Berenice International Airport / Banas Cape Air Base,medium_airport,EG,Berenice Troglodytica,23.989802, 35.465047
TLL,Lennart Meri Tallinn Airport,large_airport,EE,Tallinn,59.41329956049999, 24.832799911499997
TAY,Tartu Airport,medium_airport,EE,Tartu,58.307499, 26.690399
ENF,Enontekio Airport,medium_airport,FI,Enontekio,68.362602233887, 23.424299240112
EFG,Efogi Airport,small_airport,PG,Efogi,-9.15380555556, 147.659805556
KEV,Halli Airport,medium_airport,FI,Jämsä,61.856039, 24.786686
HEL,Helsinki Vantaa Airport,large_airport,FI,Helsinki,60.3172, 24.963301
HYV,Hyvinkää Airfield,small_airport,FI,Hyvinkää,60.6544, 24.8811
KTQ,Kitee Airport,medium_airport,FI,Kitee,62.1661, 30.073601
IVL,Ivalo Airport,medium_airport,FI,Ivalo,68.607299804688, 27.405300140381
JOE,Joensuu Airport,medium_airport,FI,Joensuu / Liperi,62.662899, 29.6075
JYV,Jyväskylä Airport,medium_airport,FI,Jyväskylän Maalaiskunta,62.399502, 25.678301
KAU,Kauhava Airfield,medium_airport,FI,Kauhava,63.127102, 23.051399
KEM,Kemi-Tornio Airport,medium_airport,FI,Kemi / Tornio,65.778701782227, 24.582099914551
KAJ,Kajaani Airport,medium_airport,FI,Kajaani,64.2855, 27.6924
KHJ,Kauhajoki Airfield,medium_airport,FI,,62.463212, 22.390817
KOK,Kokkola-Pietarsaari Airport,medium_airport,FI,Kokkola / Kruunupyy,63.721199, 23.143101
KAO,Kuusamo Airport,medium_airport,FI,Kuusamo,65.987602, 29.239401
KTT,Kittilä Airport,medium_airport,FI,Kittilä,67.700996398926, 24.846799850464
KUO,Kuopio Airport,medium_airport,FI,Kuopio / Siilinjärvi,63.007099, 27.7978
LPP,Lappeenranta Airport,medium_airport,FI,Lappeenranta,61.044601, 28.144743
MHQ,Mariehamn Airport,medium_airport,FI,Mariehamn,60.1222, 19.898199
MIK,Mikkeli Airport,medium_airport,FI,Mikkeli,61.6866, 27.201799
OUL,Oulu Airport,medium_airport,FI,Oulu / Oulunsalo,64.930099, 25.354601
POR,Pori Airport,medium_airport,FI,Pori,61.4617, 21.799999
RVN,Rovaniemi Airport,medium_airport,FI,Rovaniemi,66.564796447754, 25.830400466919
SVL,Savonlinna Airport,medium_airport,FI,Savonlinna,61.9431, 28.945101
SJY,Seinäjoki Airport,medium_airport,FI,Seinäjoki / Ilmajoki,62.692101, 22.8323
SOT,Sodankyla Airport,medium_airport,FI,Sodankyla,67.3949966431, 26.6191005707
TMP,Tampere-Pirkkala Airport,medium_airport,FI,Tampere / Pirkkala,61.414101, 23.604401
TKU,Turku Airport,medium_airport,FI,Turku,60.514099, 22.2628
UTI,Utti Air Base,medium_airport,FI,Utti / Valkeala,60.8964, 26.9384
VAA,Vaasa Airport,medium_airport,FI,Vaasa,63.050701, 21.762199
VRK,Varkaus Airport,medium_airport,FI,Varkaus / Joroinen,62.171101, 27.868601
YLI,Ylivieska Airfield,medium_airport,FI,,64.054722, 24.725278
AUE,Abu Rudeis Airport,small_airport,EG,Ras Abu Rudeis,28.899694, 33.202057
BFS,Belfast International Airport,large_airport,GB,Belfast,54.6575012207, -6.2158298492399995
ENK,Enniskillen/St Angelo Airport,medium_airport,GB,Enniskillen,54.398899, -7.65167
BHD,George Best Belfast City Airport,medium_airport,GB,Belfast,54.618099, -5.8725
LDY,City of Derry Airport,medium_airport,GB,Derry,55.04280090332031, -7.161109924316406
BHX,Birmingham International Airport,large_airport,GB,Birmingham,52.453899383499994, -1.74802994728
CVT,Coventry Airport,medium_airport,GB,Coventry,52.3697013855, -1.4797199964499999
GLO,Gloucestershire Airport,medium_airport,GB,Staverton,51.89419937133789, -2.167220115661621
ORM,Sywell Aerodrome,small_airport,GB,Northampton,52.305301666300004, -0.7930560112
NQT,Nottingham Airport,medium_airport,GB,Nottingham,52.919998, -1.07917
GBA,Cotswold Airport,small_airport,GB,Kemble,51.668095, -2.05694
MAN,Manchester Airport,large_airport,GB,Manchester,53.349375, -2.279521
UPV,Upavon Aerodrome,small_airport,GB,Upavon,51.2862014771, -1.7820199728
YEO,RNAS Yeovilton,medium_airport,GB,Yeovil,51.0093994140625, -2.638819932937622
CAL,Campbeltown Airport,medium_airport,GB,Campbeltown,55.437198638916016, -5.686389923095703
EOI,Eday Airport,medium_airport,GB,Eday,59.19060134887695, -2.7722198963165283
FIE,Fair Isle Airport,small_airport,GB,Fair Isle,59.534721, -1.628509
WHS,Whalsay Airstrip,small_airport,GB,"Whalsay, Shetlands",60.376835, -0.927229
COL,Coll Airport,small_airport,GB,Coll Island,56.6018981934, -6.61778020859
NRL,North Ronaldsay Airport,small_airport,GB,North Ronaldsay,59.3675003052, -2.43443989754
OBN,Oban Airport,small_airport,GB,North Connel,56.4635009765625, -5.399670124053955
PPW,Papa Westray Airport,small_airport,GB,Papa Westray,59.351699829100006, -2.9002799987800003
SOY,Stronsay Airport,small_airport,GB,Stronsay,59.1553001404, -2.64139008522
NDY,Sanday Airport,small_airport,GB,Sanday,59.250301361083984, -2.576669931411743
LWK,Lerwick / Tingwall Airport,small_airport,GB,Lerwick,60.192199707, -1.24361002445
WRY,Westray Airport,small_airport,GB,Westray,59.3502998352, -2.95000004768
CSA,Colonsay Airstrip,small_airport,GB,Colonsay,56.057499, -6.24306
HAW,Haverfordwest Airport,medium_airport,GB,Haverfordwest,51.833099365234375, -4.9611101150512695
CWL,Cardiff International Airport,medium_airport,GB,Cardiff,51.396702, -3.34333
SWS,Swansea Airport,medium_airport,GB,Swansea,51.60530090332031, -4.0678300857543945
BRS,Bristol Airport,medium_airport,GB,Bristol,51.382702, -2.71909
LPL,Liverpool John Lennon Airport,medium_airport,GB,Liverpool,53.333599, -2.84972
LTN,London Luton Airport,large_airport,GB,London,51.874698638916016, -0.36833301186561584
LEQ,Land's End Airport,small_airport,GB,Land's End,50.102798, -5.67056
ISC,St. Mary's Airport,small_airport,GB,St. Mary's,49.9133, -6.29167
BOH,Bournemouth Airport,medium_airport,GB,Bournemouth,50.779999, -1.8425
SOU,Southampton Airport,medium_airport,GB,Southampton,50.950298, -1.3568
BBP,Bembridge Airport,small_airport,GB,Bembridge,50.6781005859, -1.10943996906
NQY,Cornwall Airport Newquay,medium_airport,GB,Newquay,50.440601, -4.99541
QUG,Goodwood Aerodrome,small_airport,GB,Chichester,50.859402, -0.759167
ACI,Alderney Airport,medium_airport,GG,Saint Anne,49.706104, -2.21472
GCI,Guernsey Airport,medium_airport,GG,Saint Peter Port,49.435001, -2.60197
JER,Jersey Airport,medium_airport,JE,Saint Helier,49.20790100097656, -2.195509910583496
ESH,Shoreham Airport,medium_airport,GB,Brighton,50.835602, -0.297222
BQH,London Biggin Hill Airport,medium_airport,GB,London,51.33079910279999, 0.0324999988079
LGW,London Gatwick Airport,large_airport,GB,London,51.148102, -0.190278
LCY,London City Airport,medium_airport,GB,London,51.505299, 0.055278
FAB,Farnborough Airport,medium_airport,GB,Farnborough,51.2757987976, -0.776332974434
BBS,Blackbushe Airport,medium_airport,GB,Yateley,51.32389831542969, -0.8475000262260437
LHR,London Heathrow Airport,large_airport,GB,London,51.4706, -0.461941
SEN,Southend Airport,medium_airport,GB,London,51.5714, 0.695556
LYX,Lydd Airport,medium_airport,GB,"Lydd, Ashford",50.9561, 0.939167
CAX,Carlisle Airport,medium_airport,GB,Carlisle,54.9375, -2.8091700077056885
BLK,Blackpool International Airport,medium_airport,GB,Blackpool,53.77170181274414, -3.0286099910736084
HUY,Humberside Airport,medium_airport,GB,Grimsby,53.57440185546875, -0.350832998752594
BWF,Barrow Walney Island Airport,medium_airport,GB,Barrow-in-Furness,54.1286111, -3.2675
LBA,Leeds Bradford Airport,medium_airport,GB,Leeds,53.865898, -1.66057
WRT,Warton Aerodrome,medium_airport,GB,Warton,53.745098, -2.88306
CEG,Hawarden Airport,medium_airport,GB,Hawarden,53.178101, -2.97778
IOM,Isle of Man Airport,medium_airport,IM,Castletown,54.083302, -4.62389
NCL,Newcastle Airport,medium_airport,GB,Newcastle,55.037498, -1.69167
MME,Teesside International Airport,medium_airport,GB,"Darlington, Durham",54.509201, -1.42941
EMA,East Midlands Airport,medium_airport,GB,Nottingham,52.8311, -1.32806
VLY,Anglesey Airport,medium_airport,GB,Angelsey,53.2481002808, -4.53533983231
KOI,Kirkwall Airport,medium_airport,GB,Orkney Islands,58.957801818847656, -2.9049999713897705
LSI,Sumburgh Airport,medium_airport,GB,Lerwick,59.87889862060547, -1.2955600023269653
WIC,Wick Airport,medium_airport,GB,Wick,58.458900451660156, -3.09306001663208
ABZ,Aberdeen Dyce Airport,medium_airport,GB,Aberdeen,57.2019, -2.19778
INV,Inverness Airport,medium_airport,GB,Inverness,57.54249954223633, -4.047500133514404
GLA,Glasgow International Airport,large_airport,GB,"Paisley, Renfrewshire",55.871899, -4.43306
EDI,Edinburgh Airport,large_airport,GB,Edinburgh,55.950145, -3.372288
ILY,Islay Airport,medium_airport,GB,Port Ellen,55.68190002441406, -6.256669998168945
PIK,Glasgow Prestwick Airport,medium_airport,GB,"Prestwick, South Ayrshire",55.502003, -4.587019
BEB,Benbecula Airport,medium_airport,GB,Balivanich,57.48109817504883, -7.3627800941467285
DND,Dundee Airport,medium_airport,GB,Dundee,56.45249938964844, -3.025830030441284
SYY,Stornoway Airport,medium_airport,GB,"Stornoway, Western Isles",58.215599, -6.33111
BRR,Barra Airport,medium_airport,GB,Eoligarry,57.0228, -7.44306
PSL,Perth/Scone Airport,small_airport,GB,Perth,56.43920135498047, -3.372220039367676
TRE,Tiree Airport,medium_airport,GB,Balemartine,56.49919891357422, -6.869170188903809
UNT,Unst Airport,small_airport,GB,Shetland Islands,60.74720001220703, -0.8538500070571899
ADX,Leuchars Station Airfield,medium_airport,GB,"Leuchars, Fife",56.37398, -2.868862
LMO,RAF Lossiemouth,medium_airport,GB,Lossiemouth,57.7052001953125, -3.339169979095459
CBG,Cambridge Airport,medium_airport,GB,Cambridge,52.205002, 0.175
NWI,Norwich Airport,medium_airport,GB,Norwich,52.6758, 1.28278
STN,London Stansted Airport,large_airport,GB,London,51.8849983215, 0.234999999404
HYC,Wycombe Air Park,small_airport,GB,High Wycombe,51.6116981506, -0.8083329796790001
EXT,Exeter International Airport,medium_airport,GB,Exeter,50.734402, -3.41389
OXF,Oxford (Kidlington) Airport,medium_airport,GB,Kidlington,51.8368988037, -1.32000005245
RCS,Rochester Airport,small_airport,GB,Rochester,51.351898193359375, 0.5033329725265503
BEX,RAF Benson,medium_airport,GB,Benson,51.616401672399995, -1.09582996368
LKZ,RAF Lakenheath,medium_airport,GB,Lakenheath,52.409302, 0.561
MHZ,RAF Mildenhall,medium_airport,GB,Mildenhall,52.3619, 0.486406
QUY,RAF Wyton,small_airport,GB,St. Ives,52.357201, -0.107833
FFD,RAF Fairford,medium_airport,GB,Fairford,51.682201, -1.79003
BZZ,RAF Brize Norton,medium_airport,GB,Brize Norton,51.75, -1.58362
ODH,RAF Odiham,medium_airport,GB,Odiham,51.2341003418, -0.94282501936
NHT,RAF Northolt,medium_airport,GB,London,51.553001403799996, -0.418166995049
QCY,RAF Coningsby,medium_airport,GB,Coningsby,53.0929985046, -0.166014000773
BEQ,RAF Honington,medium_airport,GB,Thetford,52.34260177612305, 0.7729390263557434
SQZ,RAF Scampton,medium_airport,GB,Scampton,53.307800293, -0.550832986832
WTN,RAF Waddington,medium_airport,GB,Waddington,53.1661987305, -0.523810982704
KNF,RAF Marham,medium_airport,GB,Marham,52.648395, 0.550692
MPN,Mount Pleasant Airport,medium_airport,FK,Mount Pleasant,-51.82279968261719, -58.447200775146484
AMS,Amsterdam Airport Schiphol,large_airport,NL,Amsterdam,52.308601, 4.76389
MST,Maastricht Aachen Airport,medium_airport,NL,Maastricht,50.911701, 5.77014
EIN,Eindhoven Airport,large_airport,NL,Eindhoven,51.4500999451, 5.37452983856
GRQ,Groningen Airport Eelde,medium_airport,NL,Groningen,53.119701, 6.57944
GLZ,Gilze Rijen Air Base,medium_airport,NL,Breda,51.56740188598633, 4.931829929351807
DHR,De Kooy Airfield / Den Helder Naval Air Station,medium_airport,NL,Den Helder,52.923401, 4.78062
LEY,Lelystad Airport,medium_airport,NL,Lelystad,52.4603, 5.52722
LWR,Leeuwarden Air Base,medium_airport,NL,Leeuwarden,53.228599548339844, 5.760560035705566
RTM,Rotterdam The Hague Airport,medium_airport,NL,Rotterdam,51.956902, 4.43722
ENS,Twente Airport,medium_airport,NL,Enschede,52.275833, 6.889167
EHU,Ezhou Huahu Airport,large_airport,CN,Ezhou,30.341178, 115.03926
UDE,Volkel Air Base,medium_airport,NL,Uden,51.657222, 5.707778
WOE,Woensdrecht Air Base,medium_airport,NL,Bergen Op Zoom,51.4491, 4.34203
BYT,Bantry Aerodrome,small_airport,IE,Bantry,51.6772, -9.487123
BLY,Belmullet Aerodrome,small_airport,IE,Belmullet,54.2228012085, -10.0307998657
NNR,Connemara Regional Airport,small_airport,IE,Inverin,53.23030090332031, -9.467780113220215
ORK,Cork Airport,medium_airport,IE,Cork,51.841301, -8.49111
GWY,Galway Airport,medium_airport,IE,Galway,53.300201416015625, -8.941590309143066
CFN,Donegal Airport,medium_airport,IE,Donegal,55.0442008972168, -8.340999603271484
DUB,Dublin Airport,large_airport,IE,Dublin,53.428713, -6.262121
IOR,Inishmore Aerodrome,small_airport,IE,Inis Mór,53.1067008972168, -9.653610229492188
INQ,Inisheer Aerodrome,small_airport,IE,Inis Oírr,53.064701, -9.5109
KKY,Kilkenny Airport,small_airport,IE,Kilkenny,52.65079879760742, -7.296110153198242
NOC,Ireland West Knock Airport,medium_airport,IE,Charlestown,53.910301, -8.81849
KIR,Kerry Airport,medium_airport,IE,Killarney,52.180901, -9.52378
LTR,Letterkenny Airfield,small_airport,IE,Letterkenny,54.951302, -7.67283
IIA,Inishmaan Aerodrome,small_airport,IE,Inis Meáin,53.09299850463867, -9.568059921264648
SNN,Shannon Airport,large_airport,IE,Shannon,52.702, -8.92482
SXL,Sligo Airport,medium_airport,IE,Sligo,54.280200958252, -8.5992097854614
WAT,Waterford Airport,medium_airport,IE,Waterford,52.187198638916016, -7.0869598388671875
EJN,Ejin Banner Taolai Airport,small_airport,CN,Ejin Banner,42.0155, 101.0005
EJT,Enejit Airport,small_airport,MH,Enejit Island,6.0404, 171.9846
AAR,Aarhus Airport,medium_airport,DK,Aarhus,56.303331, 10.618286
BLL,Billund Airport,large_airport,DK,Billund,55.7402992249, 9.15178012848
CPH,Copenhagen Kastrup Airport,large_airport,DK,Copenhagen,55.617900848389, 12.656000137329
EBJ,Esbjerg Airport,medium_airport,DK,Esbjerg,55.525902, 8.5534
KRP,Karup Airport,medium_airport,DK,Karup,56.29750061035156, 9.124629974365234
BYR,Læsø Airport,small_airport,DK,Læsø,57.277198791503906, 11.000100135803223
MRW,Lolland Falster Maribo Airport,medium_airport,DK,Lolland Falster / Maribo,54.699299, 11.4401
ODE,Odense Airport,medium_airport,DK,Odense,55.47669982910156, 10.330900192260742
RKE,Copenhagen Roskilde Airport,medium_airport,DK,Copenhagen,55.585601806640625, 12.131400108337402
RNN,Bornholm Airport,medium_airport,DK,Rønne,55.06330108642578, 14.759599685668945
SGD,Sønderborg Airport,medium_airport,DK,Sønderborg,54.96440124511719, 9.791729927062988
CNL,Sindal Airport,medium_airport,DK,Sindal,57.503502, 10.2294
SKS,Skrydstrup Air Base,medium_airport,DK,Vojens,55.221048, 9.26702
SQW,Skive Airport,medium_airport,DK,Skive,56.550201416015625, 9.172980308532715
TED,Thisted Airport,medium_airport,DK,Thisted,57.06880187988281, 8.705220222473145
FAE,Vágar Airport,medium_airport,FO,Vágar,62.063256, -7.275782
STA,Stauning Airport,medium_airport,DK,Skjern / Ringkøbing,55.9901008605957, 8.353910446166992
AAL,Aalborg Airport,medium_airport,DK,Aalborg,57.092759, 9.849243
LUX,Luxembourg-Findel International Airport,large_airport,LU,Luxembourg,49.6233333, 6.2044444
EMR,El Mirador Heliport,heliport,GT,El Mirador,17.752077, -89.924916
AES,"Ålesund Airport, Vigra",medium_airport,NO,Ålesund,62.5625, 6.1197
ANX,"Andøya Airport, Andenes",medium_airport,NO,Andenes,69.292503, 16.144199
ALF,Alta Airport,medium_airport,NO,Alta,69.976097106934, 23.371700286865
FDE,"Førde Airport, Bringeland",small_airport,NO,Førde,61.391102, 5.75694
BNN,"Brønnøysund Airport, Brønnøy",medium_airport,NO,Brønnøy,65.461098, 12.2175
BOO,Bodø Airport,medium_airport,NO,Bodø,67.269203, 14.3653
BGO,"Bergen Airport, Flesland",large_airport,NO,Bergen,60.2934, 5.21814
BJF,Båtsfjord Airport,medium_airport,NO,Båtsfjord,70.60050201416, 29.691400527954
BVG,Berlevåg Airport,medium_airport,NO,Berlevåg,70.871399, 29.034201
KRS,"Kristiansand Airport, Kjevik",medium_airport,NO,Kjevik,58.204201, 8.08537
BDU,Bardufoss Airport,medium_airport,NO,Målselv,69.055801391602, 18.540399551392
EVE,"Harstad/Narvik Airport, Evenes",medium_airport,NO,Evenes,68.491302490234, 16.678100585938
VDB,"Fagernes Airport, Leirin",medium_airport,NO,Fagernes,61.015598, 9.28806
FRO,Florø Airport,medium_airport,NO,Florø,61.583599090576, 5.0247201919556
OSL,"Oslo Airport, Gardermoen",large_airport,NO,Oslo,60.193901, 11.1004
HMR,"Hamar Lufthavn, Stavsberg",small_airport,NO,Hamar,60.8181, 11.068
HAU,"Haugesund Airport, Karmøy",medium_airport,NO,Karmøy,59.345299, 5.20836
HFT,Hammerfest Airport,medium_airport,NO,Hammerfest,70.679702758789, 23.668600082397
HAA,Hasvik Airport,small_airport,NO,Hasvik,70.486701965332, 22.139699935913
HVG,"Honningsvåg Airport, Valan",medium_airport,NO,Honningsvåg,71.009697, 25.983601
KSU,"Kristiansund Airport, Kvernberget",medium_airport,NO,Kvernberget,63.111801, 7.82452
GLL,Gol Airport,small_airport,NO,Klanten flyplass,60.791066, 9.048672
KKN,"Kirkenes Airport, Høybuktmoen",medium_airport,NO,Kirkenes,69.7258, 29.8913
LKN,Leknes Airport,medium_airport,NO,Leknes,68.152496337891, 13.609399795532
MEH,Mehamn Airport,medium_airport,NO,Mehamn,71.02970123291, 27.826700210571
MOL,"Molde Airport, Årø",medium_airport,NO,Årø,62.744701, 7.2625
MJF,"Mosjøen Airport, Kjærstad",medium_airport,NO,Mosjøen,65.783997, 13.2149
LKL,"Lakselv Airport, Banak",medium_airport,NO,Lakselv,70.068802, 24.973499
OSY,Namsos Airport,small_airport,NO,Namsos,64.472198, 11.5786
NTB,Notodden Airport,medium_airport,NO,Notodden,59.565701, 9.21222
OLA,Ørland Airport,medium_airport,NO,Ørland,63.69889831542969, 9.604000091552734
HOV,"Ørsta-Volda Airport, Hovden",medium_airport,NO,Ørsta,62.180000305176, 6.0741000175476
MQN,"Mo i Rana Airport, Røssvoll",medium_airport,NO,Mo i Rana,66.363899230957, 14.301400184631
RVK,"Rørvik Airport, Ryum",medium_airport,NO,Rørvik,64.838302612305, 11.14610004425
RRS,Røros Airport,medium_airport,NO,Røros,62.578399658203, 11.342300415039
RET,Røst Airport,small_airport,NO,,67.527801513672, 12.103300094604
RYG,"Moss Airport, Rygge",medium_airport,NO,Oslo,59.378817, 10.785439
LYR,"Svalbard Airport, Longyear",medium_airport,NO,Longyearbyen,78.246101379395, 15.465600013733
SDN,"Sandane Airport, Anda",small_airport,NO,Sandane,61.830002, 6.10583
SOG,"Sogndal Airport, Haukåsen",small_airport,NO,Sogndal,61.156101, 7.13778
SVJ,"Svolvær Airport, Helle",medium_airport,NO,Svolvær,68.243301, 14.6692
SKN,"Stokmarknes Airport, Skagen",medium_airport,NO,Hadsel,68.578827, 15.033417
SKE,Skien Airport,medium_airport,NO,Geiteryggen,59.185001373291016, 9.566940307617188
SRP,"Stord Airport, Sørstokken",medium_airport,NO,Leirvik,59.791901, 5.34085
SOJ,Sørkjosen Airport,medium_airport,NO,Sørkjosen,69.786796569824, 20.959400177002
VAW,"Vardø Airport, Svartnes",medium_airport,NO,Vardø,70.355400085449, 31.044900894165
SSJ,"Sandnessjøen Airport, Stokka",medium_airport,NO,Alstahaug,65.956802, 12.4689
TOS,"Tromsø Airport, Langnes",large_airport,NO,Tromsø,69.683296, 18.9189
TRF,"Sandefjord Airport, Torp",medium_airport,NO,Torp,59.1866989136, 10.258600235
TRD,"Trondheim Airport, Værnes",large_airport,NO,Trondheim,63.457802, 10.924
VDS,Vadsø Airport,medium_airport,NO,Vadsø,70.065299987793, 29.844699859619
ENY,Yan'an Nanniwan Airport,medium_airport,CN,Yan'an (Baota),36.479413, 109.464083
SVG,"Stavanger Airport, Sola",large_airport,NO,Stavanger,58.876701, 5.63778
BZG,Bydgoszcz Ignacy Jan Paderewski Airport,medium_airport,PL,Bydgoszcz,53.096802, 17.977699
CZW,Częstochowa-Rudniki,small_airport,PL,Częstochowa,50.884998, 19.2047
GDN,Gdańsk Lech Wałęsa Airport,large_airport,PL,Gdańsk,54.377601623535156, 18.46619987487793
KRK,Kraków John Paul II International Airport,large_airport,PL,Kraków,50.077702, 19.7848
KTW,Katowice International Airport,medium_airport,PL,Katowice,50.4743, 19.08
LUZ,Lublin Airport,medium_airport,PL,Lublin,51.240278, 22.713611
LCJ,Łódź Władysław Reymont Airport,medium_airport,PL,Łódź,51.721900939899996, 19.3980998993
WMI,Modlin Airport,medium_airport,PL,Warsaw,52.451099, 20.6518
POZ,Poznań-Ławica Airport,medium_airport,PL,Poznań,52.421001, 16.8263
RDO,Radom Airport,medium_airport,PL,Radom,51.389198, 21.213301
RZE,Rzeszów-Jasionka Airport,medium_airport,PL,Rzeszów,50.110001, 22.018999
SZZ,"Szczecin-Goleniów ""Solidarność"" Airport",medium_airport,PL,Goleniow,53.584702, 14.9022
SZY,Olsztyn-Mazury Airport,medium_airport,PL,Olsztyn,53.481899, 20.9377
WAW,Warsaw Chopin Airport,large_airport,PL,Warsaw,52.1656990051, 20.967100143399996
WRO,Copernicus Wrocław Airport,medium_airport,PL,Wrocław,51.102699, 16.885799
IEG,Zielona Góra-Babimost Airport,medium_airport,PL,Babimost,52.138500213600004, 15.7986001968
ERT,Erdenet Airport,small_airport,MN,Erdenet,48.9830555556, 104.150555556
RNB,Ronneby Airport,medium_airport,SE,Ronneby,56.266701, 15.265
GOT,Gothenburg-Landvetter Airport,large_airport,SE,Gothenburg,57.662799835205, 12.279800415039
JKG,Jönköping Airport,medium_airport,SE,Jönköping,57.757598876953125, 14.068699836730957
LDK,Lidköping-Hovby Airport,small_airport,SE,Lidköping,58.4655, 13.1744
GSE,Gothenburg City Airport,medium_airport,SE,Gothenburg,57.7747, 11.8704
KVB,Skövde Airport,medium_airport,SE,Skövde,58.45640182495117, 13.972700119018555
THN,Trollhättan-Vänersborg Airport,medium_airport,SE,Trollhättan,58.31809997558594, 12.345000267028809
KSK,Karlskoga Airport,medium_airport,SE,,59.345901, 14.4959
MXX,Mora Airport,medium_airport,SE,Mora,60.957901, 14.5114
NYO,Stockholm Skavsta Airport,medium_airport,SE,Nyköping,58.788601, 16.912201
SCR,Scandinavian Mountains Airport,medium_airport,SE,Malung-Sälen,61.158393, 12.842503
KID,Kristianstad Airport,medium_airport,SE,Kristianstad,55.92169952392578, 14.08549976348877
OSK,Oskarshamn Airport,small_airport,SE,,57.350498, 16.497999
KLR,Kalmar Airport,medium_airport,SE,Kalmar,56.685501, 16.2876
MMX,Malmö Sturup Airport,medium_airport,SE,Malmö,55.536305, 13.376198
HAD,Halmstad Airport,medium_airport,SE,Halmstad,56.69110107421875, 12.820199966430664
VXO,Växjö Kronoberg Airport,medium_airport,SE,Växjö,56.929100036621094, 14.727999687194824
EVG,Sveg Airport,medium_airport,SE,Sveg,62.047798, 14.4229
GEV,Gällivare Airport,medium_airport,SE,Gällivare,67.13240051269531, 20.814599990844727
KRF,Kramfors-Sollefteå Höga Kusten Airport,medium_airport,SE,Nyland,63.048599, 17.7689
LYC,Lycksele Airport,medium_airport,SE,Lycksele,64.548302, 18.7162
SDL,Sundsvall-Härnösand Airport,medium_airport,SE,Sundsvall/ Härnösand,62.528099060058594, 17.443899154663086
OER,Örnsköldsvik Airport,medium_airport,SE,Örnsköldsvik,63.40829849243164, 18.989999771118164
KRN,Kiruna Airport,medium_airport,SE,Kiruna,67.821998596191, 20.336799621582
SFT,Skellefteå Airport,medium_airport,SE,Skellefteå,64.62480163574219, 21.076900482177734
UME,Umeå Airport,medium_airport,SE,Umeå,63.791801452637, 20.282800674438
VHM,Vilhelmina South Lapland Airport,medium_airport,SE,Vilhelmina,64.579102, 16.833599
AJR,Arvidsjaur Airport,medium_airport,SE,Arvidsjaur,65.59030151367188, 19.28190040588379
SOO,Söderhamn Airport,medium_airport,SE,Söderhamn,61.26150131225586, 17.09910011291504
OSD,Åre Östersund Airport,medium_airport,SE,Östersund,63.194400787354, 14.50030040741
ORB,Örebro Airport,medium_airport,SE,Örebro,59.22370147705078, 15.038000106811523
HFS,Hagfors Airport,medium_airport,SE,Råda,60.0201, 13.5789
KSD,Karlstad Airport,medium_airport,SE,Karlstad,59.444698333699996, 13.337400436400001
VST,Stockholm Västerås Airport,medium_airport,SE,Stockholm / Västerås,59.58940124511719, 16.63360023498535
LLA,Luleå Airport,medium_airport,SE,Luleå,65.5438, 22.122
ARN,Stockholm-Arlanda Airport,large_airport,SE,Stockholm,59.651901245117, 17.918600082397
BMA,Stockholm-Bromma Airport,medium_airport,SE,Stockholm,59.354400634765625, 17.941699981689453
BLE,Dala Airport,medium_airport,SE,Borlange,60.422001, 15.5152
HLF,Hultsfred Airport,small_airport,SE,,57.525799, 15.8233
GVX,Gävle Sandviken Airport,medium_airport,SE,Gävle / Sandviken,60.593299865722656, 16.951400756835938
LPI,Linköping City Airport,medium_airport,SE,Linköping,58.4062004089, 15.680500030500001
NRK,Norrköping Airport,medium_airport,SE,Norrköping,58.586299896240234, 16.250600814819336
TYF,Torsby Airport,medium_airport,SE,Torsby,60.1576, 12.9913
EKT,Eskilstuna Airport,medium_airport,SE,Eskilstuna,59.351101, 16.708401
VBY,Visby Airport,medium_airport,SE,Visby,57.662799835205, 18.346200942993
VVK,Västervik Airport,small_airport,SE,Västervik,57.779999, 16.5236
AGH,Ängelholm-Helsingborg Airport,medium_airport,SE,Ängelholm,56.29610061645508, 12.847100257873535
SQO,Storuman Airport,medium_airport,SE,Storuman,64.960899, 17.6966
IDB,Idre Airport,small_airport,SE,Idre,61.869701, 12.6894
PJA,Pajala Airport,medium_airport,SE,,67.24559783935547, 23.068899154663086
HMV,Hemavan Airport,medium_airport,SE,Hemavan,65.806099, 15.0828
DSE,Kombolcha Airport,small_airport,ET,Dessie,11.10992, 39.72353
GLC,Geladi Airport,small_airport,ET,Geladi,6.984439849849999, 46.4213981628
SHC,Shire Inda Selassie Airport,small_airport,ET,Shire Inda Selassie,14.075699, 38.273592
SPM,Spangdahlem Air Base,medium_airport,DE,Trier,49.9726982117, 6.69250011444
RMS,Ramstein Air Base,medium_airport,DE,Ramstein,49.436901, 7.60028
FRZ,Fritzlar Army Airfield,medium_airport,DE,Fritzlar,51.1146, 9.286
ILH,Illesheim Army Heliport,heliport,DE,Storck Barracks,49.4739, 10.3881
KZG,Flugplatz Kitzingen,small_airport,DE,Kitzingen,49.743099, 10.2006
FCN,Nordholz Naval Airbase,medium_airport,DE,Cuxhaven,53.7677001953, 8.658499717709999
GKE,Geilenkirchen Air Base,medium_airport,DE,,50.9608, 6.04242
RLG,Rostock-Laage Airport,medium_airport,DE,Rostock,53.9182014465, 12.278300285299999
WBG,Schleswig Air Base,medium_airport,DE,Jagel,54.459301, 9.51633
WIE,Wiesbaden Army Airfield,medium_airport,DE,Wiesbaden,50.049800872802734, 8.325400352478027
IGS,Ingolstadt Manching Airport,medium_airport,DE,Manching,48.7156982421875, 11.534000396728516
DGP,Daugavpils International Airport,medium_airport,LV,Daugavpils,55.944721, 26.665001
LPX,Liepāja International Airport,medium_airport,LV,Liepāja,56.51750183105469, 21.096900939941406
RIX,Riga International Airport,large_airport,LV,Riga,56.923599, 23.9711
VNT,Ventspils International Airport,medium_airport,LV,Ventspils,57.35779953, 21.5442008972
EXI,Excursion Inlet Seaplane Base,seaplane_base,US,Excursion Inlet,58.420502, -135.449005
KUN,Kaunas International Airport,medium_airport,LT,Kaunas,54.96390151977539, 24.084800720214844
PLQ,Palanga International Airport,medium_airport,LT,Palanga,55.973201751708984, 21.093900680541992
PNV,Panevėžys Air Base,medium_airport,LT,Panevėžys,55.729400634765625, 24.460800170898438
SQQ,Šiauliai International Airport,medium_airport,LT,Šiauliai,55.89390182495117, 23.395000457763672
VNO,Vilnius International Airport,large_airport,LT,Vilnius,54.634102, 25.285801
RGR,Ranger Municipal Airport,small_airport,US,Ranger,32.4525985718, -98.682800293
ALJ,Alexander Bay Airport,medium_airport,ZA,Alexander Bay,-28.575001, 16.5333
AGZ,Aggeneys Airport,medium_airport,ZA,Aggeneys,-29.28179931640625, 18.813899993896484
ADY,Alldays Airport,small_airport,ZA,Alldays,-22.679001, 29.0555
BIY,Bisho Airport,medium_airport,ZA,Bisho,-32.8970985413, 27.279100418099997
BFN,Bram Fischer International Airport,medium_airport,ZA,Bloemfontain,-29.092699, 26.302401
UTE,Bultfontein Airport,small_airport,ZA,Bultfontein,-28.273369, 26.135835
ASS,Arathusa Safari Lodge Airport,small_airport,ZA,Arathusa,-24.744165, 31.522499
CDO,Cradock Airport,small_airport,ZA,Cradock,-32.1567001343, 25.6455993652
CPT,Cape Town International Airport,large_airport,ZA,Cape Town,-33.9648017883, 18.6016998291
DUK,Mubatuba Airport,small_airport,ZA,Mubatuba,-28.36840057373047, 32.24810028076172
PZL,Zulu Inyala Airport,small_airport,ZA,Phinda,-27.84939956665039, 32.30970001220703
ELS,Ben Schoeman Airport,medium_airport,ZA,East London,-33.035599, 27.825899
EMG,Empangeni Airport,small_airport,ZA,Empangeni,-28.719999313354492, 31.889999389648438
ELL,Ellisras Matimba Airport,small_airport,ZA,Ellisras,-23.726699829101562, 27.68829917907715
FCB,Ficksburg Sentraoes Airport,medium_airport,ZA,Ficksburg,-28.82309913635254, 27.908899307250977
GCJ,Grand Central Airport,medium_airport,ZA,Midrand,-25.986299514799995, 28.1401004791
GRJ,George Airport,medium_airport,ZA,George,-34.0056, 22.378902
GIY,Giyani Airport,small_airport,ZA,Giyani,-23.283300399780273, 30.649999618530273
QRA,Rand Airport,medium_airport,ZA,Johannesburg,-26.2425, 28.151199
HLW,Hluhluwe Airport,small_airport,ZA,Hluhluwe,-28.0166049887, 32.2751712799
HRS,Harrismith Airport,medium_airport,ZA,Harrismith,-28.23509979248047, 29.106199264526367
HDS,Hoedspruit Air Force Base Airport,small_airport,ZA,Hoedspruit,-24.368600845299998, 31.0487003326
KXE,P C Pelser Airport,medium_airport,ZA,Klerksdorp,-26.8710994720459, 26.718000411987305
KIM,Kimberley Airport,medium_airport,ZA,Kimberley,-28.802799224900003, 24.7651996613
MQP,Kruger Mpumalanga International Airport,medium_airport,ZA,Mpumalanga,-25.3831996918, 31.1056003571
KOF,Komatipoort Airport,small_airport,ZA,Komatipoort,-25.44029998779297, 31.93000030517578
KMH,Johan Pienaar Airport,medium_airport,ZA,Kuruman,-27.45669937133789, 23.411399841308594
KLZ,Kleinsee Airport,medium_airport,ZA,Kleinsee,-29.6884002686, 17.093999862700002
HLA,Lanseria International Airport,medium_airport,ZA,Johannesburg,-25.938499, 27.9261
LMR,Lime Acres Finsch Mine Airport,medium_airport,ZA,Lime Acres,-28.36009979248047, 23.43910026550293
LDZ,Londolozi Airport,small_airport,ZA,Londolozi,-24.7478, 31.4743
DUR,King Shaka International Airport,large_airport,ZA,Durban,-29.6144444444, 31.1197222222
LUJ,Lusikisiki Airport,small_airport,ZA,Lusikisiki,-31.36669921875, 29.58329963684082
LCD,Louis Trichardt Airport,small_airport,ZA,Louis Trichardt,-23.061899185180664, 29.864700317382812
SDB,Langebaanweg Airport,medium_airport,ZA,Langebaanweg,-32.968898773199996, 18.1602993011
LAY,Ladysmith Airport,medium_airport,ZA,Ladysmith,-28.5816993713, 29.749700546299998
AAM,Malamala Airport,medium_airport,ZA,Malamala,-24.818099975585938, 31.544599533081055
MGH,Margate Airport,medium_airport,ZA,Margate,-30.8574008942, 30.343000412
MEZ,Musina(Messina) Airport,small_airport,ZA,Musina,-22.356000900299996, 29.9862003326
MBD,Mmabatho International Airport,medium_airport,ZA,Mafeking,-25.798400878900004, 25.548000335699996
LLE,Riverside Airport,medium_airport,ZA,Malelane,-25.4300003052, 31.5767002106
MZY,Mossel Bay Airport,small_airport,ZA,Mossel Bay,-34.158746, 22.055676
MZQ,Mkuze Airport,medium_airport,ZA,Mkuze,-27.626100540161133, 32.0443000793457
NCS,Newcastle Airport,medium_airport,ZA,Newcastle,-27.7705993652, 29.976900100699996
NGL,Ngala Airport,small_airport,ZA,Ngala,-24.389, 31.326
NLP,Nelspruit Airport,small_airport,ZA,Nelspruit,-25.5, 30.9137992859
OVG,Overberg Airport,small_airport,ZA,Overberg,-34.563474, 20.252438
OUH,Oudtshoorn Airport,medium_airport,ZA,Oudtshoorn,-33.6069984436, 22.188999176
JNB,OR Tambo International Airport,large_airport,ZA,Johannesburg,-26.1392, 28.246
AFD,Port Alfred Airport,small_airport,ZA,Port Alfred,-33.555057, 26.881656
PLZ,Chief Dawid Stuurman International Airport,medium_airport,ZA,Gqeberha (Port Elizabeth),-33.984901, 25.6173
PBZ,Plettenberg Bay Airport,medium_airport,ZA,Plettenberg Bay,-34.08816, 23.328723
PHW,Hendrik Van Eck Airport,medium_airport,ZA,Phalaborwa,-23.937200546299998, 31.1553993225
JOH,Port St Johns Airport,medium_airport,ZA,Port St Johns,-31.60612, 29.52175
PRK,Prieska Airport,small_airport,ZA,Prieska,-29.6835994720459, 22.770599365234375
PZB,Pietermaritzburg Airport,medium_airport,ZA,Pietermaritzburg,-29.649000167799997, 30.3987007141
NTY,Pilanesberg International Airport,small_airport,ZA,Pilanesberg,-25.333799, 27.173401
PTG,Polokwane International Airport,medium_airport,ZA,Polokwane,-23.845269, 29.458615
PCF,Potchefstroom Airport,medium_airport,ZA,Potchefstroom,-26.670999527, 27.0818996429
UTW,Queenstown Airport,medium_airport,ZA,Queenstown,-31.92020034790039, 26.882200241088867
RCB,Richards Bay Airport,medium_airport,ZA,Richards Bay,-28.740999221800003, 32.0920982361
RVO,Reivilo Airport,small_airport,ZA,Reivilo,-27.547199249267578, 24.172500610351562
ROD,Robertson Airport,medium_airport,ZA,Robertson,-33.812198638916016, 19.902799606323242
SBU,Springbok Airport,medium_airport,ZA,Springbok,-29.689300537109375, 17.939599990844727
ZEC,Secunda Airport,medium_airport,ZA,Secunda,-26.52409935, 29.170099258399997
GSS,Sabi Sabi Airport,small_airport,ZA,Belfast,-24.947375434199998, 31.4488477707
SIS,Sishen Airport,medium_airport,ZA,Sishen,-27.6485996246, 22.9993000031
SZK,Skukuza Airport,medium_airport,ZA,Skukuza,-24.960899353, 31.5886993408
THY,Thohoyandou Airport,small_airport,ZA,Thohoyandou,-23.076900482177734, 30.38360023498535
TCU,Thaba Nchu Tar Airport,small_airport,ZA,Homeward,-29.317800521850586, 26.822799682617188
LTA,Tzaneen Airport,medium_airport,ZA,Tzaneen,-23.8243999481, 30.329299926799997
ULD,Prince Mangosuthu Buthelezi Airport,medium_airport,ZA,Ulundi,-28.3206005096, 31.4165000916
UTN,Pierre Van Ryneveld Airport,medium_airport,ZA,Upington,-28.39909935, 21.260200500499998
UTT,K. D. Matanzima Airport,medium_airport,ZA,Mthatha,-31.546363184900002, 28.6733551025
VRU,Vryburg Airport,medium_airport,ZA,Vyrburg,-26.9824008942, 24.7287998199
VIR,Virginia Airport,medium_airport,ZA,Durban,-29.770599365234375, 31.058399200439453
VRE,Vredendal Airport,medium_airport,ZA,Vredendal,-31.641000747680664, 18.5447998046875
VYD,Vryheid Airport,small_airport,ZA,Vryheid,-27.78689956665039, 30.79640007019043
PRY,Wonderboom Airport,medium_airport,ZA,Pretoria,-25.6539, 28.224199
WKF,Waterkloof Air Force Base,medium_airport,ZA,Pretoria,-25.829999923699997, 28.222499847399998
FRW,P G Matante Intl,medium_airport,BW,Francistown,-21.15914, 27.468545
GNZ,Ghanzi Airport,small_airport,BW,Ghanzi,-21.6924991607666, 21.658100128173828
JWA,Jwaneng Airport,medium_airport,BW,Jwaneng,-24.602301, 24.691
BBK,Kasane Airport,medium_airport,BW,Kasane,-17.832899, 25.162399
KHW,Khwai River Lodge Airport,small_airport,BW,Khwai River Lodge,-19.149999618530273, 23.783000946044922
LOQ,Lobatse Airport,small_airport,BW,Lobatse,-25.1981, 25.7139
MUB,Maun Airport,medium_airport,BW,Maun,-19.97260093688965, 23.431100845336914
ORP,Orapa Airport,small_airport,BW,Orapa,-21.265901, 25.319667
QPH,Palapye Airport,small_airport,BW,Palapye,-22.564087, 27.136745
GBE,Sir Seretse Khama International Airport,large_airport,BW,Gaborone,-24.555201, 25.9182
SXN,Sua Pan Airport,medium_airport,BW,Sowa,-20.5534, 26.115801
PKW,Selebi Phikwe Airport,medium_airport,BW,Selebi Phikwe,-22.0583, 27.8288
SVT,Savuti Airport,small_airport,BW,Savuti,-18.518475, 24.077687
SWX,Shakawe Airport,small_airport,BW,Shakawe,-18.373899459838867, 21.832599639892578
TLD,Limpopo Valley Airport,small_airport,BW,Tuli Lodge,-22.189199447599997, 29.126899719199997
TBY,Tshabong Airport,small_airport,BW,Tshabong,-26.034524, 22.401252
BZV,Maya-Maya Airport,medium_airport,CG,Brazzaville,-4.251699924468994, 15.253000259399414
DJM,Djambala Airport,small_airport,CG,Djambala,-2.516883, 14.754403
KNJ,Kindamba Airport,small_airport,CG,Kindamba,-3.950000047683716, 14.517000198364258
LCO,Lague Airport,small_airport,CG,Lague,-2.450000047683716, 14.532999992370605
MUY,Mouyondzi Airport,small_airport,CG,Mouyondzi,-4.01487398147583, 13.96611213684082
SIB,Sibiti Airport,small_airport,CG,Sibiti,-3.683000087738037, 13.350000381469727
NKY,Yokangassi Airport,small_airport,CG,Nkayi,-4.223077, 13.286347
ANJ,Zanaga Airport,small_airport,CG,Zanaga,-2.8499999046325684, 13.817000389099121
MSX,Mossendjo Airport,small_airport,CG,Mossendjo,-2.950000047683716, 12.699999809265137
BOE,Boundji Airport,small_airport,CG,Boundji,-1.0329999923706055, 15.383000373840332
OLL,Oyo Ollombo Airport,medium_airport,CG,Oyo,-1.226666, 15.91
EWO,Ewo Airport,small_airport,CG,Ewo,-0.8830000162124634, 14.800000190734863
GMM,Gamboma Airport,small_airport,CG,Gamboma,-1.829403, 15.885237
ION,Impfondo Airport,small_airport,CG,Impfondo,1.6169999837875366, 18.066999435424805
KEE,Kelle Airport,small_airport,CG,Kelle,-0.08299999684095383, 14.532999992370605
MKJ,Makoua Airport,small_airport,CG,Makoua,-0.017000000923871994, 15.583000183105469
FTX,Owando Airport,medium_airport,CG,Owando,-0.5313500165939331, 15.95009994506836
SOE,Souanke Airport,small_airport,CG,Souanke,2.066999912261963, 14.133000373840332
BTB,Betou Airport,small_airport,CG,Betou,3.057593, 18.514433
OUE,Ouesso Airport,medium_airport,CG,,1.6159900426899998, 16.0379009247
KMK,Makabana Airport,small_airport,CG,Makabana,-3.4830000400543213, 12.616999626159668
DIS,Ngot Nzoungou Airport,medium_airport,CG,Dolisie,-4.20635, 12.6599
PNR,Antonio Agostinho-Neto International Airport,medium_airport,CG,Pointe Noire,-4.81603, 11.8866
MTS,Matsapha Airport,medium_airport,SZ,Manzini,-26.528999, 31.307501
SHO,King Mswati III International Airport,large_airport,SZ,Mpaka,-26.358611, 31.716944
FEA,Fetlar Airstrip,small_airport,GB,Fetlar Island,60.603333, -0.872778
CRF,Carnot Airport,small_airport,CF,Carnot,4.936999797821045, 15.894000053405762
BGF,Bangui M'Poko International Airport,medium_airport,CF,Bangui,4.39847993850708, 18.518800735473633
BGU,Bangassou Airport,small_airport,CF,Bangassou,4.784999847412109, 22.7810001373291
IRO,Birao Airport,small_airport,CF,Birao,10.23639965057373, 22.716899871826172
BBY,Bambari Airport,small_airport,CF,Bambari,5.847012, 20.64992
NDL,N'Délé Airport,small_airport,CF,N'Délé,8.427206039428711, 20.635156631469727
BOP,Bouar Airport,small_airport,CF,Bouar,5.958000183105469, 15.63700008392334
BIV,Bria Airport,small_airport,CF,Bria,6.527780055999756, 21.98940086364746
BSN,Bossangoa Airport,small_airport,CF,Bossangoa,6.492000102996826, 17.429000854492188
BBT,Berbérati Airport,medium_airport,CF,Berbérati,4.2215800285339355, 15.786399841308594
ODA,Ouadda Airport,small_airport,CF,Ouadda,8.010560035705566, 22.39859962463379
AIG,Yalinga Airport,small_airport,CF,Yalinga,6.519999980926514, 23.260000228881836
IMO,Zemio Airport,small_airport,CF,Zemio,5.002226, 25.101857
MKI,M'Boki Airport,small_airport,CF,Mboki,5.33301019669, 25.931900024399997
BTG,Batangafo Airport,small_airport,CF,Batangafo,7.314109802246094, 18.308799743652344
GDI,Gordil Airport,small_airport,CF,Melle,9.581117, 21.728172
BMF,Bakouma Airport,small_airport,CF,Bakouma,5.693999767303467, 22.801000595092773
ODJ,Ouanda Djallé Airport,small_airport,CF,Ouanda Djallé,8.899999618530273, 22.783000946044922
RFA,Rafaï Airport,small_airport,CF,Rafaï,4.988609790802002, 23.927799224853516
BCF,Bouca Airport,small_airport,CF,Bouca,6.517000198364258, 18.267000198364258
BOZ,Bozoum Airport,small_airport,CF,Bozoum,6.344170093536377, 16.3218994140625
NBN,Annobón Airport,small_airport,GQ,San Antonio de Palé,-1.408615, 5.624163
BSG,Bata Airport,medium_airport,GQ,Bata,1.90547, 9.80568
GEM,President Obiang Nguema International Airport,small_airport,GQ,Mengomeyén,1.685334, 11.024394
SSG,Malabo Airport,medium_airport,GQ,Malabo,3.755270004272461, 8.708720207214355
ASI,RAF Ascension Island,medium_airport,SH,Cat Hill,-7.9696, -14.3937
HLE,Saint Helena Airport,small_airport,SH,Longwood,-15.957725, -5.645943
MRU,Sir Seewoosagur Ramgoolam International Airport,large_airport,MU,Plaine Magnien,-20.430201, 57.683601
RRG,Sir Charles Gaetan Duval Airport,medium_airport,MU,Port Mathurin,-19.7577, 63.361
FIN,Finschhafen Airport,small_airport,PG,Buki,-6.621750109, 147.85405
KVU,Korolevu Seaplane Base,seaplane_base,FJ,Korolevu,-18.215569, 177.729767
NKW,Diego Garcia Naval Support Facility,medium_airport,IO,Diego Garcia,-7.31327, 72.411102
KBI,Kribi Airport,small_airport,CM,Kribi,2.8738899231, 9.9777803421
TKC,Tiko Airport,medium_airport,CM,Tiko,4.08919000626, 9.360529899600001
DLA,Douala International Airport,medium_airport,CM,Douala,4.0060801506, 9.719479560849999
MMF,Mamfe Airport,small_airport,CM,Mamfe,5.704170227050781, 9.306389808654785
BLC,Bali Airport,small_airport,CM,Bali,5.89527777778, 10.0338888889
KLE,Kaélé Airport,small_airport,CM,Kaélé,10.092499732971191, 14.445599555969238
OUR,Batouri Airport,small_airport,CM,Batouri,4.474999904632568, 14.362500190734863
GXX,Yagoua Airport,small_airport,CM,Yagoua,10.356100082397461, 15.237199783325195
MVR,Salak Airport,medium_airport,CM,Maroua,10.451399803161621, 14.257399559020996
FOM,Foumban Nkounja Airport,medium_airport,CM,Foumban,5.636919975280762, 10.750800132751465
NGE,N'Gaoundéré Airport,medium_airport,CM,N'Gaoundéré,7.3570098876953125, 13.559200286865234
BTA,Bertoua Airport,small_airport,CM,Bertoua,4.548610210418701, 13.726099967956543
GOU,Garoua International Airport,medium_airport,CM,Garoua,9.33588981628418, 13.370100021362305
DSC,Dschang Airport,small_airport,CM,Dschang,5.449999809265137, 10.067000389099121
BFX,Bafoussam Airport,medium_airport,CM,Bafoussam,5.536920070650001, 10.354599952700001
BPC,Bamenda Airport,medium_airport,CM,Bamenda,6.039239883422852, 10.122599601745605
EBW,Ebolowa Airport,small_airport,CM,Ebolowa,2.875999927520752, 11.1850004196167
YAO,Yaoundé Airport,medium_airport,CM,Yaoundé,3.8360400199890137, 11.523500442504883
NSI,Yaoundé Nsimalen International Airport,medium_airport,CM,Yaoundé,3.722559928894043, 11.553299903869629
MMQ,Mbala Airport,small_airport,ZM,Mbala,-8.859169960021973, 31.33639907836914
CIP,Chipata Airport,small_airport,ZM,Chipata,-13.558300018310547, 32.58720016479492
JEK,Jeki Airport,small_airport,ZM,Jeki,-15.6334, 29.6036
CGJ,Kasompe Airport,medium_airport,ZM,Chingola,-12.572799682617, 27.893899917603
KLB,Kalabo Airport,small_airport,ZM,Kalabo,-14.998818, 22.648372
KMZ,Kaoma Airport,small_airport,ZM,Kaoma,-14.800000190734863, 24.783000946044922
KAA,Kasama Airport,small_airport,ZM,Kasama,-10.216699600219727, 31.13330078125
ZKB,Kasaba Bay Airport,small_airport,ZM,Kasaba Bay,-8.524999618530273, 30.663000106811523
LVI,Harry Mwanga Nkumbula International Airport,medium_airport,ZM,Livingstone,-17.8218, 25.822701
LXU,Lukulu Airport,small_airport,ZM,Lukulu,-14.375891, 23.248648
LUN,Kenneth Kaunda International Airport,large_airport,ZM,Lusaka,-15.330833, 28.452722
MNS,Mansa Airport,small_airport,ZM,Mansa,-11.13700008392334, 28.872600555419922
MFU,Mfuwe Airport,medium_airport,ZM,Mfuwe,-13.258899688720703, 31.936599731445312
MNR,Mongu Airport,medium_airport,ZM,Mongu,-15.254500389099121, 23.16230010986328
ZGM,Ngoma Airport,small_airport,ZM,Ngoma,-15.9658, 25.9333
NLA,Simon Mwansa Kapwepwe International Airport,medium_airport,ZM,Ndola,-12.998512, 28.664047
RYL,Royal Zambezi Lodge Airstrip,small_airport,ZM,Lower Zambezi River,-15.724789, 29.303541
SXG,Senanga Airport,small_airport,ZM,Senanga,-16.113, 23.2982
KIW,Southdowns Airport,medium_airport,ZM,Kitwe,-12.900500297546387, 28.149900436401367
SJQ,Sesheke Airport,small_airport,ZM,Sesheke,-17.47632, 24.306089
SLI,Solwesi Airport,small_airport,ZM,Solwesi,-12.173700332641602, 26.365100860595703
FLT,Flat Airport,small_airport,US,Flat,62.452598571799996, -157.988998413
BBZ,Zambezi Airport,small_airport,ZM,Zambezi,-13.535996, 23.10559
ULI,Ulithi Airport,small_airport,FM,Falalop Island,10.0198, 139.789993
HAH,Prince Said Ibrahim International Airport,medium_airport,KM,Moroni,-11.5337, 43.2719
NWA,Mohéli Bandar Es Eslam Airport,medium_airport,KM,Fomboni,-12.2981, 43.766399
AJN,Ouani Airport,medium_airport,KM,Ouani,-12.131047, 44.430044
DZA,Dzaoudzi Pamandzi International Airport,medium_airport,YT,Dzaoudzi,-12.809319, 45.281815
RUN,Roland Garros Airport,large_airport,RE,Sainte-Marie,-20.890087, 55.518894
ZSE,Pierrefonds Airport,medium_airport,RE,Saint-Pierre,-21.319362, 55.422506
WML,Malaimbandy Airport,small_airport,MG,Malaimbandy,-20.355390292099997, 45.5433726311
ATJ,Antsirabe Airport,small_airport,MG,Antsirabe,-19.8392214824, 47.063713073699994
WAQ,Antsalova Airport,small_airport,MG,Antsalova,-18.701273, 44.614921
VVB,Mahanoro Airport,small_airport,MG,Mahanoro,-19.83300018310547, 48.79999923706055
TNR,Ivato Airport,large_airport,MG,Antananarivo,-18.7969, 47.478802
JVA,Ankavandra Airport,small_airport,MG,Ankavandra,-18.80501, 45.273467
BMD,Belo sur Tsiribihina Airport,small_airport,MG,Belo sur Tsiribihina,-19.6867008209, 44.541900634799994
ZVA,Miandrivazo Airport,medium_airport,MG,Miandrivazo,-19.562799, 45.450802
MXT,Maintirano Airport,small_airport,MG,Maintirano,-18.049999, 44.033001
ILK,Atsinanana Airport,small_airport,MG,Ilaka,-19.58300018310547, 48.803001403808594
TVA,Morafenobe Airport,small_airport,MG,Morafenobe,-17.850083, 44.920467
SMS,Sainte Marie Airport,medium_airport,MG,Vohilava,-17.093901, 49.8158
TMM,Toamasina Ambalamanasy Airport,medium_airport,MG,Toamasina,-18.109501, 49.392502
WTA,Tambohorano Airport,small_airport,MG,Tambohorano,-17.47610092163086, 43.972801208496094
MOQ,Morondava Airport,medium_airport,MG,Morondava,-20.2847, 44.3176
WTS,Tsiroanomandidy Airport,small_airport,MG,Tsiroanomandidy,-18.759677, 46.054065
VAT,Vatomandry Airport,small_airport,MG,Vatomandry,-19.383333, 48.95
WAM,Ambatondrazaka Airport,small_airport,MG,Ambatondrazaka,-17.795378, 48.442583
DIE,Arrachart Airport,medium_airport,MG,Antisiranana,-12.3494, 49.291698
WBE,Ankaizina Airport,small_airport,MG,Bealanana,-14.544277, 48.691413
WMR,Mananara Nord Airport,medium_airport,MG,Mananara Nord,-16.16390037536621, 49.773799896240234
ZWA,Andapa Airport,medium_airport,MG,,-14.651700019836426, 49.620601654052734
AMB,Ambilobe Airport,small_airport,MG,,-13.188400268554688, 48.987998962402344
WBD,Avaratra Airport,small_airport,MG,Befandriana,-15.199999809265137, 48.483001708984375
WPB,Port Bergé Airport,small_airport,MG,Port Bergé,-15.584286, 47.623587
ANM,Antsirabe Airport,medium_airport,MG,Antsirabe,-14.9994, 50.320202
HVA,Analalava Airport,medium_airport,MG,Analalava,-14.629514, 47.763555
MJN,Amborovy Airport,medium_airport,MG,Mahajanga,-15.666842, 46.351233
NOS,Fascene Airport,medium_airport,MG,Nosy Be,-13.3121, 48.3148
DWB,Soalala Airport,small_airport,MG,Soalala,-16.10169, 45.358837
WMP,Mampikony Airport,small_airport,MG,Mampikony,-16.0722693402, 47.644164562200004
BPY,Besalampy Airport,medium_airport,MG,Besalampy,-16.74453, 44.482484
WMN,Maroantsetra Airport,medium_airport,MG,Maroantsetra,-15.437742, 49.689081
SVB,Sambava Airport,medium_airport,MG,Sambava,-14.2786, 50.174702
TTS,Tsaratanana Airport,small_airport,MG,Tsaratanana,-16.751064, 47.619016
VOH,Vohemar Airport,medium_airport,MG,Vohemar,-13.3758, 50.0028
WAI,Ambalabe Airport,medium_airport,MG,Antsohihy,-14.898799896240234, 47.993900299072266
WMA,Mandritsara Airport,small_airport,MG,Mandritsara,-15.845992, 48.834718
IVA,Ampampamena Airport,small_airport,MG,,-13.484816, 48.632702
WBO,Antsoa Airport,small_airport,MG,Beroroha,-21.606983764699997, 45.136020183599996
WMD,Mandabe Airport,small_airport,MG,Mandabe,-21.0463049303, 44.9404120445
FTU,Tôlanaro Airport,medium_airport,MG,Tôlanaro,-25.038099, 46.9561
WFI,Fianarantsoa Airport,medium_airport,MG,Fianarantsoa,-21.441601, 47.111698
RVA,Farafangana Airport,small_airport,MG,Farafangana,-22.8053, 47.820599
IHO,Ihosy Airport,small_airport,MG,Ihosy,-22.404720202399997, 46.1649370193
MJA,Manja Airport,small_airport,MG,Manja,-21.426105, 44.316509
WVK,Manakara Airport,medium_airport,MG,Manakara,-22.119699, 48.021702
OVA,Bekily Airport,small_airport,MG,Bekily,-24.235694754699995, 45.3045272827
MNJ,Mananjary Airport,medium_airport,MG,Mananjary,-21.201799, 48.358299
TDV,Samangoky Airport,small_airport,MG,Tanandava,-21.700000762939453, 43.733001708984375
MXM,Morombe Airport,medium_airport,MG,Morombe,-21.753837, 43.374753
TLE,Toliara Airport,medium_airport,MG,Toliara,-23.3834, 43.7285
VND,Vangaindrano Airport,small_airport,MG,Vangaindrano,-23.350766591499998, 47.581701278699995
BKU,Betioky Airport,small_airport,MG,Betioky,-23.732999801635742, 44.388999938964844
AMP,Ampanihy Airport,small_airport,MG,Ampanihy,-24.69969940185547, 44.73419952392578
WAK,Ankazoabo Airport,small_airport,MG,Ankazoabo,-22.2964423522, 44.5315361023
AZZ,Ambriz Airport,small_airport,AO,Ambriz,-7.86221981048584, 13.116100311279297
SSY,Mbanza Congo Airport,medium_airport,AO,Mbanza Congo,-6.269899845123291, 14.246999740600586
BUG,Benguela 17th of September Airport,medium_airport,AO,Benguela,-12.609, 13.4037
GGC,Lumbala Airport,small_airport,AO,Lumbala N'guimbo,-14.105106, 21.45083
CAB,Cabinda Airport,medium_airport,AO,Cabinda,-5.59699010848999, 12.188400268554688
CFF,Cafunfo Airport,small_airport,AO,Cafunfo,-8.783610343933105, 17.989700317382812
PGI,Chitato Airport,small_airport,AO,Chitato,-7.358890056610107, 20.80470085144043
CBT,Catumbela Airport,medium_airport,AO,Catumbela,-12.4792, 13.4869
CTI,Cuito Cuanavale Airport,small_airport,AO,Cuito Cuanavale,-15.160300254821777, 19.156099319458008
CXM,Camaxilo Airport,small_airport,AO,Camaxilo,-8.37360954284668, 18.923599243164062
CAV,Cazombo Airport,small_airport,AO,Cazombo,-11.8931, 22.916239
FND,Funadhoo Airport,small_airport,MV,Funadhoo,6.162443, 73.28752
DUE,Dundo Airport,medium_airport,AO,Chitato,-7.400889873504639, 20.818500518798828
FNE,Fane Airport,small_airport,PG,Fane Mission,-8.54927777778, 147.085833333
VPE,Ngjiva Pereira Airport,medium_airport,AO,Ngiva,-17.0435009003, 15.683799743700002
NOV,Nova Lisboa Airport,medium_airport,AO,Huambo,-12.808899879455566, 15.760499954223633
SVP,Kuito Airport,medium_airport,AO,Kuito,-12.404600143433, 16.947399139404
LLT,Lobito Airport,small_airport,AO,Lobito,-12.3712, 13.5366
LBZ,Lucapa Airport,small_airport,AO,Lucapa,-8.445727348330001, 20.7320861816
LAD,Quatro de Fevereiro International Airport,large_airport,AO,Luanda,-8.85837, 13.2312
LZM,Luzamba Airport,small_airport,AO,Luzamba,-9.11596012115, 18.049299240099998
MEG,Malanje Airport,medium_airport,AO,Malanje,-9.525090217590332, 16.312400817871094
SPP,Menongue Airport,medium_airport,AO,Menongue,-14.657600402832031, 17.71980094909668
MSZ,Welwitschia Mirabilis International Airport,medium_airport,AO,Moçâmedes,-15.2612, 12.1468
GXG,Negage Airport,medium_airport,AO,Negage,-7.754509925842285, 15.287699699401855
PBN,Porto Amboim Airport,medium_airport,AO,Port Amboim,-10.722000122070312, 13.76550006866455
VHC,Saurimo Airport,medium_airport,AO,Saurimo,-9.689069747924805, 20.431900024414062
SZA,Soyo Airport,medium_airport,AO,Soyo,-6.141089916229248, 12.371800422668457
NDD,Sumbe Airport,medium_airport,AO,Sumbe,-11.167900085449219, 13.84749984741211
UAL,Luau Airport,small_airport,AO,Luau,-10.715800285339355, 22.23110008239746
SDD,Lubango Airport,medium_airport,AO,Lubango,-14.924699783325195, 13.574999809265137
LUO,Luena Airport,medium_airport,AO,Luena,-11.768099784851074, 19.8976993560791
UGO,Uige Airport,medium_airport,AO,Uige,-7.60306978225708, 15.027799606323242
CEO,Waco Kungo Airport,small_airport,AO,Waco Kungo,-11.426400184631348, 15.101400375366211
XGN,Xangongo Airport,medium_airport,AO,Xangongo,-16.755399703979492, 14.965299606323242
ARZ,N'zeto Airport,small_airport,AO,N'zeto,-7.259439945220947, 12.863100051879883
NZA,Nzagi Airport,small_airport,AO,Nzagi,-7.716939926149999, 21.358200073200003
BGB,Booue Airport,small_airport,GA,Booue,-0.1075, 11.9438
KDN,Ndende Airport,small_airport,GA,Ndende,-2.4, 11.367
FOU,Fougamou Airport,small_airport,GA,Fougamou,-1.278325, 10.612497
MBC,M'Bigou Airport,small_airport,GA,M'Bigou,-1.8830000162124634, 11.932999610900879
MGX,Moabi Airport,small_airport,GA,Moabi,-2.455187, 10.9358
KDJ,Ville Airport,small_airport,GA,N'Djolé,-0.18299999833106995, 10.75
KOU,Koulamoutou Mabimbi Airport,medium_airport,GA,Koulamoutou,-1.1846100091934, 12.441300392151
MJL,Mouilla Ville Airport,medium_airport,GA,Mouila,-1.845139980316162, 11.056699752807617
OYE,Oyem Airport,medium_airport,GA,Oyem,1.5431100130081177, 11.581399917602539
OKN,Okondja Airport,medium_airport,GA,Okondja,-0.6652140021324158, 13.673100471496582
LBQ,Lambarene Airport,medium_airport,GA,Lambarene,-0.7043889760971069, 10.245699882507324
MVX,Minvoul Airport,small_airport,GA,Minvoul,2.1500000953674316, 12.133000373840332
BMM,Bitam Airport,medium_airport,GA,Bitam,2.0756399631500244, 11.493200302124023
MFF,Moanda Airport,small_airport,GA,Moanda,-1.53299999237, 13.2670001984
MKB,Mekambo Airport,small_airport,GA,Mekambo,1.0169999599456787, 13.932999610900879
POG,Port Gentil Airport,medium_airport,GA,Port Gentil,-0.7117390036582947, 8.754380226135254
OMB,Omboue Hospital Airport,medium_airport,GA,Omboue,-1.57473, 9.26269
IGE,Tchongorove Airport,small_airport,GA,Iguela,-1.930801, 9.319577
MKU,Makokou Airport,medium_airport,GA,Makokou,0.5792109966278076, 12.890899658203125
LBV,Libreville Leon M'ba International Airport,medium_airport,GA,Libreville,0.458600014448, 9.412280082699999
MZC,Mitzic Airport,small_airport,GA,Mitzic,0.7829999923706055, 11.550000190734863
MVB,M'Vengue El Hadj Omar Bongo Ondimba International Airport,medium_airport,GA,Franceville,-1.6561599969863892, 13.437999725341797
LTL,Lastourville Airport,small_airport,GA,Lastourville,-0.8266670107841492, 12.748600006103516
TCH,Tchibanga Airport,small_airport,GA,Tchibanga,-2.88848, 10.955429
MYB,Mayumba Airport,small_airport,GA,Mayumba,-3.458372, 10.676539
FOY,Foya Airport,small_airport,LR,Foya,8.3513, -10.2269
PCP,Principe Airport,medium_airport,ST,São Tomé & Príncipe,1.66294, 7.41174
TMS,São Tomé International Airport,medium_airport,ST,São Tomé,0.378175, 6.71215
ANO,Angoche Airport,small_airport,MZ,Angoche,-16.181869506835938, 39.94521713256836
BEW,Beira Airport,medium_airport,MZ,Beira,-19.79640007019043, 34.90760040283203
FXO,Cuamba Airport,small_airport,MZ,Cuamba,-14.815, 36.529999
VPY,Chimoio Airport,medium_airport,MZ,Chimoio,-19.15130043029785, 33.42900085449219
IHC,Inhaca Airport,small_airport,MZ,Inhaca,-25.9971446991, 32.929351806599996
INH,Inhambane Airport,medium_airport,MZ,Inhambane,-23.8764, 35.408501
VXC,Lichinga Airport,medium_airport,MZ,Lichinga,-13.274, 35.2663
LFB,Lumbo Airport,small_airport,MZ,Lumbo,-15.0331001282, 40.671699523899996
MPM,Maputo Airport,large_airport,MZ,Maputo,-25.920799, 32.572601
MUD,Mueda Airport,medium_airport,MZ,Mueda,-11.672900199890137, 39.5630989074707
MZB,Mocímboa da Praia Airport,medium_airport,MZ,Mocímboa da Praia,-11.361800193786621, 40.35490036010742
MNC,Nacala Airport,small_airport,MZ,Nacala,-14.488200187683105, 40.71220016479492
APL,Nampula Airport,medium_airport,MZ,Nampula,-15.105600357055664, 39.28179931640625
POL,Pemba Airport,medium_airport,MZ,Pemba / Porto Amelia,-12.991762161254883, 40.52401351928711
PDD,Ponta do Ouro Airport,small_airport,MZ,Ponta do Ouro,-26.826913, 32.838444
UEL,Quelimane Airport,medium_airport,MZ,Quelimane,-17.855499267578125, 36.86909866333008
TET,Chingozi Airport,medium_airport,MZ,Tete,-16.104799270629883, 33.640201568603516
VNX,Vilankulo Airport,medium_airport,MZ,Vilanculo,-22.018400192260742, 35.31330108642578
VJB,Xai-Xai Airport,small_airport,MZ,Xai-Xai,-25.037799835205078, 33.62739944458008
DES,Desroches Airport,small_airport,SC,Desroches Island,-5.6967, 53.6558
SEZ,Seychelles International Airport,large_airport,SC,Mahe Island,-4.67434, 55.521801
FSL,Fossil Downs Airport,small_airport,AU,Fossil Downs Station,-18.1321, 125.7873
PRI,Praslin Airport,medium_airport,SC,Grand Anse,-4.31929, 55.691399
BDI,Bird Island Airport,small_airport,SC,Bird Island,-3.72472, 55.205299
DEI,Denis Island Airport,small_airport,SC,Denis Island,-3.80222, 55.666901
FRK,Frégate Island Airport,small_airport,SC,Frégate Island,-4.582785, 55.944928
SRH,Sarh Airport,small_airport,TD,Sarh,9.14444, 18.374399
OGR,Bongor Airport,small_airport,TD,Bongor,10.288345, 15.379561
AEH,Abeche Airport,medium_airport,TD,Abeche,13.847, 20.844299
MQQ,Moundou Airport,medium_airport,TD,Moundou,8.62441, 16.0714
LTC,Lai Airport,small_airport,TD,Lai,9.3979, 16.3125
ATV,Ati Airport,small_airport,TD,Ati,13.239778, 18.315893
NDJ,N'Djamena International Airport,large_airport,TD,N'Djamena,12.1337, 15.034
BKR,Bokoro Airport,small_airport,TD,Bokoro,12.385511, 17.070989
OTC,Bol-Berim Airport,small_airport,TD,Bol,13.443574, 14.739254
MVO,Mongo Airport,small_airport,TD,Mongo,12.17048, 18.675642
AMC,Am Timan Airport,small_airport,TD,Am Timan,11.0340003967, 20.274000167799997
PLF,Pala Airport,small_airport,TD,Pala,9.378060340881348, 14.925000190734863
OUT,Bousso Airport,small_airport,TD,Bousso,10.482999801635742, 16.716999053955078
AMO,Mao Airport,small_airport,TD,Mao,14.145600318908691, 15.314399719238281
FYT,Faya Largeau Airport,medium_airport,TD,,17.917101, 19.111099
FUB,Fulleborn Airport,small_airport,PG,Fulleborn,-6.1518, 150.6264
BZH,Bumi Hills Airport,small_airport,ZW,Bumi,-16.816485, 28.344786
BUQ,Joshua Mqabuko Nkomo International Airport,medium_airport,ZW,Bulawayo,-20.017401, 28.617901
CHJ,Chipinge Airport,small_airport,ZW,Chipinge,-20.20669937133789, 32.628299713134766
BFO,Buffalo Range Airport,medium_airport,ZW,Chiredzi,-21.008101, 31.5786
VFA,Victoria Falls International Airport,medium_airport,ZW,Victoria Falls,-18.09589958190918, 25.839000701904297
HRE,Robert Gabriel Mugabe International Airport,large_airport,ZW,Harare,-17.931801, 31.0928
KAB,Kariba International Airport,medium_airport,ZW,Kariba,-16.5198, 28.885
MJW,Mahenye Airport,small_airport,ZW,Gonarezhou National Park,-21.231, 32.3336
UTA,Mutare Airport,small_airport,ZW,Mutare,-18.997499465942, 32.627201080322
MVZ,Masvingo International Airport,medium_airport,ZW,Masvingo,-20.055299758911133, 30.859100341796875
GWE,Gweru - Thornhill Air Base,medium_airport,ZW,Gweru,-19.436718, 29.861945
HWN,Hwange National Park Airport,medium_airport,ZW,Hwange,-18.629899978637695, 27.020999908447266
WKI,Hwange (Town) Airport,small_airport,ZW,Hwange,-18.362967, 26.519791
CEH,Chelinda Malawi Airport,small_airport,MW,,-10.5500001907, 33.799999237099996
BLZ,Chileka International Airport,medium_airport,MW,Blantyre,-15.679100036621094, 34.9739990234375
CMK,Club Makokola Airport,small_airport,MW,Club Makokola,-14.306483, 35.131477
DWA,Dwangwa Airport,medium_airport,MW,Dwangwa,-12.517527, 34.131877
KGJ,Karonga Airport,medium_airport,MW,Karonga,-9.953570365905762, 33.893001556396484
KBQ,Kasungu Airport,small_airport,MW,Kasungu,-13.014599800109863, 33.46860122680664
LLW,Lilongwe International Airport,medium_airport,MW,Lilongwe,-13.7894001007, 33.78099823
LIX,Likoma Island Airport,small_airport,MW,Likoma Island,-12.079787, 34.736253
MAI,Mangochi Airport,medium_airport,MW,Mangochi,-14.482999801635742, 35.266998291015625
MYZ,Monkey Bay Airport,small_airport,MW,Monkey Bay,-14.083600044299999, 34.9197006226
LMB,Salima Airport,small_airport,MW,Salima,-13.755892702500002, 34.5841884613
ZZU,Mzuzu Airport,medium_airport,MW,Mzuzu,-11.444700241088867, 34.01179885864258
LEF,Lebakeng Airport,small_airport,LS,Lebakeng,-29.89080047607422, 28.65559959411621
LRB,Leribe Airport,small_airport,LS,Leribe,-28.855600357055664, 28.052799224853516
LES,Lesobeng Airport,small_airport,LS,Lesobeng,-29.755583, 28.357054
MFC,Mafeteng Airport,small_airport,LS,Mafeteng,-29.80109977722168, 27.243600845336914
MKH,Mokhotlong Airport,small_airport,LS,Mokhotlong,-29.28179931640625, 29.072799682617188
MSU,Moshoeshoe I International Airport,medium_airport,LS,Maseru,-29.462299346923828, 27.552499771118164
NKU,Nkaus Airport,small_airport,LS,Nkaus,-30.021699905396, 28.196899414062
PEL,Pelaneng Airport,small_airport,LS,Pelaneng,-29.1206, 28.505301
UTG,Quthing Airport,small_airport,LS,Quthing,-30.407499313354492, 27.693300247192383
UNE,Qacha's Nek Airport,small_airport,LS,Qacha's Nek,-30.1117000579834, 28.671899795532227
SHK,Sehonghong Airport,small_airport,LS,Sehonghong,-29.731088, 28.767945
SKQ,Sekakes Airport,small_airport,LS,Sekakes,-30.03890037536621, 28.37030029296875
SOK,Semonkong Airport,small_airport,LS,Semonkong,-29.838600158691406, 28.059999465942383
SHZ,Seshutes Airport,small_airport,LS,Seshutes,-29.26759910583496, 28.55229949951172
THB,Thaba-Tseka Airport,small_airport,LS,Thaba-Tseka,-29.52280044555664, 28.615800857543945
TKO,Tlokoeng Airport,small_airport,LS,Tlokoeng,-29.232999801635742, 28.882999420166016
AIW,Ai-Ais Airport,small_airport,NA,Ai-Ais,-27.995, 17.5966
ADI,Arandis Airport,medium_airport,NA,Arandis,-22.461875, 14.979322
GOG,Gobabis Airport,small_airport,NA,Gobabis,-22.5044, 18.973101
GFY,Grootfontein Airport,medium_airport,NA,Grootfontein,-19.60219955444336, 18.122699737548828
HAL,Halali Airport,small_airport,NA,Halali,-19.0285, 16.4585
KAS,Karasburg Airport,small_airport,NA,Karasburg,-28.0297, 18.7385
MPA,Katima Mulilo Airport,small_airport,NA,Mpacha,-17.634399, 24.176701
KMP,Keetmanshoop Airport,medium_airport,NA,Keetmanshoop,-26.5398006439209, 18.111400604248047
LHU,Lianshulu Airport,small_airport,NA,Lianshulu Lodge,-18.116495, 23.39346
LUD,Luderitz Airport,medium_airport,NA,Luderitz,-26.687400817871094, 15.242899894714355
MJO,Mount Etjo Airport,small_airport,NA,Mount Etjo Safari Lodge,-21.0233001709, 16.4528007507
MQG,Midgard Airport,small_airport,NA,Midgard,-22.0106, 17.37
OKU,Mokuti Lodge Airport,small_airport,NA,Mokuti Lodge,-18.81279945373535, 17.05940055847168
NNI,Namutoni Airport,small_airport,NA,Namutoni,-18.8064, 16.9272
OND,Ondangwa Airport,medium_airport,NA,Ondangwa,-17.878201, 15.9526
OMG,Omega Airport,small_airport,NA,Omega,-18.0303, 22.189699
OMD,Oranjemund Airport,medium_airport,NA,Oranjemund,-28.5847, 16.446699
OKF,Okaukuejo Airport,small_airport,NA,Okaukuejo,-19.149200439453125, 15.91189956665039
OPW,Opuwa Airport,small_airport,NA,Opuwa,-18.061424, 13.85047
OHI,Oshakati Airport,small_airport,NA,Oshakati,-17.797, 15.6993
OTJ,Otjiwarongo Airport,small_airport,NA,Otjiwarongo,-20.4347, 16.660801
NDU,Rundu Airport,medium_airport,NA,Rundu,-17.956499099731, 19.719400405884
RHN,Skorpion Mine Airport,small_airport,NA,Rosh Pinah,-27.8763999939, 16.6478004456
SWP,Swakopmund Municipal Aerodrome,small_airport,NA,Swakopmund,-22.6619, 14.5681
SZM,Sesriem Airstrip,small_airport,NA,,-24.512800216675, 15.746700286865
TCY,Terrace Bay Airport,small_airport,NA,Terrace Bay,-19.9713, 13.0249
TSB,Tsumeb Airport,medium_airport,NA,Tsumeb,-19.26189994812, 17.732500076294
WVB,Walvis Bay Airport,medium_airport,NA,Walvis Bay,-22.9799, 14.6453
ERS,Eros Airport,medium_airport,NA,Windhoek,-22.612199783325195, 17.080400466918945
WDH,Hosea Kutako International Airport,large_airport,NA,Windhoek,-22.4799, 17.4709
FIH,Ndjili International Airport,large_airport,CD,Kinshasa,-4.38575, 15.4446
NLO,Ndolo Airport,medium_airport,CD,N'dolo,-4.32666015625, 15.327500343323
MNB,Muanda Airport,small_airport,CD,Muanda,-5.930637, 12.351334
BOA,Boma Airport,small_airport,CD,Boma,-5.854, 13.064
LZI,Luozi Airport,small_airport,CD,Luozi,-4.943881, 14.123337
MAT,Tshimpi Airport,small_airport,CD,Matadi,-5.799610137939453, 13.440400123596191
NKL,N'Kolo-Fuma Airport,small_airport,CD,N'Kolo-Fuma,-5.421, 14.8169
INO,Inongo Airport,small_airport,CD,Inongo,-1.94722, 18.285801
NIO,Nioki Airport,small_airport,CD,Nioki,-2.717453, 17.685735
FDU,Bandundu Airport,medium_airport,CD,Bandundu,-3.31132, 17.381701
KRZ,Kiri Airport,small_airport,CD,Kiri,-1.499806, 18.928456
KKW,Kikwit Airport,medium_airport,CD,Kikwit,-5.03577, 18.785601
IDF,Idiofa Airport,small_airport,CD,Idiofa,-5, 19.600000381469727
LUS,Lusanga Airport,small_airport,CD,Lusanga,-4.800000190734863, 18.716999053955078
MSM,Masi Manimba Airport,small_airport,CD,Masi Manimba,-4.7829999923706055, 17.850000381469727
MDK,Mbandaka Airport,medium_airport,CD,Mbandaka,0.0226000007242, 18.2887001038
BSU,Basankusu Airport,small_airport,CD,Basankusu,1.22472, 19.7889
LIE,Libenge Airport,small_airport,CD,Libenge,3.626584, 18.638477
BDT,Gbadolite Airport,medium_airport,CD,Gbadolite,4.252745, 20.975271
GMA,Gemena Airport,medium_airport,CD,Gemena,3.23537, 19.771299
KLI,Kotakoli Airbase,small_airport,CD,Kotakoli,4.156991, 21.66667
BMB,Bumbar Airport,small_airport,CD,Bumbar,2.183261, 22.479572
LIQ,Lisala Airport,medium_airport,CD,Lisala,2.17066, 21.496901
BNB,Boende Airport,small_airport,CD,Boende,-0.286652, 20.883551
IKL,Ikela Airport,small_airport,CD,Ikela,-1.048109, 23.372501
FKI,Bangoka International Airport,medium_airport,CD,Kisangani,0.481638997793, 25.3379993439
YAN,Yangambi Airport,small_airport,CD,Yangambi,0.7829999923706055, 24.466999053955078
IRP,Matari Airport,medium_airport,CD,Isiro,2.82761, 27.588301
BUX,Bunia Airport,medium_airport,CD,Bunia,1.565743, 30.220685
BZU,Buta Zega Airport,medium_airport,CD,Buta,2.818058, 24.793997
BKY,Bukavu Kavumu Airport,medium_airport,CD,Kamakombe,-2.30898, 28.8088
RUE,Rughenda Airfield,small_airport,CD,Butembo,0.117142, 29.312992
GOM,Goma International Airport,medium_airport,CD,Goma,-1.66617, 29.237929
BNC,Beni Airport,small_airport,CD,Beni,0.575, 29.4739
KND,Kindu Airport,medium_airport,CD,Kindu,-2.91917991638, 25.915399551399997
KLY,Kinkungwa Airport,small_airport,CD,Kalima,-2.578000068664551, 26.733999252319336
PUN,Punia Airport,small_airport,CD,Punia,-1.390698, 26.348146
FBM,Lubumbashi International Airport,medium_airport,CD,Lubumbashi,-11.5913000107, 27.5308990479
PWO,Pweto Airport,small_airport,CD,Pweto,-8.468591, 28.88971
KEC,Kasenga Airport,small_airport,CD,Kasenga,-10.350000381469727, 28.632999420166016
KWZ,Kolwezi Airport,medium_airport,CD,Kolwezi,-10.7659, 25.505699
MNO,Manono Airport,small_airport,CD,Manono,-7.28889, 27.3944
BDV,Moba Airport,small_airport,CD,Moba,-7.08488, 29.737072
FMI,Kalemie Airport,medium_airport,CD,Kalemie,-5.87556, 29.25
KBO,Kabalo Airport,small_airport,CD,Kabalo,-6.083, 26.917
KOO,Kongolo Airport,small_airport,CD,Kongolo,-5.393898, 26.989932
KMN,Kamina City Airport,small_airport,CD,Kamina,-8.728878, 24.991407
KAP,Kapanga Airport,small_airport,CD,Kapanga,-8.371157, 22.647457
KNM,Kaniama Airport,small_airport,CD,Kaniama,-7.599343, 24.158592
KGA,Kananga Airport,medium_airport,CD,Kananga,-5.90005, 22.4692
LZA,Luiza Airport,small_airport,CD,Luiza,-7.189971, 22.39254
TSH,Tshikapa Airport,small_airport,CD,Tshikapa,-6.43833, 20.794701
LJA,Lodja Airport,small_airport,CD,Lodja,-3.462745, 23.615162
LBO,Lusambo Airport,small_airport,CD,Lusambo,-4.96167, 23.3783
MEW,Mweka Airport,small_airport,CD,Mweka,-4.855027, 21.541786
BAN,Basongo Airport,small_airport,CD,Basongo,-4.315802, 20.414891
PFR,Ilebo Airport,small_airport,CD,Ilebo,-4.329919, 20.590124
MJM,Mbuji Mayi Airport,medium_airport,CD,Mbuji Mayi,-6.121240139010001, 23.569000244099996
KBN,Tunta Airport,small_airport,CD,Kabinda,-6.120761, 24.546204
AKE,Akieni Airport,small_airport,GA,Akieni,-1.13967001438, 13.9035997391
GAX,Gamba Airport,small_airport,GA,Gamba,-2.785278, 10.047222
GAB,Gabbs Airport,small_airport,US,Gabbs,38.923173, -117.9572
BKO,Modibo Keita International Airport,large_airport,ML,Bamako,12.5335, -7.94994
GUD,Goundam Airport,small_airport,ML,Goundam,16.358426, -3.604536
GAQ,Gao Airport,medium_airport,ML,,16.2484, -0.005456
KNZ,Kenieba Airport,small_airport,ML,Kenieba,12.833000183105469, -11.25
KTX,Koutiala Airport,small_airport,ML,Koutiala,12.383000373840332, -5.4670000076293945
KYS,Kayes Dag Dag Airport,medium_airport,ML,,14.4812, -11.4044
MZI,Mopti Ambodédjo International Airport,medium_airport,ML,Sévaré,14.5128, -4.07956
NRM,Nara Airport,small_airport,ML,Nara,15.217000007629395, -7.267000198364258
NIX,Nioro du Sahel Airport,small_airport,ML,Nioro du Sahel,15.238100051879883, -9.576109886169434
KSS,Sikasso Airport,small_airport,ML,Sikasso,11.328611, -5.684722
TOM,Timbuktu Airport,medium_airport,ML,Timbuktu,16.730499, -3.00758
EYL,Yélimané Airport,small_airport,ML,Yélimané,15.133000373840332, -10.567000389099121
GAZ,Guasopa Airport,small_airport,PG,Woodlark (Muyua) Island,-9.225918, 152.944352
DOC,Dornoch Airfield,small_airport,GB,"Dornoch, Sunderland",57.868999, -4.023
FLH,Flotta Isle Airstrip,small_airport,GB,Flotta Isle,58.825802, -3.14278
FOA,Foula Airfield,small_airport,GB,Foula,60.121725, -2.053202
OUK,Out Skerries Airfield,small_airport,GB,Grunay Island,60.4252, -0.75
PSV,Papa Stour Airport,small_airport,GB,Papa Stour Island,60.321701, -1.69306
ULL,Glenforsa Airfield,small_airport,GB,Glenforsa,56.517202, -5.91401
GBM,Garbaharey Airport,small_airport,SO,Garbaharey,3.32294, 42.21309
BJL,Banjul International Airport,large_airport,GM,Banjul,13.338, -16.652201
FUE,Fuerteventura Airport,large_airport,ES,El Matorral,28.4527, -13.8638
GMZ,La Gomera Airport,small_airport,ES,"Alajero, La Gomera Island",28.0296, -17.2146
VDE,El Hierro Airport,medium_airport,ES,El Hierro Island,27.8148, -17.8871
SPC,La Palma Airport,medium_airport,ES,"Sta Cruz de la Palma, La Palma Island",28.626499, -17.7556
LPA,Gran Canaria Airport,large_airport,ES,Gran Canaria Island,27.9319, -15.3866
ACE,César Manrique-Lanzarote Airport,large_airport,ES,San Bartolomé,28.945499, -13.6052
TFS,Tenerife Sur Airport,large_airport,ES,Tenerife,28.0445, -16.5725
GCV,Gravatai Airport,small_airport,BR,Gravatai,-29.9494, -50.98505
TFN,Tenerife Norte-Ciudad de La Laguna Airport,medium_airport,ES,Tenerife,28.4827, -16.341499
JCU,Ceuta Heliport,heliport,ES,Ceuta,35.892657, -5.306321
MLN,Melilla Airport,medium_airport,ES,Melilla,35.2798, -2.95626
GEW,Gewoia Airport,small_airport,PG,Gewoia,-9.2263, 148.4949
OYC,Camopi Airport,small_airport,GF,Camopi,3.172847, -52.336142
KBS,Bo Airport,medium_airport,SL,Bo,7.9444, -11.761
GFD,Pope Field,small_airport,US,Greenfield,39.790715, -85.735019
GBK,Gbangbatok Airport,small_airport,SL,Gbangbatok,7.812535, -12.377815
HGS,Hastings Airport,small_airport,SL,Freetown,8.394348, -13.128891
KBA,Kabala Airport,small_airport,SL,Kabala,9.638322913429999, -11.5155601501
KEN,Kenema Airport,medium_airport,SL,Kenema,7.896364, -11.174126
FNA,Lungi International Airport,large_airport,SL,Freetown (Lungi-Town),8.61644, -13.1955
WYE,Yengema Airport,medium_airport,SL,Yengema,8.610469818115234, -11.04539966583252
BQE,Bubaque Airport,small_airport,GW,Bubaque,11.297355651855469, -15.838079452514648
OXB,Osvaldo Vieira International Airport,medium_airport,GW,Bissau,11.894800186157227, -15.65369987487793
GHE,Garachiné Airport,small_airport,PA,Garachiné,8.0644, -78.3673
QCU,Akunnaaq Heliport,heliport,GL,Akunnaaq,68.744273, -52.340369
UCN,Buchanan Airport,small_airport,LR,Buchanan,5.905503, -10.058262
CPA,Cape Palmas Airport,small_airport,LR,Harper,4.3790202140808105, -7.6969499588012695
SNI,Greenville/Sinoe Airport,small_airport,LR,Greenville,5.032124, -9.064236
MLW,Spriggs Payne Airport,medium_airport,LR,Monrovia,6.289060115814209, -10.758700370788574
NIA,Nimba Airport,small_airport,LR,Nimba,7.494459, -8.584514
GLP,Gulgubip Airport,small_airport,PG,Gulgubip,-5.2808, 141.5411
ROB,Roberts International Airport,large_airport,LR,Monrovia,6.23379, -10.3623
SAZ,Sasstown Airport,small_airport,LR,Sasstown,4.681845, -8.434668
THC,Tchien Airport,small_airport,LR,Zwedru,6.04565, -8.138723
VOI,Voinjama Airport,small_airport,LR,Voinjama,8.32347, -9.769249
AGA,Al Massira Airport,medium_airport,MA,Agadir (Temsia),30.322478, -9.412003
TTA,Tan Tan Airport,medium_airport,MA,Tan Tan,28.448200225830078, -11.161299705505371
UAR,Bouarfa Airport,medium_airport,MA,Bouarfa,32.5143055556, -1.98305555556
FEZ,Fes Saïss International Airport,medium_airport,MA,Saïss,33.927299, -4.97796
ERH,Moulay Ali Cherif Airport,medium_airport,MA,Errachidia,31.9475002289, -4.39833021164
MEK,Bassatine Airport,medium_airport,MA,Meknes,33.87910079956055, -5.515120029449463
OUD,Oujda Angads Airport,medium_airport,MA,Ahl Angad,34.789558, -1.926041
SMW,Smara Airport,medium_airport,EH,Smara,26.731987, -11.683655
GMD,Ben Slimane Airport,small_airport,MA,Ben Slimane,33.655399, -7.22145
BEM,Beni Mellal Airport,small_airport,MA,Oulad Yaich,32.401895, -6.315905
RBA,Rabat-Salé Airport,medium_airport,MA,Rabat,34.051498, -6.75152
VIL,Dakhla Airport,medium_airport,EH,Dakhla,23.7183, -15.932
ESU,Essaouira-Mogador Airport,medium_airport,MA,Essaouira,31.397499, -9.68167
EUN,Hassan I Airport,medium_airport,EH,El Aaiún,27.142467, -13.224947
CMN,Mohammed V International Airport,large_airport,MA,Casablanca,33.36750030517578, -7.589970111846924
NDR,Nador Al Aaroui International Airport,medium_airport,MA,Al Aaroui,34.9888, -3.02821
RAK,Menara Airport,medium_airport,MA,Marrakech,31.606899261499997, -8.03629970551
NNA,Kenitra Air Base,medium_airport,MA,Kenitra,34.298901, -6.59588
OZZ,Ouarzazate Airport,medium_airport,MA,Ouarzazate,30.9391002655, -6.909430027010001
GMQ,Golog Maqên Airport,medium_airport,CN,Golog (Maqên),34.418066, 100.301144
AHU,Cherif Al Idrissi Airport,medium_airport,MA,Al Hoceima,35.177101135253906, -3.83951997756958
TTU,Sania Ramel Airport,medium_airport,MA,Tétouan,35.594299, -5.32002
TNG,Tangier Ibn Battuta Airport,medium_airport,MA,Tangier,35.731741, -5.921459
GNU,Goodnews Airport,small_airport,US,Goodnews,59.117401123, -161.57699585
DSS,Blaise Diagne International Airport,large_airport,SN,Dakar,14.67, -17.073333
GOC,Gora Airstrip,small_airport,PG,Gora,-9.0021, 148.2364
KDA,Kolda North Airport,small_airport,SN,Kolda,12.898500442504883, -14.968099594116211
ZIG,Ziguinchor Airport,medium_airport,SN,Ziguinchor,12.5556, -16.281799
CSK,Cap Skirring Airport,medium_airport,SN,Cap Skirring,12.39533, -16.748
KLC,Kaolack Airport,medium_airport,SN,Kaolack,14.146900177001953, -16.051300048828125
DKR,Léopold Sédar Senghor International Airport,medium_airport,SN,Dakar,14.7397, -17.4902
MAX,Ouro Sogui Airport,medium_airport,SN,Ouro Sogui,15.5936, -13.3228
POD,Podor Airport,small_airport,SN,Podor,16.678155, -14.964957
RDT,Richard Toll Airport,small_airport,SN,Richard Toll,16.437816, -15.656376
XLS,Saint Louis Airport,medium_airport,SN,Saint Louis,16.049814, -16.461039
BXE,Bakel Airport,medium_airport,SN,Bakel,14.847299575805664, -12.468299865722656
KGG,Kédougou Airport,medium_airport,SN,Kédougou,12.57229995727539, -12.22029972076416
SMY,Simenti Airport,small_airport,SN,Simenti,13.046799659729004, -13.29539966583252
TUD,Tambacounda Airport,medium_airport,SN,Tambacounda,13.736800193786621, -13.65310001373291
AEO,Aioun el Atrouss Airport,small_airport,MR,Aioun El Atrouss,16.711299896240234, -9.637880325317383
OTL,Boutilimit Airport,small_airport,MR,Boutilimit,17.52832, -14.71412
THI,Tichitt Airport,small_airport,MR,Tichitt,18.450000762939453, -9.517000198364258
TIY,Tidjikja Airport,small_airport,MR,Tidjikja,18.570101, -11.4235
BGH,Abbaye Airport,small_airport,MR,Boghe,16.63331413269043, -14.200000762939453
KFA,Kiffa Airport,small_airport,MR,Kiffa,16.59, -11.4062
TMD,Timbedra Airport,small_airport,MR,Timbedra,16.233671, -8.163464
EMN,Néma Airport,small_airport,MR,Néma,16.622, -7.3166
AJJ,Akjoujt Airport,small_airport,MR,Akjoujt,19.727998, -14.377214
KED,Kaédi Airport,small_airport,MR,Kaédi,16.1595, -13.5076
MOM,Letfotar Airport,small_airport,MR,Moudjeria,17.75, -12.5
NKC,Nouakchott–Oumtounsy International Airport,large_airport,MR,Nouakchott,18.31, -15.9697222
SEY,Sélibaby Airport,small_airport,MR,Sélibaby,15.179699897766113, -12.207300186157227
THT,Tamchakett Airport,small_airport,MR,Tamchakett,17.23157, -10.77923
ATR,Atar International Airport,medium_airport,MR,Atar,20.506799697875977, -13.04319953918457
FGD,Fderik Airport,small_airport,MR,Fderik,22.673551, -12.729262
NDB,Nouadhibou International Airport,medium_airport,MR,Nouadhibou,20.9330997467041, -17.030000686645508
OUZ,Tazadit Airport,small_airport,MR,Zouérate,22.757345, -12.482228
GRC,Grand Cess Airport,small_airport,LR,Grand Cess,4.571, -8.2076
GMT,Granite Mountain Air Station,small_airport,US,Granite Mountain,65.40209961, -161.2810059
CIQ,Chiquimula Airport,small_airport,GT,Chiquimula,14.83092, -89.520938
DON,Dos Lagunas Airport,small_airport,GT,Dos Lagunas,17.6124000549, -89.6884002686
ENJ,El Naranjo Airport,small_airport,GT,El Naranjo,14.106931, -90.817496
PCG,Paso Caballos Airport,small_airport,GT,Paso Caballos,17.2639007568, -90.25630187990001
TKM,El Petén Airport,small_airport,GT,Tikal,17.226388931274414, -89.6050033569336
UAX,Uaxactun Airport,small_airport,GT,Uaxactun,17.3938884735, -89.63274383539999
PKJ,Playa Grande Airport,small_airport,GT,Playa Grande,15.997500419600001, -90.74169921880001
GTZ,Kirawira B Aerodrome,small_airport,TZ,Grumeti Game Reserve,-2.160833, 34.225556
CKY,Conakry International Airport,medium_airport,GN,Conakry,9.57689, -13.612
GUE,Guriaso (Keraso) Airport,small_airport,PG,Guriaso,-3.583167, 141.5895
FIG,Fria Airport,small_airport,GN,Fria,10.3506, -13.5692
FAA,Faranah Airport,small_airport,GN,Faranah,10.0354995728, -10.7698001862
KSI,Kissidougou Airport,small_airport,GN,Kissidougou,9.1605596542358, -10.124400138855
LEK,Tata Airport,small_airport,GN,Labé,11.337512, -12.290869
MCA,Macenta Airport,small_airport,GN,Macenta,8.481456, -9.526048
NZE,Nzérékoré Airport,small_airport,GN,Nzérékoré,7.810413, -8.702073
BKJ,Boké Baralande Airport,small_airport,GN,Boké,10.9658, -14.2811
SBI,Sambailo Airport,small_airport,GN,Koundara,12.575315, -13.363349
GII,Siguiri Airport,small_airport,GN,Siguiri,11.399833, -9.18841
KNN,Kankan Airport,small_airport,GN,Kankan,10.448438, -9.228757
SID,Amílcar Cabral International Airport,large_airport,CV,Espargos,16.7414, -22.9494
NTO,Agostinho Neto Airport,small_airport,CV,Ponta do Sol,17.202800750732422, -25.090599060058594
BVC,Rabil Airport,medium_airport,CV,Rabil,16.136499404907227, -22.888900756835938
GVE,Gordonsville Municipal Airport,small_airport,US,Gordonsville,38.155998, -78.165802
MMO,Maio Airport,medium_airport,CV,Vila do Maio,15.155900001525879, -23.213699340820312
MTI,Mosteiros Airport,small_airport,CV,Vila do Mosteiros,15.045000076293945, -24.33919906616211
RAI,Praia International Airport,medium_airport,CV,Praia,14.924500465393066, -23.493499755859375
SFL,São Filipe Airport,small_airport,CV,São Filipe,14.8850002289, -24.4799995422
SNE,Preguiça Airport,medium_airport,CV,Preguiça,16.588852, -24.284132
VXE,São Pedro Airport,medium_airport,CV,São Pedro,16.8332, -25.0553
BCG,Bemichi Airport,small_airport,GY,Kumaka,7.640212, -58.961786
BTO,Botopasi Airport,small_airport,SR,Botopasi,4.21751109352, -55.4470539093
DOE,Djumu-Djomoe Airport,small_airport,SR,Djumu-Djomoe,4.00571261057, -55.4816436768
LDO,Ladouanie Airport,small_airport,SR,Aurora,4.37610828345, -55.407056808499995
WSO,Washabo Airport,small_airport,SR,Washabo,5.215277, -57.185302
GZI,Ghazni Airport,small_airport,AF,Ghazni,33.487853, 68.525243
ADD,Addis Ababa Bole International Airport,large_airport,ET,Addis Ababa,8.97789, 38.799301
AMH,Arba Minch Airport,medium_airport,ET,Arba Minch,6.03939, 37.5905
AXU,Axum Airport,medium_airport,ET,Axum,14.1468, 38.7728
BCO,Baco Airport,small_airport,ET,Baco,5.78287, 36.562
BJR,Bahir Dar Airport,medium_airport,ET,Bahir Dar,11.6081, 37.321602
BEI,Beica Airport,small_airport,ET,Beica,9.38639, 34.5219
DEM,Dembidollo Airport,small_airport,ET,Dembidollo,8.554, 34.858002
DBM,Debra Marcos Airport,small_airport,ET,Debra Marcos,10.350000381469727, 37.71699905395508
DIR,Aba Tenna Dejazmach Yilma International Airport,medium_airport,ET,Dire Dawa,9.624699592590332, 41.85419845581055
DBT,Debre Tabor Airport,small_airport,ET,Debre Tabor,11.967000007629395, 38
FNH,Fincha Airport,small_airport,ET,Fincha,9.584387, 37.377855
GOB,Robe Airport,small_airport,ET,Goba,7.119033, 40.045166
GNN,Ghinnir Airport,small_airport,ET,Ghinnir,7.15000009537, 40.716999054
GMB,Gambela Airport,medium_airport,ET,Gambela,8.12876, 34.563099
GDQ,Gondar Airport,medium_airport,ET,Azezo,12.5199, 37.433998
GDE,Gode Airport,medium_airport,ET,Gode,5.93513011932, 43.5786018372
GOR,Gore Airport,small_airport,ET,Gore,8.1614, 35.5529
QHR,Harar Meda Airport,medium_airport,ET,Debre Zeyit,8.7163, 39.0059
HUE,Humera Airport,small_airport,ET,Akwi,13.83012, 36.88237
JIJ,Wilwal International Airport,medium_airport,ET,Jijiga,9.3325, 42.9121
JIM,Jimma Airport,medium_airport,ET,Jimma,7.66609001159668, 36.81660079956055
ABK,Kebri Dahar Airport,medium_airport,ET,Kebri Dahar,6.732577, 44.241339
LFO,Kelafo East Airport,small_airport,ET,Kelafo,5.6570000648498535, 44.349998474121094
AWA,Hawassa International Airport,medium_airport,ET,Hawassa,7.099869, 38.396187
LLI,Lalibella Airport,small_airport,ET,Lalibela,11.975000381469727, 38.97999954223633
MKS,Mekane Selam Airport,small_airport,ET,Mekane Selam,10.7254, 38.7415
MQX,Alula Aba Nega Airport,medium_airport,ET,Mekelle,13.4674, 39.533501
ETE,Metema Airport,small_airport,ET,Metema,12.932999610899998, 36.1669998169
NDM,Mendi Airport,small_airport,ET,Mendi,9.767, 35.099998
MUJ,Mui River Airport,small_airport,ET,Omo National Park,5.8646, 35.7485
MTF,Mizan Teferi Airport,small_airport,ET,Mizan Teferi,6.9571, 35.5547
EGL,Negele Airport,small_airport,ET,Negele Borana,5.2897, 39.7023
NEJ,Nejjo Airport,small_airport,ET,Nejo,9.55, 35.466995
NEK,Nekemte Airport,small_airport,ET,Nekemte,9.034333, 36.613154
PWI,Beles Airport,small_airport,ET,Pawe,11.3126, 36.4164
SXU,Soddu Airport,small_airport,ET,Soddu,6.80281, 37.68622
SKR,Shakiso Airport,small_airport,ET,Shakiso,5.6923, 38.9764
SZE,Semera Airport,small_airport,ET,Semera,11.7875, 40.9915
ASO,Asosa Airport,medium_airport,ET,Asosa,10.018500328063965, 34.586299896240234
TIE,Tippi Airport,small_airport,ET,Tippi,7.2024, 35.415
WRA,Warder Airport,small_airport,ET,Warder,6.9724, 45.3334
HAY,Haycock Airport,small_airport,US,Haycock,65.20099639889999, -161.156997681
HAZ,Hatzfeldhaven Airport,small_airport,PG,Hatzfeldhaven,-4.4033, 145.2056
BJM,Bujumbura Melchior Ndadaye International Airport,medium_airport,BI,Bujumbura,-3.32402, 29.318501
GID,Gitega Airport,small_airport,BI,Gitega,-3.417209, 29.911308
KRE,Kirundo Airport,small_airport,BI,Kirundo,-2.544772, 30.094575
HBQ,Haibei Qilian Airport,small_airport,CN,Haibei (Qilian),38.008068, 100.645065
HBT,Hambantota Seaplane Base,seaplane_base,LK,Hambantota,6.124043, 81.103
ALU,Caluula Airport,small_airport,SO,Caluula,11.9582, 50.748
BIB,Baidoa Airport,small_airport,SO,Baidoa,3.10192, 43.627137
CXN,Qandala Airport,small_airport,SO,Qandala,11.495627, 49.909816
BSY,Baardheere Airport,small_airport,SO,Baardheere,2.330195, 42.311802
HCM,Eil Airport,small_airport,SO,Eyl,8.104, 49.82
BSA,Bosaso / Bender Qassim International Airport,small_airport,SO,Bosaso,11.275235, 49.139231
GSR,Gardo Airport,small_airport,SO,Gardo,9.517000198364258, 49.08300018310547
HGA,Egal International Airport,medium_airport,SO,Hargeisa,9.513207, 44.082389
BBO,Berbera Airport,medium_airport,SO,Berbera,10.385035, 44.936723
LGX,Lugh Ganane Airport,small_airport,SO,Luuq,3.8124, 42.5459
KMU,Kismayo Airport,medium_airport,SO,Kismayo,-0.377353, 42.459202
MGQ,Aden Adde International Airport,medium_airport,SO,Mogadishu,2.0144400596618652, 45.3046989440918
BLW,Beledweyne Airport,small_airport,SO,Beledweyne,4.766976, 45.2388
CMO,Hobyo Airport,small_airport,SO,Hobyo,5.358003, 48.515281
GLK,Galcaio Airport,small_airport,SO,Galcaio,6.78082990646, 47.45470047
CMS,Iskushuban Airport,small_airport,SO,Iskushuban,10.3, 50.233002
ERA,Erigavo Airport,small_airport,SO,Erigavo,10.642050549, 47.3879814148
BUO,Burao Airport,small_airport,SO,Burao,9.5275, 45.5549
GGR,Garowe Airport,small_airport,SO,Garowe,8.457942, 48.567407
JIB,Djibouti-Ambouli Airport,large_airport,DJ,Djibouti City,11.5473, 43.1595
AII,Ali-Sabieh Airport,small_airport,DJ,Ali-Sabieh,11.146889, 42.72
MHI,Moucha Airport,small_airport,DJ,Moucha Island,11.72975, 43.209559
OBC,Obock Airport,small_airport,DJ,Obock,11.967000007629395, 43.266998291015625
TDJ,Tadjoura Airport,small_airport,DJ,Tadjoura,11.787037, 42.917376
EMY,El Minya Airport,small_airport,EG,El Minya,28.090509, 30.738738
SQK,Sidi EL Barrani Airport,small_airport,EG,Sidi El Barrani,31.47201, 25.879272
DBB,El Alamein International Airport,medium_airport,EG,El Alamein,30.930326, 28.463076
AAC,El Arish International Airport,medium_airport,EG,El Arish,31.078565, 33.836791
ATZ,Asyut International Airport,medium_airport,EG,Asyut,27.050818, 31.016309
HBE,Borj El Arab International Airport,medium_airport,EG,Alexandria,30.93249, 29.696437
ABS,Abu Simbel Airport,medium_airport,EG,Abu Simbel,22.367657, 31.609962
CAI,Cairo International Airport,large_airport,EG,Cairo,30.111534, 31.396694
CCE,Capital International Airport,medium_airport,EG,New Cairo,30.074293, 31.84296
DAK,Ad Dakhla Airport,small_airport,EG,Dakhla Oases,25.420898, 29.001031
HRG,Hurghada International Airport,large_airport,EG,Hurghada,27.176776, 33.796692
EGH,El Jora Airport,medium_airport,EG,El Jora,31.078138, 34.153131
UVL,El Kharja Airport,small_airport,EG,Kharja Oases,25.471483, 30.588491
LXR,Luxor International Airport,medium_airport,EG,Luxor,25.674629, 32.700012
RMF,Marsa Alam International Airport,medium_airport,EG,Marsa Alam,25.555548, 34.59245
MUH,Marsa Matruh International Airport,medium_airport,EG,Marsa Matruh,31.338225, 27.217577
HEO,Haelogo Airport,small_airport,PG,Haelogo,-9.13658, 147.598434
GSQ,El Owainat East International Airport,small_airport,EG,Sharq El Owainat,22.584256, 28.721609
PSD,Port Said International Airport,medium_airport,EG,Port Said,31.279285, 32.240582
SKV,Saint Catherine International Airport,medium_airport,EG,Saint Catherine,28.684601, 34.062681
HMB,Suhaj Mubarak International Airport,medium_airport,EG,Suhaj,26.339115, 31.737624
SSH,Sharm El Sheikh International Airport,large_airport,EG,Sharm El Sheikh,27.977272, 34.394717
ASW,Aswan International Airport,medium_airport,EG,Aswan,23.968137, 32.824445
SEW,Siwa Oasis North Airport,small_airport,EG,Siwa Oasis,29.346234, 25.505624
SPX,Sphinx International Airport,medium_airport,EG,Al Jiza,30.108078, 30.889252
TCP,Taba International Airport,medium_airport,EG,Taba,29.594496, 34.775752
ELT,Et Tur Airport,small_airport,EG,Et Tur,28.215049, 33.63533
HEY,Hanchey Army (Fort Rucker) Heliport,heliport,US,Fort Rucker Ozark,31.34600067, -85.65429688
HGT,Tusi (Hunter Liggett) Army Heliport,heliport,US,Jolon,35.9935, -121.237
ASM,Asmara International Airport,medium_airport,ER,Asmara,15.291899681091309, 38.910701751708984
MSW,Massawa International Airport,medium_airport,ER,Massawa,15.670000076293945, 39.37009811401367
ASA,Assab International Airport,medium_airport,ER,Asab,13.071800231933594, 42.64500045776367
TES,Tessenei Airport,small_airport,ER,Tessenei,15.104322, 36.681711
HPV,Princeville Airport,small_airport,US,Hanalei,22.209313, -159.44515
WKL,Waikoloa Heliport,heliport,US,Waikoloa Village,19.920546, -155.860628
HIA,Huai'an Lianshui International Airport,medium_airport,CN,Huai'an,33.790833, 119.125
HIL,Shilavo Airport,small_airport,ET,Shilavo,6.077545, 44.763736
JUB,Juba International Airport,large_airport,SS,Juba,4.87201, 31.601101
ASV,Amboseli Airport,medium_airport,KE,Amboseli National Park,-2.645050048828125, 37.25310134887695
HKB,Healy Lake Airport,small_airport,US,Healy Lake,63.9958, -144.6926
EDL,Eldoret International Airport,medium_airport,KE,Eldoret,0.4044579863548279, 35.23889923095703
EYS,Eliye Springs Airport,small_airport,KE,Eliye Springs,3.23635, 35.97664
KLK,Kalokol Airport,small_airport,KE,Kalokol,3.49161, 35.836777
GAS,Garissa Airport,small_airport,KE,Garissa,-0.4635080099105835, 39.64830017089844
HOA,Hola Airport,small_airport,KE,Hola,-1.5219999551773071, 40.00400161743164
NBO,Jomo Kenyatta International Airport,large_airport,KE,Nairobi,-1.31923997402, 36.9277992249
KEU,Keekorok Airport,small_airport,KE,Keekorok,-1.586345, 35.257455
GGM,Kakamega Airport,small_airport,KE,Kakamega,0.271342009306, 34.7873001099
KIS,Kisumu Airport,medium_airport,KE,Kisumu,-0.0861390009522438, 34.72890090942383
ILU,Kilaguni Airport,small_airport,KE,Kilaguni,-2.9106099605560303, 38.06520080566406
KEY,Kericho Airport,small_airport,KE,Kericho,-0.3899, 35.242093
KTL,Kitale Airport,medium_airport,KE,Kitale,0.9719889760017395, 34.95859909057617
LKG,Lokichoggio Airport,medium_airport,KE,Lokichoggio,4.20412015914917, 34.348201751708984
LOK,Lodwar Airport,medium_airport,KE,Lodwar,3.1219699382781982, 35.608699798583984
LAU,Manda Airport,medium_airport,KE,Lamu,-2.252431, 40.912892
LOY,Loyengalani Airport,small_airport,KE,Loyengalani,2.75, 36.71699905395508
NDE,Mandera Airport,small_airport,KE,Mandera,3.933000087738037, 41.849998474121094
RBT,Marsabit Airport,small_airport,KE,Marsabit,2.344254, 37.999996
JJM,Mulika Lodge Airport,small_airport,KE,Meru-Kinna,0.165083, 38.195141
MYD,Malindi Airport,medium_airport,KE,Malindi,-3.2293100357055664, 40.10169982910156
MBA,Moi International Airport,large_airport,KE,Mombasa,-4.03483, 39.5942
MRE,Mara Serena Lodge Airstrip,medium_airport,KE,Masai Mara,-1.406111, 35.008057
OYL,Moyale Airport,small_airport,KE,Moyale (Lower),3.46972, 39.101398
NYE,Nyeri Airport,small_airport,KE,Nyeri,-0.3644140064716339, 36.978485107421875
NUU,Nakuru Airport,small_airport,KE,Nakuru,-0.298067, 36.159302
WIL,Nairobi Wilson Airport,medium_airport,KE,Nairobi,-1.321720004081726, 36.81480026245117
NYK,Nanyuki Airport,medium_airport,KE,Nanyuki,-0.062399, 37.041008
UAS,Samburu Airport,small_airport,KE,Samburu,0.534069, 37.531991
UKA,Ukunda Airstrip,small_airport,KE,Ukunda,-4.29333, 39.571098
WJR,Wajir Airport,medium_airport,KE,Wajir,1.73324, 40.091599
SRX,Sirt International Airport / Ghardabiya Airbase,medium_airport,LY,Sirt,31.063499, 16.594999
GHT,Ghat Airport,medium_airport,LY,Ghat,25.1455993652, 10.142600059500001
AKF,Kufra Airport,medium_airport,LY,Kufra,24.178699493408203, 23.31399917602539
BEN,Benina International Airport,medium_airport,LY,Benina,32.096802, 20.269501
MJI,Mitiga International Airport,large_airport,LY,Tripoli,32.89177, 13.287878
LAQ,Al Abraq International Airport,medium_airport,LY,Al Albraq,32.7887, 21.9643
SEB,Sabha Airport,medium_airport,LY,Sabha,26.992452, 14.466162
LMQ,Marsa al Brega Airport,medium_airport,LY,Marsa al Brega,30.378099, 19.576401
NFR,Nafurah 1 Airport,small_airport,LY,Nafurah 1,29.2132, 21.5924
HUQ,Hon Airport,small_airport,LY,,29.1101, 15.9656
LTD,Ghadames East Airport,medium_airport,LY,Ghadames,30.15169906616211, 9.715310096740723
TOB,Tobruk International Airport,small_airport,LY,Adam,31.861, 23.907
ZIS,Alzintan Airport,small_airport,LY,Zintan,31.774878, 12.25006
WAX,Zuwarah International Airport,small_airport,LY,Zuwarah,32.952301, 12.0155
EDQ,Erandique Airport,small_airport,HN,Erandique,14.235833, -88.437225
HOO,Nhon Co Airfield,small_airport,VN,Đăk R'Lấp,11.9787, 107.5638
HRC,Sary Su Airport,small_airport,KZ,Zhayrem,48.3974, 70.1915
GYI,Gisenyi Airport,medium_airport,RW,Gisenyi,-1.6771999597549438, 29.258899688720703
BTQ,Butare Airport,small_airport,RW,Butare,-2.595829963684082, 29.7367000579834
KGL,Kigali International Airport,large_airport,RW,Kigali,-1.96863, 30.1395
RHG,Ruhengeri Airport,small_airport,RW,Ruhengeri,-1.496873, 29.631343
KME,Kamembe Airport,medium_airport,RW,Kamembe,-2.462239980697632, 28.907899856567383
ATB,Atbara Airport,small_airport,SD,Atbara,17.710344314575195, 34.0570182800293
EDB,Al Dabbah Airport,small_airport,SD,Al Dabbah,18.0146, 30.9595
DOG,Dongola Airport,medium_airport,SD,Dongola,19.153900146499996, 30.430099487299998
RSS,Damazin Airport,small_airport,SD,Ad Damazin,11.7859, 34.3367
ELF,El Fasher Airport,medium_airport,SD,El Fasher,13.614899635314941, 25.324600219726562
DNX,Galegu Airport,small_airport,SD,Dinder,12.532999992370605, 35.06700134277344
EGN,Geneina Airport,small_airport,SD,Geneina,13.481882, 22.467119
HEG,Heglig Airport,small_airport,SD,Heglig Oilfield,9.994933, 29.397718
HSJ,Zhengzhou Shangjie Airport,small_airport,CN,Zhengzhou,34.842153, 113.273983
KSL,Kassala Airport,medium_airport,SD,Kassala,15.387499809265137, 36.328800201416016
GBU,Khashm El Girba Airport,small_airport,SD,Khashm El Girba,14.925000190734863, 35.87799835205078
KDX,Kadugli Airport,small_airport,SD,Kadugli,11.137999534600002, 29.7010993958
RBX,Rumbek Airport,small_airport,SS,Rumbek,6.831074, 29.669073
MWE,Merowe Airport,medium_airport,SD,Merowe,18.443333, 31.843333
NUD,En Nahud Airport,small_airport,SD,En Nahud,12.666999816894531, 28.33300018310547
UYL,Nyala Airport,medium_airport,SD,Nyala,12.0535, 24.9562
NHF,New Halfa Airport,small_airport,SD,New Halfa,15.3556, 35.727798
EBD,El-Obeid Airport,medium_airport,SD,El-Obeid,13.1532, 30.2327
PZU,Port Sudan New International Airport,medium_airport,SD,Port Sudan,19.4335994720459, 37.234100341796875
KRT,Khartoum International Airport,large_airport,SD,Khartoum,15.5895, 32.5532
MAK,Malakal Airport,medium_airport,SS,Malakal,9.55897, 31.652201
WHF,Wadi Halfa Airport,small_airport,SD,Wadi Halfa,21.802698, 31.521578
WUU,Wau Airport,medium_airport,SS,Wau,7.72583, 27.975
ZLX,Zalingei Airport,small_airport,SD,Zalingei,12.9437, 23.5631
ARK,Arusha Airport,medium_airport,TZ,Arusha,-3.3677899837493896, 36.63330078125
BKZ,Bukoba Airport,small_airport,TZ,Bukoba,-1.332, 31.8212
DAR,Julius Nyerere International Airport,large_airport,TZ,Dar es Salaam,-6.87811, 39.202599
DOD,Dodoma Airport,medium_airport,TZ,Dodoma,-6.17044, 35.752602
MBI,Songwe Airport,medium_airport,TZ,Mbeya,-8.919942, 33.273981
IRI,Iringa Airport,medium_airport,TZ,Nduli,-7.668630123138428, 35.75210189819336
TKQ,Kigoma Airport,small_airport,TZ,Kigoma,-4.8862, 29.6709
KIY,Kilwa Airport,small_airport,TZ,Kilwa Masoko,-8.91123, 39.508619
JRO,Kilimanjaro International Airport,medium_airport,TZ,Arusha,-3.42941, 37.074501
LDI,Lindi Airport,small_airport,TZ,Lindi,-9.851005, 39.75911
LKY,Lake Manyara Airport,medium_airport,TZ,Lake Manyara National Park,-3.376310110092163, 35.81829833984375
HTM,Khatgal Airport,small_airport,MN,Hatgal,50.435988, 100.139532
MFA,Mafia Airport,small_airport,TZ,Kilindoni,-7.917478, 39.668502
MWN,Mwadui Airport,small_airport,TZ,Mwadui,-3.521332, 33.615542
XMI,Masasi Airport,small_airport,TZ,Masasi,-10.732999801635742, 38.766998291015625
NPY,Mpanda Airport,small_airport,TZ,Mpanda,-6.355374, 31.084116
QSI,Moshi Airport,small_airport,TZ,Moshi,-3.3633298873901367, 37.326900482177734
MYW,Mtwara Airport,medium_airport,TZ,Mtwara,-10.336204, 40.181997
MUZ,Musoma Airport,small_airport,TZ,Musoma,-1.503, 33.8021
MWZ,Mwanza Airport,medium_airport,TZ,Mwanza,-2.4444899559020996, 32.932701110839844
NCH,Nachingwea Airport,small_airport,TZ,Nachingwea,-10.357500076293945, 38.77920150756836
JOM,Njombe Airport,small_airport,TZ,Njombe,-9.350000381469727, 34.79999923706055
PMA,Pemba Airport,medium_airport,TZ,Chake Chake,-5.25726, 39.811401
SEU,Seronera Airport,small_airport,TZ,Seronera,-2.45806, 34.822498
SGX,Songea Airport,small_airport,TZ,Songea,-10.682999610900879, 35.58300018310547
SUT,Sumbawanga Airport,small_airport,TZ,Sumbawanga,-7.948889, 31.610278
SHY,Shinyanga Airport,small_airport,TZ,Shinyanga,-3.6093, 33.5035
TBO,Tabora Airport,small_airport,TZ,Tabora,-5.076389789581299, 32.83330154418945
TGT,Tanga Airport,medium_airport,TZ,Tanga,-5.09236, 39.071201
ZNZ,Abeid Amani Karume International Airport,large_airport,TZ,Zanzibar,-6.22202, 39.224899
RUA,Arua Airport,medium_airport,UG,Arua,3.049152, 30.911714
EBB,Entebbe International Airport,large_airport,UG,Kampala,0.042386, 32.443501
ULU,Gulu Airport,medium_airport,UG,Gulu,2.8055601119995117, 32.27180099487305
JIN,Jinja Airport,small_airport,UG,Jinja,0.453094, 33.19356
PAF,Kabalega Falls Airport,small_airport,UG,Pakuba,2.326563, 31.497698
KSE,Kasese Airport,small_airport,UG,Kasese,0.18299999833106995, 30.100000381469727
MBQ,Mbarara Airport,small_airport,UG,Mbarara,-0.555278, 30.5994
KCU,Masindi Airport,small_airport,UG,Masindi,1.7580599784851074, 31.7367000579834
SRT,Soroti Airport,medium_airport,UG,Soroti,1.7276899814605713, 33.622798919677734
TRY,Tororo Airport,small_airport,UG,Tororo,0.6830000281333923, 34.16699981689453
HWA,Hawabango Airport,small_airport,PG,Hawabango,-7.392994, 146.003487
HYL,Hollis Clark Bay Seaplane Base,seaplane_base,US,Hollis,55.4816017151, -132.645996094
HZU,Chengdu Huaizhou Airport,medium_airport,CN,Chengdu (Jintang),30.677339, 104.529397
IBI,Iboki Airport,small_airport,PG,Iboki,-5.5536, 149.19
IBL,Indigo Bay Lodge Airport,medium_airport,MZ,Bazaruto Island,-21.708, 35.452801
ICO,Sicogon Airstrip,small_airport,PH,Carles,11.4595, 123.2506
PPJ,Pulau Panjang Airport,small_airport,ID,Jakarta,-5.644444, 106.5625
JBB,Notohadinegoro Airport,small_airport,ID,Jember,-8.242494, 113.693476
BWX,Banyuwangi International Airport,small_airport,ID,Banyuwangi,-8.31015, 114.3401
BXW,Bawean - Harun Thohir Airport,small_airport,ID,Bawean,-5.723628, 112.678889
GYO,Blangkejeren Airport,small_airport,ID,Kabupaten Gayo Lues,3.94548, 97.35968
KXB,Sangia Nibandera Airport,medium_airport,ID,Kolaka,-4.338158, 121.524047
AAS,Apalapsili Airport,small_airport,ID,Apalapsili,-3.882495, 139.310932
AGD,Anggi Airport,small_airport,ID,Anggi-Papua Island,-1.3858, 133.8737
AKQ,Gunung Batin Airport,small_airport,ID,Astraksetra-Sumatra Island,-4.61113977432251, 105.23200225830078
AYW,Ayawasi Airport,small_airport,ID,Ayawasi,-1.159779, 132.464082
BJG,Boalang Airport,small_airport,ID,Boalang-Celebes Island,-0.9728959798812866, 122.1449966430664
BXM,Batom Airport,small_airport,ID,Batom,-4.442687, 140.883565
DRH,Dabra Airport,small_airport,ID,Dabra,-3.27061, 138.613433
ELR,Elelim Airport,small_airport,ID,Elelim,-3.785922, 139.384497
EWE,Ewer Asmat Airport,small_airport,ID,Agats,-5.496185, 138.078361
GAV,Gag Island Airport,small_airport,ID,Gag Island,-0.4005559980869293, 129.89500427246094
IUL,Ilu Airport,small_airport,ID,Ilu,-3.7051, 138.2002
KBF,Karubaga Airport,small_airport,ID,Karubaga,-3.684615, 138.479018
KBX,Kambuaya Airport,small_airport,ID,Kambuaya-Papua Island,-1.316815, 132.286987
KCD,Kamur Airport,small_airport,ID,Kamur,-6.1851, 138.6372
KOD,Kotabangun Airport,small_airport,ID,Kotabangun-Borneo Island,-0.266669988632, 116.583335876
KRC,Departi Parbo Airport,small_airport,ID,Sungai Penuh,-2.093, 101.4683
LLN,Kelila Airport,small_airport,ID,Kelila,-3.728968, 138.710117
LWE,Lembata Wonopito Airport,small_airport,ID,Nubatukan,-8.36119, 123.43879
LYK,Lunyuk Airport,small_airport,ID,Lunyuk-Simbawa Island,-8.9889, 117.2158
MSI,Masalembo Airport,small_airport,ID,Masalembo Island,-5.583330154418945, 114.43299865722656
NAF,Banaina Airport,small_airport,ID,Banaina-Borneo Island,2.72305011749, 117.125999451
OBD,Obano Airport,small_airport,ID,Obano,-3.9106, 136.2306
PWL,Jenderal Besar Soedirman Airport,small_airport,ID,Purwokerto-Java Island,-7.461342, 109.414612
RAQ,Sugimanuru Airport,small_airport,ID,Raha,-4.763298, 122.566352
RKI,Rokot Airport,small_airport,ID,Rokot-Sumatra Island,-0.949999988079071, 100.75
TBM,Tumbang Samba Airport,small_airport,ID,Tumbang Samba-Borneo Island,-1.4694, 113.0833
TMY,Tiom Airport,small_airport,ID,Tiom-Papua Island,-3.9256, 138.4555
ZEG,Senggo Airport,small_airport,ID,Senggo-Papua Island,-5.6908, 139.3502
UGU,Bilogai-Sugapa Airport,medium_airport,ID,Sugapa,-3.739503, 137.031183
IDN,Indagen Airport,small_airport,PG,Indagen,-6.22663, 147.244
IMA,Iamalele Airport,small_airport,PG,"Iamalele, Fergusson Island",-9.5107, 150.5246
IMG,Inhaminga Airport,small_airport,MZ,Inhaminga,-18.41, 35.0045
PYG,Pakyong Airport,small_airport,IN,Pakyong,27.2313, 88.587196
VDY,Jindal Vijaynagar Airport,small_airport,IN,Toranagallu,15.175921, 76.63303
DGH,Deoghar Airport,small_airport,IN,Deoghar,24.446842, 86.704955
GOX,Mopa International Airport,medium_airport,IN,Mopa,15.744257, 73.860625
HGI,Itanagar Donyi Polo Hollongi Airport,medium_airport,IN,Hollongi,26.96683, 93.638792
JGB,Jagdalpur Airport,small_airport,IN,Jagdalpur,19.074301, 82.036797
NVY,Neyveli Airport,small_airport,IN,Neyveli,11.6129560471, 79.527381897
RJI,Rajouri Airport,small_airport,IN,Rajouri,33.377899169921875, 74.31520080566406
TEI,Tezu Airport,small_airport,IN,Tezu,27.9412002563, 96.1343994141
INE,Chinde Airport,small_airport,MZ,Chinde,-18.59, 36.4489
IOK,Iokea Airport,small_airport,PG,Iokea,-8.401, 146.277
IOP,Ioma Airport,small_airport,PG,Ioma,-8.3614, 147.84
KHA,Khaneh Airport,small_airport,IR,Khaneh,36.733341217, 45.1500015259
IRU,Iranamadu Seaplane Base,seaplane_base,LK,Iranamadu,9.299746, 80.448627
ISG,New Ishigaki Airport,medium_airport,JP,Ishigaki,24.396389, 124.245
ITK,Itokama Airport,small_airport,PG,Itokama,-9.201527, 148.264261
IVI,Viveros Island Airport,small_airport,PA,Isla Viveros,8.4693, -79.0016
JGD,Jiagedaqi Airport,medium_airport,CN,Jiagedaqi,50.371389, 124.1175
JIC,Jinchang Jinchuan Airport,small_airport,CN,Jinchang,38.542222, 102.348333
JIO,Jos Orno Imsula Airport,small_airport,ID,Tiakur,-8.140402, 127.908758
JIQ,Qianjiang Wulingshan Airport,medium_airport,CN,Qianjiang,29.5133333333, 108.831111111
JJD,Jericoacoara - Comandante Ariston Pessoa Regional Airport,medium_airport,BR,Cruz,-2.906425, -40.357338
JLA,Quartz Creek Airport,small_airport,US,Cooper Landing,60.48270034789999, -149.718994141
JMB,Jamba Airport,small_airport,AO,Jamba,-14.698193, 16.070148
JNZ,Jinzhou Bay Airport,medium_airport,CN,"Linghai, Jinzhou",40.936032, 121.277114
JOP,Josephstaal Airport,small_airport,PG,Josephstaal,-4.74708333333, 145.007083333
JPN,Pentagon Army Heliport,heliport,US,Washington DC,38.874908, -77.056682
JRA,West 30th St. Heliport,heliport,US,New York,40.754501, -74.007103
JRB,Downtown-Manhattan/Wall St Heliport,heliport,US,New York,40.70119858, -74.00900269
JUH,Chizhou Jiuhuashan Airport,small_airport,CN,Chizhou,30.7403, 117.6856
AMK,Animas Air Park,small_airport,US,Durango,37.203201293899994, -107.869003296
BDX,Broadus Airport,small_airport,US,Broadus,45.47249985, -105.4540024
EUE,Eureka Airport,small_airport,US,Eureka,39.604198455799995, -116.004997253
KPT,Jackpot Airport/Hayden Field,small_airport,US,Jackpot,41.97600173949999, -114.657997131
RLA,Rolla Downtown Airport,small_airport,US,Rolla,37.935699462890625, -91.8134994506836
FID,Elizabeth Field,small_airport,US,Fishers Island,41.25130081179999, -72.0316009521
HUD,Humboldt Municipal Airport,small_airport,US,Humboldt,42.734831, -94.245315
TWD,Jefferson County International Airport,small_airport,US,Port Townsend,48.0537986755, -122.810997009
MVM,Kayenta Airport,small_airport,US,Kayenta,36.716444, -110.228444
HCC,Columbia County Airport,small_airport,US,Hudson,42.2913017273, -73.7102966309
AHD,Ardmore Downtown Executive Airport,small_airport,US,Ardmore,34.1469993591, -97.1227035522
GCW,Grand Canyon West Airport,small_airport,US,Peach Springs,35.985787, -113.817072
CKE,Lampson Field,small_airport,US,Lakeport,38.9906005859, -122.901000977
ROF,Montague-Yreka Rohrer Field,small_airport,US,Montague,41.7304000854, -122.54599762
CNE,Fremont County Airport,small_airport,US,Penrose,38.428534, -105.106299
RSX,Rouses Point Seaplane Base,seaplane_base,US,Rouses Point,44.991699, -73.363073
COP,Cooperstown-Westville Airport,small_airport,US,Cooperstown,42.629552, -74.890445
CIL,Council Airport,small_airport,US,Council,64.89790344240001, -163.70300293
IRB,Iraan Municipal Airport,small_airport,US,Iraan,30.9057006836, -101.891998291
GNF,Gansner Field,small_airport,US,Quincy,39.943902, -120.945
CHZ,Chiloquin State Airport,small_airport,US,Chiloquin,42.579440493, -121.879062653
LTW,St. Mary's County Regional Airport,small_airport,US,California,38.315399, -76.550102
AHF,Arapahoe Municipal Airport,small_airport,US,Arapahoe,40.341576, -99.907839
PCT,Princeton Airport,small_airport,US,Princeton/Rocky Hill,40.3992004395, -74.6588973999
CTO,Calverton Executive Airpark,small_airport,US,Calverton,40.9151, -72.791901
NRI,Grand Lake Regional Airport,small_airport,US,Afton,36.577598571777, -94.86190032959
GTP,Grants Pass Airport,small_airport,US,Grants Pass,42.510101, -123.388
NLE,Jerry Tyler Memorial Airport,small_airport,US,Niles,41.835899353027, -86.225196838379
GCD,Grand Coulee Dam Airport,small_airport,US,Electric City,47.922000885, -119.083000183
VLE,Valle Airport,small_airport,US,Grand Canyon,35.65060043335, -112.14800262451
FPY,Perry-Foley Airport,small_airport,US,Perry,30.0693, -83.580597
NTJ,Manti-Ephraim Airport,small_airport,US,Manti,39.32910156, -111.6149979
SBO,Salina Gunnison Airport,small_airport,US,Salina,39.029098510699995, -111.837997437
JVI,Central Jersey Regional Airport,small_airport,US,Manville,40.5243988037, -74.59839630130001
UCE,Eunice Airport,small_airport,US,Eunice,30.466299057007, -92.423797607422
GOL,Gold Beach Municipal Airport,small_airport,US,Gold Beach,42.41339874, -124.4240036
KKT,Kentland Municipal Airport,small_airport,US,Kentland,40.758733, -87.429457
PRW,Prentice Airport,small_airport,US,Prentice,45.538313, -90.275978
EGP,Maverick County Memorial International Airport,small_airport,US,Eagle Pass,28.859766, -100.516682
BLD,Boulder City Municipal Airport,medium_airport,US,Boulder City,35.947498, -114.861
MFH,Mesquite International Airport,medium_airport,US,Mesquite,36.833105, -114.055928
ECA,Iosco County Airport,small_airport,US,East Tawas,44.312801, -83.422302
FMU,Florence Municipal Airport,small_airport,US,Florence,43.98279953, -124.111000061
OTS,Anacortes Airport,small_airport,US,Anacortes,48.499, -122.662003
ROL,Roosevelt Municipal Airport,small_airport,US,Roosevelt,40.278301, -110.051003
CTK,Canton Municipal Airport,small_airport,US,Canton,43.308899, -96.570999
WPO,North Fork Valley Airport,small_airport,US,Paonia,38.8316993713, -107.646003723
ATE,Antlers Municipal Airport,small_airport,US,Antlers,34.1926002502, -95.6499023438
ASQ,Austin Airport,small_airport,US,Austin,39.467708, -117.197576
AAF,Apalachicola Regional Airport,small_airport,US,Apalachicola,29.72750092, -85.02749634
ABE,Lehigh Valley International Airport,medium_airport,US,Allentown,40.651773, -75.442797
ABI,Abilene Regional Airport,medium_airport,US,Abilene,32.4113006592, -99.68190002440001
ABQ,Albuquerque International Sunport,medium_airport,US,Albuquerque,35.040199, -106.609001
ABR,Aberdeen Regional Airport,medium_airport,US,Aberdeen,45.449100494384766, -98.42179870605469
ABY,Southwest Georgia Regional Airport,medium_airport,US,Albany,31.532946, -84.196215
ACB,Antrim County Airport,small_airport,US,Bellaire,44.988602, -85.198402
ACK,Nantucket Memorial Airport,medium_airport,US,Nantucket,41.25310135, -70.06020355
ACT,Waco Regional Airport,medium_airport,US,Waco,31.611299514770508, -97.23049926757812
ACV,California Redwood Coast-Humboldt County Airport,medium_airport,US,Arcata/Eureka,40.978101, -124.109
ACY,Atlantic City International Airport,medium_airport,US,Atlantic City,39.45759963989258, -74.57720184326172
ADG,Lenawee County Airport,small_airport,US,Adrian,41.866205, -84.077983
ADT,Ada Regional Airport,small_airport,US,Ada,34.805214, -96.671988
ADM,Ardmore Municipal Airport,small_airport,US,Ardmore,34.30301, -97.0196342
ADS,Addison Airport,small_airport,US,Dallas,32.9686012268, -96.8364028931
ADW,Joint Base Andrews,large_airport,US,Camp Springs,38.810799, -76.866997
KAE,Kake Seaplane Base,seaplane_base,US,Kake,56.973, -133.945999
AEL,Albert Lea Municipal Airport,small_airport,US,Albert Lea,43.68149948, -93.36720276
AEX,Alexandria International Airport,medium_airport,US,Alexandria,31.3274, -92.549797
KAF,Karato Airport,small_airport,PG,Karato,-6.2655, 155.3052
AFF,USAF Academy Airfield,small_airport,US,Colorado Springs,38.972497, -104.821125
WSG,Washington County Airport,small_airport,US,Washington,40.136501, -80.290199
AFN,Jaffrey Airfield Silver Ranch Airport,small_airport,US,Jaffrey,42.805099, -72.002998
AFO,Afton Municipal Airport,small_airport,US,Afton,42.7112007141, -110.942001343
AFW,Perot Field/Fort Worth Alliance Airport,medium_airport,US,Fort Worth,32.99044, -97.31947
AGC,Allegheny County Airport,medium_airport,US,Pittsburgh,40.354401, -79.930199
AGO,Magnolia Municipal Airport / Ralph C Weiser Field,small_airport,US,Magnolia,33.228001, -93.217002
AGS,Augusta Regional At Bush Field,medium_airport,US,Augusta,33.3699, -81.9645
AHC,Amedee Army Air Field,small_airport,US,Herlong,40.26620102, -120.1529999
AHH,Amery Municipal Airport,small_airport,US,Amery,45.2811012268, -92.37539672850001
AHN,Athens Ben Epps Airport,medium_airport,US,Athens,33.94860076904297, -83.32630157470703
AIA,Alliance Municipal Airport,small_airport,US,Alliance,42.0531997681, -102.804000854
AID,Anderson Municipal Darlington Field,small_airport,US,Anderson,40.10860061649999, -85.6129989624
AIK,Aiken Regional Airport,small_airport,US,Aiken,33.649399, -81.684998
AIO,Atlantic Municipal Airport,small_airport,US,Atlantic,41.40729904, -95.04689789
AIV,George Downer Airport,small_airport,US,Aliceville,33.106499, -88.1978
AIZ,Lee C Fine Memorial Airport,small_airport,US,Kaiser Lake Ozark,38.0960006714, -92.54949951170002
KAK,Kar Airport,small_airport,PG,Kar,-6.2452, 143.5516
AKO,Colorado Plains Regional Airport,small_airport,US,Akron,40.1755981445, -103.222000122
AKC,Akron Executive Airport,medium_airport,US,Akron,41.037498, -81.466904
ALB,Albany International Airport,medium_airport,US,Albany,42.74829864501953, -73.80169677734375
ALI,Alice International Airport,medium_airport,US,Alice,27.7409, -98.026901
ALM,Alamogordo White Sands Regional Airport,medium_airport,US,Alamogordo,32.84051, -105.98794
ALN,St Louis Regional Airport,medium_airport,US,Alton/St Louis,38.89030075069999, -90.0459976196
ALO,Waterloo Regional Airport,medium_airport,US,Waterloo,42.557098388671875, -92.40029907226562
ALS,San Luis Valley Regional Airport/Bergman Field,medium_airport,US,Alamosa,37.434898, -105.866997
ALW,Walla Walla Regional Airport,medium_airport,US,Walla Walla,46.09489822, -118.288002
ALX,Thomas C Russell Field,small_airport,US,Alexander City,32.914699554399995, -85.9629974365
AMA,Rick Husband Amarillo International Airport,medium_airport,US,Amarillo,35.219398, -101.706001
AMN,Gratiot Community Airport,small_airport,US,Alma,43.322101593, -84.68800354
AMW,Ames Municipal Airport,small_airport,US,Ames,41.992001, -93.621803
ANB,Anniston Regional Airport,medium_airport,US,Anniston,33.5882, -85.8581
AND,Anderson Regional Airport,medium_airport,US,Anderson,34.4945983887, -82.70939636230001
SLT,Salida Airport - Harriet Alexander Field,small_airport,US,Salida,38.5383, -106.049004
ANP,Lee Airport,small_airport,US,Annapolis,38.942902, -76.568398
ANQ,Tri State Steuben County Airport,small_airport,US,Angola,41.639702, -85.083504
ANW,Ainsworth Regional Airport,small_airport,US,Ainsworth,42.579201, -99.992995
ANY,Anthony Municipal Airport,small_airport,US,Anthony,37.158501, -98.079597
AOH,Lima Allen County Airport,small_airport,US,Lima,40.706902, -84.026703
AOO,Altoona Blair County Airport,medium_airport,US,Altoona,40.296398, -78.32
APA,Centennial Airport,medium_airport,US,Denver,39.57009888, -104.848999
APC,Napa County Airport,small_airport,US,Napa,38.2132, -122.280998
APF,Naples Municipal Airport,medium_airport,US,Naples,26.1525993347, -81.7752990723
APG,Phillips Army Air Field,medium_airport,US,Aberdeen,39.466202, -76.1688
APH,Mary Walker LZ Airport,small_airport,US,Bowling Green,38.068631, -77.319318
APN,Alpena County Regional Airport,medium_airport,US,Alpena,45.0780983, -83.56030273
APT,Marion County Airport - Brown Field,small_airport,US,Jasper,35.060699, -85.585297
APV,Apple Valley Airport,small_airport,US,Apple Valley,34.575298309299995, -117.185997009
KAQ,Kamulai Airport,small_airport,PG,Kamulai Mission,-8.150694444440001, 146.834
ARA,Acadiana Regional Airport,medium_airport,US,New Iberia,30.0378, -91.883904
ARB,Ann Arbor Municipal Airport,small_airport,US,Ann Arbor,42.2229995728, -83.74559783939999
ARG,Walnut Ridge Regional Airport,small_airport,US,Walnut Ridge,36.124667, -90.925111
WHT,Wharton Regional Airport,small_airport,US,Wharton,29.254299, -96.154404
AUZ,Aurora Municipal Airport,small_airport,US,Chicago/Aurora,41.771900177, -88.47570037839999
ART,Watertown International Airport,medium_airport,US,Watertown,43.991901, -76.021698
ARV,Lakeland-Noble F. Lee Memorial field,small_airport,US,Minocqua-Woodruff,45.92789841, -89.73090363
BFT,Beaufort Executive Airport,small_airport,US,Beaufort,32.412201, -80.634399
ASE,Aspen-Pitkin County Airport (Sardy Field),medium_airport,US,Aspen,39.223202, -106.869003
SPZ,Springdale Municipal Airport,small_airport,US,Springdale,36.176399231, -94.1193008423
ASH,Nashua Airport / Boire Field,small_airport,US,Nashua,42.7817, -71.514801
ASL,Harrison County Airport,small_airport,US,Marshall,32.5205001831, -94.307800293
ASN,Talladega Municipal Airport,small_airport,US,Talladega,33.569900512699995, -86.05090332030001
AST,Astoria Regional Airport,medium_airport,US,Astoria,46.158000946, -123.878997803
ASX,John F Kennedy Memorial Airport,small_airport,US,Ashland,46.54850006, -90.91899872
ASY,Ashley Municipal Airport,small_airport,US,Ashley,46.0238990784, -99.3526000977
ATL,Hartsfield Jackson Atlanta International Airport,large_airport,US,Atlanta,33.6367, -84.428101
ATS,Artesia Municipal Airport,small_airport,US,Artesia,32.8525009155, -104.468002319
ATW,Appleton International Airport,small_airport,US,Appleton,44.258099, -88.519096
ATY,Watertown Regional Airport,medium_airport,US,Watertown,44.91400146, -97.15470123
AUG,Augusta State Airport,medium_airport,US,Augusta,44.320598602299995, -69.7973022461
AUM,Austin Municipal Airport,small_airport,US,Austin,43.66500092, -92.93340302
AUN,Auburn Municipal Airport,small_airport,US,Auburn,38.95479965, -121.0820007
AUO,Auburn University Regional Airport,small_airport,US,Auburn,32.615101, -85.433998
AUS,Austin Bergstrom International Airport,large_airport,US,Austin,30.197535, -97.662015
AUW,Wausau Downtown Airport,medium_airport,US,Wausau,44.9262008667, -89.6266021729
AVL,Asheville Regional Airport,medium_airport,US,Asheville,35.436199, -82.541801
AVO,Avon Park Executive Airport,small_airport,US,Avon Park,27.59119987, -81.52780151
AVP,Wilkes Barre Scranton International Airport,medium_airport,US,Wilkes-Barre/Scranton,41.338500976599995, -75.72339630130001
AVW,Marana Regional Airport,small_airport,US,Marana,32.409065, -111.216199
AVX,Catalina Airport,small_airport,US,Avalon,33.4049, -118.416
AWM,West Memphis Municipal Airport,small_airport,US,West Memphis,35.1351013184, -90.2343978882
AXG,Algona Municipal Airport,small_airport,US,Algona,43.078104, -94.271836
AXN,Chandler Field,medium_airport,US,Alexandria,45.866299, -95.394699
AXS,Altus Quartz Mountain Regional Airport,small_airport,US,Altus,34.697952, -99.3385
AXV,Neil Armstrong Airport,small_airport,US,Wapakoneta,40.49340057, -84.29889679
AXX,Angel Fire Airport,small_airport,US,Angel Fire,36.422000885, -105.290000916
AYS,Waycross Ware County Airport,small_airport,US,Waycross,31.2490997314, -82.39550018310001
TUH,Arnold Air Force Base,small_airport,US,Tullahoma,35.39260101, -86.08580017
AZO,Kalamazoo Battle Creek International Airport,medium_airport,US,Kalamazoo,42.234901428222656, -85.5521011352539
BAB,Beale Air Force Base,medium_airport,US,Marysville,39.136101, -121.436996
BAD,Barksdale Air Force Base,medium_airport,US,Bossier City,32.501801, -93.662697
BAF,Westfield-Barnes Regional Airport,medium_airport,US,Westfield,42.157799, -72.715599
CLU,Columbus Municipal Airport,medium_airport,US,Columbus,39.262386, -85.895576
BAM,Battle Mountain Airport,small_airport,US,Battle Mountain,40.598999023400005, -116.874000549
BBB,Benson Municipal Airport,small_airport,US,Benson,45.331901550299996, -95.6505966187
BBD,Curtis Field,medium_airport,US,Brady,31.1793003082, -99.3238983154
BKG,Branson Airport,small_airport,US,Branson,36.532082, -93.200544
BTN,Marlboro County Jetport - H E Avent Field Airport,small_airport,US,Bennettsville,34.6217, -79.734398
BBW,Broken Bow Municipal Airport,small_airport,US,Broken Bow,41.4365005493, -99.6421966553
BCB,Virginia Tech Montgomery Executive Airport,small_airport,US,Blacksburg,37.207599639899996, -80.4077987671
BCE,Bryce Canyon Airport,medium_airport,US,Bryce Canyon,37.706401825, -112.144996643
BCT,Boca Raton Airport,small_airport,US,Boca Raton,26.3784999847, -80.1076965332
BDE,Baudette International Airport,medium_airport,US,Baudette,48.7284011841, -94.612197876
BDG,Blanding Municipal Airport,small_airport,US,Blanding,37.58330154, -109.4830017
BDL,Bradley International Airport,medium_airport,US,Hartford,41.93851, -72.688066
BDR,Igor I Sikorsky Memorial Airport,medium_airport,US,Bridgeport,41.16350173950195, -73.1261978149414
WBU,Boulder Municipal Airport,small_airport,US,Boulder,40.0393981934, -105.225997925
KBE,Bell Island Hot Springs Seaplane Base,seaplane_base,US,Bell Island,55.9291000366, -131.572006226
BEC,Beech Factory Airport,small_airport,US,Wichita,37.694499969499994, -97.21499633790002
BED,Laurence G Hanscom Field,medium_airport,US,Bedford,42.470001, -71.289001
BEH,Southwest Michigan Regional Airport,small_airport,US,Benton Harbor,42.128601074200006, -86.4284973145
BFD,Bradford Regional Airport,medium_airport,US,Bradford,41.8031005859375, -78.64009857177734
BFF,Western Neb. Rgnl/William B. Heilig Airport,medium_airport,US,Scottsbluff,41.87400055, -103.5960007
BFI,Boeing Field King County International Airport,medium_airport,US,Seattle,47.529999, -122.302002
BFL,Meadows Field,medium_airport,US,Bakersfield,35.433601, -119.056999
BFM,Mobile Downtown Airport,medium_airport,US,Mobile,30.626800537100003, -88.06809997559999
BFR,Virgil I Grissom Municipal Airport,small_airport,US,Bedford,38.84000015, -86.44539642
BGD,Hutchinson County Airport,small_airport,US,Borger,35.700901031499995, -101.393997192
BGE,Decatur County Industrial Air Park,small_airport,US,Bainbridge,30.9715004, -84.63739777
BGM,Greater Binghamton/Edwin A Link field,medium_airport,US,Binghamton,42.20869827, -75.97979736
BGR,Bangor International Airport,medium_airport,US,Bangor,44.8074, -68.828102
KBH,Kahama Airstrip,small_airport,TZ,Kahama,-3.847, 32.6865
BHB,Hancock County-Bar Harbor Airport,medium_airport,US,Bar Harbor,44.45000076, -68.3615036
BHM,Birmingham-Shuttlesworth International Airport,medium_airport,US,Birmingham,33.562901, -86.753502
BID,Block Island State Airport,small_airport,US,Block Island,41.1680984497, -71.577796936
BIE,Beatrice Municipal Airport,small_airport,US,Beatrice,40.301300048799995, -96.75409698490002
BIF,Biggs Army Air Field (Fort Bliss),medium_airport,US,Fort Bliss/El Paso,31.84950066, -106.3799973
BIH,Eastern Sierra Regional Airport,medium_airport,US,Bishop,37.3731002808, -118.363998413
BIL,Billings Logan International Airport,medium_airport,US,Billings,45.807701, -108.542999
BIS,Bismarck Municipal Airport,medium_airport,US,Bismarck,46.772701263427734, -100.74600219726562
BIX,Keesler Air Force Base,medium_airport,US,Biloxi,30.4104003906, -88.92440032959999
BJC,Rocky Mountain Metropolitan Airport,medium_airport,US,Denver,39.908798, -105.116997
BJI,Bemidji Regional Airport,medium_airport,US,Bemidji,47.50939941, -94.93370056
BJJ,Wayne County Airport,small_airport,US,Wooster,40.874801635699995, -81.88829803470001
BKD,Stephens County Airport,small_airport,US,Breckenridge,32.71900177, -98.89099884030001
BKE,Baker City Municipal Airport,medium_airport,US,Baker City,44.837299346900004, -117.808998108
BFK,Buckley Space Force Base,medium_airport,US,Aurora,39.701698, -104.751999
BKL,Burke Lakefront Airport,medium_airport,US,Cleveland,41.51750183105469, -81.68329620361328
BKT,Allen C Perkinson Blackstone Army Air Field,small_airport,US,Blackstone,37.0741996765, -77.9574966431
BKW,Raleigh County Memorial Airport,medium_airport,US,Beckley,37.787300109899995, -81.1241989136
BKX,Brookings Regional Airport,small_airport,US,Brookings,44.304798, -96.816902
BLF,Mercer County Airport,medium_airport,US,Bluefield,37.295799, -81.207703
BLH,Blythe Airport,medium_airport,US,Blythe,33.6192016602, -114.717002869
BLI,Bellingham International Airport,medium_airport,US,Bellingham,48.79280090332031, -122.53800201416016
BLM,Monmouth Executive Airport,small_airport,US,Belmar/Farmingdale,40.18690109, -74.12490082
BLU,Blue Canyon Nyack Airport,small_airport,US,Emigrant Gap,39.2750015259, -120.709999084
BLV,Scott AFB/Midamerica Airport,medium_airport,US,Belleville,38.5452, -89.835197
KBM,Kabwum,small_airport,PG,,-6.15547222222, 147.191472222
BMC,Brigham City Regional Airport,small_airport,US,Brigham City,41.552399, -112.061996
BMG,Monroe County Airport,medium_airport,US,Bloomington,39.145999908447266, -86.61669921875
BMI,Central Illinois Regional Airport at Bloomington-Normal,medium_airport,US,Bloomington/Normal,40.4771, -88.915901
BML,Berlin Regional Airport,small_airport,US,Berlin,44.57540131, -71.17590332
BMT,Beaumont Municipal Airport,small_airport,US,Beaumont,30.070635, -94.215746
BNA,Nashville International Airport,large_airport,US,Nashville,36.1245002746582, -86.6781997680664
BNG,Banning Municipal Airport,small_airport,US,Banning,33.922548, -116.850672
BNL,Barnwell Regional Airport,small_airport,US,Barnwell,33.25780106, -81.38829803
BNO,Burns Municipal Airport,medium_airport,US,Burns,43.590463, -118.955154
BNW,Boone Municipal Airport,small_airport,US,Boone,42.0495986938, -93.8476028442
BOI,Boise Air Terminal/Gowen Field,medium_airport,US,Boise,43.5644, -116.223
BOS,Logan International Airport,large_airport,US,Boston,42.3643, -71.005203
BOW,Bartow Executive Airport,small_airport,US,Bartow,27.943399, -81.783401
HCA,Big Spring Mc Mahon-Wrinkle Airport,small_airport,US,Big Spring,32.212601, -101.522003
BPI,Miley Memorial Field,medium_airport,US,Big Piney,42.58509827, -110.1110001
WMH,Ozark Regional Airport,medium_airport,US,Mountain Home,36.3689002991, -92.47049713130001
BPT,Jack Brooks Regional Airport,medium_airport,US,Beaumont/Port Arthur,29.9508, -94.020699
BQK,Brunswick Golden Isles Airport,medium_airport,US,Brunswick,31.258800506591797, -81.46649932861328
BRD,Brainerd Lakes Regional Airport,medium_airport,US,Brainerd,46.402861, -94.129727
BRL,Southeast Iowa Regional Airport,medium_airport,US,Burlington,40.783199310302734, -91.12550354003906
BRO,Brownsville South Padre Island International Airport,medium_airport,US,Brownsville,25.90679931640625, -97.4259033203125
BRY,Samuels Field,small_airport,US,Bardstown,37.8143005371, -85.4996032715
KBT,Kaben Airport,small_airport,MH,Kaben,8.90056, 170.843994
BTF,Skypark Airport,small_airport,US,Bountiful,40.8694000244, -111.927001953
BTL,Battle Creek Executive Airport at Kellogg Field,medium_airport,US,Battle Creek,42.307301, -85.251503
BTM,Bert Mooney Airport,medium_airport,US,Butte,45.95479965209961, -112.49700164794922
TTO,Britton Municipal Airport,small_airport,US,Britton,45.815200805664, -97.743103027344
BTP,Pittsburgh/Butler Regional Airport,small_airport,US,Butler,40.776901, -79.949699
BTR,Baton Rouge Metropolitan Airport,medium_airport,US,Baton Rouge,30.533199, -91.149597
BTV,Burlington International Airport,medium_airport,US,South Burlington,44.471901, -73.153297
BTY,Beatty Airport,small_airport,US,Beatty,36.8610992432, -116.787002563
BUB,Cram Field,small_airport,US,Burwell,41.776699066199996, -99.14969635010002
BUF,Buffalo Niagara International Airport,large_airport,US,Buffalo,42.94049835, -78.73220062
BUM,Butler Memorial Airport,small_airport,US,Butler,38.2897987366, -94.3401031494
BUR,Bob Hope Airport,medium_airport,US,Burbank,34.197703, -118.356378
BFP,Beaver County Airport,medium_airport,US,Beaver Falls,40.772499, -80.391403
BVO,Bartlesville Municipal Airport,small_airport,US,Bartlesville,36.76250076, -96.01119995
MVW,Skagit Regional Airport,small_airport,US,Burlington,48.470901, -122.420998
BVX,Batesville Regional Airport,small_airport,US,Batesville,35.7262001, -91.64730072
BVY,Beverly Regional Airport,medium_airport,US,Beverly / Danvers,42.584202, -70.916496
BWC,Brawley Municipal Airport,small_airport,US,Brawley,32.99290085, -115.5169983
BWD,Brownwood Regional Airport,small_airport,US,Brownwood,31.793600082399998, -98.9564971924
BWG,Bowling Green Warren County Regional Airport,medium_airport,US,Bowling Green,36.964500427199994, -86.41970062259999
BWI,Baltimore/Washington International Thurgood Marshall Airport,large_airport,US,Baltimore,39.1754, -76.668297
WAH,Harry Stern Airport,small_airport,US,Wahpeton,46.2440986633, -96.6073989868
BWM,Bowman Regional Airport,small_airport,US,Bowman,46.1655193, -103.30075
BXA,George R Carr Memorial Air Field,small_airport,US,Bogalusa,30.813699722299997, -89.8649978638
BXK,Buckeye Municipal Airport,small_airport,US,Buckeye,33.422397, -112.686317
BYG,Johnson County Airport,small_airport,US,Buffalo,44.381099700899995, -106.722000122
BYH,Arkansas International Airport,medium_airport,US,Blytheville,35.9642982483, -89.94400024410001
BYI,Burley Municipal Airport,medium_airport,US,Burley,42.542598724399994, -113.772003174
BYS,Bicycle Lake Army Air Field,medium_airport,US,Fort Irwin/Barstow,35.2804985046, -116.629997253
BBC,Bay City Regional Airport,small_airport,US,Bay City,28.973301, -95.863503
BZN,Gallatin Field,medium_airport,US,Bozeman,45.77750015, -111.1529999
XES,Grand Geneva Resort Airport,small_airport,US,Lake Geneva,42.614899, -88.389603
PLY,Plymouth Municipal Airport,small_airport,US,Plymouth,41.365100860596, -86.300498962402
CLG,New Coalinga Municipal Airport,small_airport,US,Coalinga,36.16310119628906, -120.29399871826172
CAD,Wexford County Airport,small_airport,US,Cadillac,44.275749, -85.421534
CAE,Columbia Metropolitan Airport,medium_airport,US,Columbia,33.938801, -81.119499
CIG,Craig Moffat Airport,small_airport,US,Craig,40.4952011108, -107.522003174
CAK,Akron Canton Regional Airport,medium_airport,US,Akron,40.916099548339844, -81.44219970703125
CAO,Clayton Municipal Airpark,small_airport,US,Clayton,36.4462013245, -103.166999817
CAR,Caribou Municipal Airport,medium_airport,US,Caribou,46.871498, -68.017899
CBE,Greater Cumberland Regional Airport,small_airport,US,Wiley Ford,39.615398, -78.760902
CBF,Council Bluffs Municipal Airport,small_airport,US,Council Bluffs,41.2592010498, -95.760597229
CBK,Shalz Field,small_airport,US,Colby,39.42750168, -101.0469971
CBM,Columbus Air Force Base,medium_airport,US,Columbus,33.643799, -88.443802
KCC,Coffman Cove Seaplane Base,seaplane_base,US,Coffman Cove,56.003200531, -132.841995239
CCB,Cable Airport,small_airport,US,Upland,34.1115989685, -117.68800354
CCR,Buchanan Field,small_airport,US,Concord,37.9897003174, -122.056999207
CCY,Northeast Iowa Regional Airport,medium_airport,US,Charles City,43.0726013184, -92.6108016968
LLX,Caledonia County Airport,small_airport,US,Lyndonville,44.5690994263, -72.0179977417
CDC,Cedar City Regional Airport,medium_airport,US,Cedar City,37.70100021362305, -113.0989990234375
CDH,Harrell Field,small_airport,US,Camden,33.622798919699996, -92.7633972168
CDN,Woodward Field,small_airport,US,Camden,34.2835998535, -80.56490325930001
CDR,Chadron Municipal Airport,medium_airport,US,Chadron,42.837600708, -103.095001221
CDS,Childress Municipal Airport,medium_airport,US,Childress,34.4337997437, -100.288002014
CDW,Essex County Airport,small_airport,US,Caldwell,40.875198364300005, -74.2814025879
CEA,Cessna Aircraft Field,small_airport,US,Wichita,37.648601532, -97.2506027222
CEC,Jack Mc Namara Field Airport,medium_airport,US,Crescent City,41.78020096, -124.2369995
CEF,Westover Metropolitan Airport / Westover Air Reserve Base,medium_airport,US,Chicopee,42.194, -72.534798
CEU,Oconee County Regional Airport,small_airport,US,Clemson,34.6719017, -82.8864975
CEV,Mettel Field,small_airport,US,Connersville,39.6985015869, -85.129699707
CEW,Bob Sikes Airport,medium_airport,US,Crestview,30.778799057, -86.522102356
CEY,Kyle Oakley Field,small_airport,US,Murray,36.66460037, -88.37280273
CEZ,Cortez Municipal Airport,small_airport,US,Cortez,37.3030014038, -108.627998352
CFD,Coulter Field,small_airport,US,Bryan,30.715700149499998, -96.3313980103
TZC,Tuscola Area Airport,small_airport,US,Caro,43.458801, -83.445503
CFT,Greenlee County Airport,small_airport,US,Clifton,32.957039, -109.211397
CFV,Coffeyville Municipal Airport,small_airport,US,Coffeyville,37.09400177, -95.5718994141
CGE,Cambridge Dorchester Airport,small_airport,US,Cambridge,38.53929901, -76.03040314
CGF,Cuyahoga County Airport,medium_airport,US,Cleveland,41.5651016235, -81.4863967896
CGI,Cape Girardeau Regional Airport,medium_airport,US,Cape Girardeau,37.2253, -89.570801
CGS,College Park Airport,small_airport,US,College Park,38.9805984497, -76.9223022461
CGZ,Casa Grande Municipal Airport,small_airport,US,Casa Grande,32.954899, -111.766998
CHA,Chattanooga Metropolitan Airport (Lovell Field),medium_airport,US,Chattanooga,35.035301, -85.203796
CHK,Chickasha Municipal Airport,small_airport,US,Chickasha,35.09740067, -97.96769714
CHO,Charlottesville Albemarle Airport,medium_airport,US,Charlottesville,38.13859939575195, -78.4529037475586
CHS,Charleston International Airport,medium_airport,US,Charleston,32.898602, -80.040497
CIC,Chico Municipal Airport,small_airport,US,Chico,39.79539871, -121.8580017
CID,The Eastern Iowa Airport,medium_airport,US,Cedar Rapids,41.884701, -91.7108
CIN,Arthur N Neu Airport,small_airport,US,Carroll,42.0461997986, -94.78900146480001
CIR,Cairo Regional Airport,small_airport,US,Cairo,37.064499, -89.219597
CIU,Chippewa County International Airport,medium_airport,US,Sault Ste Marie,46.25080108642578, -84.47239685058594
CKA,Kegelman AF Aux Field,small_airport,US,Cherokee,36.734348, -98.123531
CKB,North Central West Virginia Airport,medium_airport,US,Bridgeport,39.2966, -80.228104
GRM,Grand Marais Cook County Airport,small_airport,US,Grand Marais,47.8382987976, -90.38289642330001
CKM,Fletcher Field,small_airport,US,Clarksdale,34.2997016907, -90.512298584
CKN,Crookston Municipal Kirkwood Field,small_airport,US,Crookston,47.8417015076, -96.62159729
CKV,Clarksville–Montgomery County Regional Airport,small_airport,US,Clarksville,36.6218986511, -87.4150009155
KCL,Chignik Lagoon Airport,small_airport,US,Chignik Flats,56.31119919, -158.5359955
CLE,Cleveland Hopkins International Airport,large_airport,US,Cleveland,41.4117012024, -81.8498001099
CLI,Clintonville Municipal Airport,small_airport,US,Clintonville,44.613800048799995, -88.731300354
CLK,Clinton Regional Airport,small_airport,US,Clinton,35.53829956, -98.93270111
CLL,Easterwood Field,medium_airport,US,College Station,30.58860016, -96.36380005
CLM,William R Fairchild International Airport,medium_airport,US,Port Angeles,48.120201110839844, -123.5
CLR,Cliff Hatfield Memorial Airport,small_airport,US,Calipatria,33.131500244099996, -115.521003723
CLS,Chehalis Centralia Airport,small_airport,US,Chehalis,46.676998138399995, -122.983001709
CLT,Charlotte Douglas International Airport,large_airport,US,Charlotte,35.2140007019043, -80.94309997558594
CLW,Clearwater Air Park,small_airport,US,Clearwater,27.9766998291, -82.7586975098
CMH,John Glenn Columbus International Airport,large_airport,US,Columbus,39.998001, -82.891899
CMI,University of Illinois Willard Airport,medium_airport,US,Savoy,40.039819, -88.276249
CMX,Houghton County Memorial Airport,medium_airport,US,Hancock,47.168399810791016, -88.48909759521484
CMY,Sparta Fort Mc Coy Airport,small_airport,US,Sparta,43.958302, -90.7379
KCN,Chernofski Harbor Seaplane Base,seaplane_base,US,Chernofski Harbor,53.4028993416, -167.52027154
CNH,Claremont Municipal Airport,small_airport,US,Claremont,43.3703994751, -72.36869812009999
CNK,Blosser Municipal Airport,small_airport,US,Concordia,39.549301147499996, -97.6522979736
CNM,Cavern City Air Terminal,medium_airport,US,Carlsbad,32.337501525878906, -104.26300048828125
CNO,Chino Airport,small_airport,US,Chino,33.97470093, -117.637001
CNU,Chanute Martin Johnson Airport,medium_airport,US,Chanute,37.668173, -95.486727
CNW,TSTC Waco Airport,small_airport,US,Waco,31.641129, -97.073335
CNY,Canyonlands Regional Airport,small_airport,US,Moab,38.755001, -109.754997
COD,Yellowstone Regional Airport,medium_airport,US,Cody,44.520199, -109.024002
COE,Coeur D'Alene - Pappy Boyington Field,medium_airport,US,Coeur d'Alene,47.77429962, -116.8199997
COF,Patrick Space Force Base,medium_airport,US,Cocoa Beach,28.2349, -80.6101
COI,Merritt Island Airport,small_airport,US,Merritt Island,28.341600418099997, -80.6855010986
COM,Coleman Municipal Airport,small_airport,US,Coleman,31.841100692699996, -99.4036026001
CON,Concord Municipal Airport,medium_airport,US,Concord,43.20270157, -71.50229645
COS,City of Colorado Springs Municipal Airport,medium_airport,US,Colorado Springs,38.805801, -104.700996
COT,Cotulla-La Salle County Airport,small_airport,US,Cotulla,28.45669937, -99.22029877
COU,Columbia Regional Airport,medium_airport,US,Columbia,38.8181, -92.219597
CPM,Compton Woodley Airport,small_airport,US,Compton,33.8899993896, -118.244003296
CPR,Casper-Natrona County International Airport,medium_airport,US,Casper,42.908001, -106.463997
CPS,St Louis Downtown Airport,small_airport,US,Cahokia/St Louis,38.570701599100005, -90.1561965942
HCW,Cheraw Municipal Airport/Lynch Bellinger Field,small_airport,US,Cheraw,34.71289825, -79.95700073
KCR,Colorado Creek Airport,small_airport,US,Colorado Creek,63.5676994324, -155.988998413
CRE,Grand Strand Airport,medium_airport,US,North Myrtle Beach,33.8116989136, -78.72389984130001
CRG,Jacksonville Executive at Craig Airport,medium_airport,US,Jacksonville,30.3362998962, -81.51439666750001
CRO,Corcoran Airport,small_airport,US,Corcoran,36.102502, -119.595001
CRP,Corpus Christi International Airport,medium_airport,US,Corpus Christi,27.770399, -97.501198
CLD,McClellan-Palomar Airport,medium_airport,US,Carlsbad,33.1283, -117.279999
CRS,C David Campbell Field Corsicana Municipal Airport,small_airport,US,Corsicana,32.0280990601, -96.4005966187
CRT,Z M Jack Stell Field,small_airport,US,Crossett,33.1782989502, -91.8802032471
CRW,Yeager Airport,medium_airport,US,Charleston,38.3731, -81.593201
CRX,Roscoe Turner Airport,small_airport,US,Corinth,34.9150009155, -88.6035003662
CSG,Columbus Metropolitan Airport,medium_airport,US,Columbus,32.516300201416016, -84.93890380859375
CSM,Clinton Sherman Airport,small_airport,US,Clinton,35.3398017883, -99.20050048830001
CSQ,Creston Municipal Airport,small_airport,US,Creston,41.021400451699996, -94.36329650879999
CSV,Crossville Memorial Whitson Field,medium_airport,US,Crossville,35.9513015747, -85.08499908450001
CTB,Cut Bank International Airport,medium_airport,US,Cut Bank,48.608657, -112.378183
CTY,Cross City Airport,small_airport,US,Cross City,29.6354999542, -83.10479736330001
CTZ,Sampson County Airport,small_airport,US,Clinton,34.9756011963, -78.3646011353
CUB,Jim Hamilton L.B. Owens Airport,medium_airport,US,Columbia,33.970500946, -80.9952011108
CUH,Cushing Municipal Airport,small_airport,US,Cushing,35.950496, -96.772371
CVG,Cincinnati Northern Kentucky International Airport,large_airport,US,Cincinnati / Covington,39.048801, -84.667801
CKK,Sharp County Regional Airport,small_airport,US,Ash Flat,36.26490021, -91.56259918
CVN,Clovis Municipal Airport,small_airport,US,Clovis,34.4250984192, -103.07900238
CVO,Corvallis Municipal Airport,medium_airport,US,Corvallis,44.49720001, -123.2900009
CVS,Cannon Air Force Base,medium_airport,US,Clovis,34.382801, -103.321999
CWA,Central Wisconsin Airport,medium_airport,US,Mosinee,44.7775993347, -89.6668014526
KIP,Kickapoo Downtown Airport,small_airport,US,Wichita Falls,33.85779953, -98.49040222
CWF,Chennault International Airport,small_airport,US,Lake Charles,30.2106, -93.143204
CWI,Clinton Municipal Airport,small_airport,US,Clinton,41.8311004639, -90.3291015625
CXL,Calexico International Airport,small_airport,US,Calexico,32.6694984436, -115.513000488
CXO,Conroe-North Houston Regional Airport,medium_airport,US,Houston,30.351801, -95.414497
CSN,Carson Airport,small_airport,US,Carson City,39.1922, -119.734001
HAR,Capital City Airport,small_airport,US,Harrisburg,40.2170982361, -76.85150146480001
CYS,Cheyenne Regional Jerry Olson Field,medium_airport,US,Cheyenne,41.155701, -104.811997
CZT,Dimmit County Airport,small_airport,US,Carrizo Springs,28.522199630699998, -99.823600769
VEX,Tioga Municipal Airport,small_airport,US,Tioga,48.38050079, -102.8980026
DAA,Davison Army Air Field,medium_airport,US,Fort Belvoir,38.715000152600005, -77.1809997559
DAB,Daytona Beach International Airport,medium_airport,US,Daytona Beach,29.179899, -81.058098
DAG,Barstow Daggett Airport,medium_airport,US,Daggett,34.85369873, -116.7870026
DAL,Dallas Love Field,medium_airport,US,Dallas,32.847099, -96.851799
DAN,Danville Regional Airport,medium_airport,US,Danville,36.572899, -79.336098
DAY,James M Cox Dayton International Airport,medium_airport,US,Dayton,39.902401, -84.219398
DBN,W H 'Bud' Barron Airport,small_airport,US,Dublin,32.5644, -82.985298
DBQ,Dubuque Regional Airport,medium_airport,US,Dubuque,42.402, -90.709503
DCA,Ronald Reagan Washington National Airport,large_airport,US,Washington,38.8521, -77.037697
DCU,Pryor Field Regional Airport,small_airport,US,Decatur,34.652698516799994, -86.94539642330001
DDC,Dodge City Regional Airport,medium_airport,US,Dodge City,37.76340103149414, -99.9655990600586
DEC,Decatur Airport,medium_airport,US,Decatur,39.834598541259766, -88.8656997680664
DEH,Decorah Municipal Airport,small_airport,US,Decorah,43.275501, -91.739403
DEN,Denver International Airport,large_airport,US,Denver,39.861698150635, -104.672996521
DET,Coleman A. Young Municipal Airport,medium_airport,US,Detroit,42.40919876, -83.00990295
DFI,Defiance Memorial Airport,small_airport,US,Defiance,41.3375015259, -84.4288024902
DFW,Dallas Fort Worth International Airport,large_airport,US,Dallas-Fort Worth,32.896801, -97.038002
DGL,Douglas Municipal Airport,small_airport,US,Douglas,31.3425998688, -109.505996704
DGW,Converse County Airport,small_airport,US,Douglas,42.79719925, -105.3860016
DHN,Dothan Regional Airport,medium_airport,US,Dothan,31.321300506591797, -85.44960021972656
DHT,Dalhart Municipal Airport,medium_airport,US,Dalhart,36.0225982666, -102.54699707
DIK,Dickinson Theodore Roosevelt Regional Airport,medium_airport,US,Dickinson,46.7974014282, -102.802001953
DKK,Chautauqua County-Dunkirk Airport,small_airport,US,Dunkirk,42.49247, -79.273102
DLL,Dillon County Airport,small_airport,US,Dillon,34.4491004944, -79.368598938
DLF,Laughlin Air Force Base,medium_airport,US,Del Rio,29.359501, -100.778002
DLH,Duluth International Airport,medium_airport,US,Duluth,46.842098, -92.193604
DLN,Dillon Airport,small_airport,US,Dillon,45.255401611299995, -112.553001404
DLS,Columbia Gorge Regional Airport,medium_airport,US,Dallesport / The Dalles,45.620979, -121.170777
DMA,Davis Monthan Air Force Base,medium_airport,US,Tucson,32.1665000916, -110.883003235
DMN,Deming Municipal Airport,medium_airport,US,Deming,32.262298584, -107.721000671
DMO,Sedalia Memorial Airport,small_airport,US,Sedalia,38.70740127559999, -93.17590332030001
DNL,Daniel Field,medium_airport,US,Augusta,33.4664993286, -82.0393981934
DNN,Dalton Municipal Airport,small_airport,US,Dalton,34.72290039, -84.87020111
DNS,Denison Municipal Airport,small_airport,US,Denison,41.9864006, -95.38069916
DNV,Vermilion Regional Airport,small_airport,US,Danville,40.199124, -87.59663
DOV,Dover Air Force Base,medium_airport,US,Dover,39.129501, -75.466003
KDP,Kandep Airport,small_airport,PG,Kandep,-5.84061111111, 143.507222222
DPA,Dupage Airport,medium_airport,US,Chicago/West Chicago,41.90779877, -88.24859619
DPG,Michael AAF (Dugway Proving Ground) Airport,small_airport,US,Dugway Proving Ground,40.197396, -112.935094
KDQ,Kamberatoro Airport,small_airport,PG,Kamberatoro Mission,-3.600556, 141.051667
DRA,Desert Rock Airport,medium_airport,US,Mercury,36.6194, -116.032997
DRI,Beauregard Regional Airport,medium_airport,US,DeRidder,30.831699, -93.339897
DRE,Drummond Island Airport,small_airport,US,Drummond Island,46.0093002319, -83.74389648440001
DRO,Durango La Plata County Airport,small_airport,US,Durango,37.151501, -107.753998
DRT,Del Rio International Airport,medium_airport,US,Del Rio,29.3742008209, -100.927001953
KDS,Kamaran Downs Airport,small_airport,AU,Kamaran Downs,-24.3388, 139.2785
DSM,Des Moines International Airport,medium_airport,US,Des Moines,41.534, -93.663101
DSV,Dansville Municipal Airport,small_airport,US,Dansville,42.570545, -77.713273
DTA,Delta Municipal Airport,small_airport,US,Delta,39.3805999756, -112.508003235
DTL,Detroit Lakes Airport - Wething Field,small_airport,US,Detroit Lakes,46.82519913, -95.88569641
DTN,Shreveport Downtown Airport,small_airport,US,Shreveport,32.5401992798, -93.7450027466
DSI,Destin Executive Airport,small_airport,US,Destin,30.400101, -86.471497
DTW,Detroit Metropolitan Wayne County Airport,large_airport,US,Detroit,42.212398529052734, -83.35340118408203
DUA,Durant Regional Airport - Eaker Field,small_airport,US,Durant,33.942299, -96.395057
DUC,Halliburton Field,small_airport,US,Duncan,34.47090149, -97.9598999
DUG,Bisbee Douglas International Airport,medium_airport,US,Douglas Bisbee,31.4689998627, -109.603996277
DUJ,DuBois Regional Airport,medium_airport,US,Dubois,41.17829895, -78.8986969
DVL,Devils Lake Regional Airport,small_airport,US,Devils Lake,48.114201, -98.908798
DVN,Davenport Municipal Airport,small_airport,US,Davenport,41.610432, -90.589693
NOT,Marin County Airport - Gnoss Field,small_airport,US,Novato,38.143600463867, -122.55599975586
NSL,Slayton Municipal Airport,small_airport,US,Slayton,43.986801, -95.7826
DVT,Phoenix Deer Valley Airport,small_airport,US,Phoenix,33.6883010864, -112.083000183
KDW,Victoria Reservoir Seaplane Base,seaplane_base,LK,Kandy,7.2415, 80.7834
DWH,David Wayne Hooks Memorial Airport,small_airport,US,Houston,30.0618000031, -95.55280303960001
DXR,Danbury Municipal Airport,small_airport,US,Danbury,41.371498107899995, -73.48220062259999
DYL,Doylestown Airport,small_airport,US,Doylestown,40.3330001831, -75.1222991943
DYS,Dyess Air Force Base,medium_airport,US,Abilene,32.420799, -99.854599
KDZ,Polgolla Reservoir Seaplane Base,seaplane_base,LK,Kandy,7.3251, 80.6422
VPG,Vipingo Estate Airport,small_airport,KE,Vipingo Estate,-3.80666666667, 39.7973888889
KTJ,Kichwa Tembo Airport,small_airport,KE,Kichwa Tembo,-1.263497, 35.027533
OSJ,Ol Seki Airstrip,small_airport,KE,,-1.378382, 35.378453
OLG,Olare Orok Airfield,small_airport,KE,,-1.324213, 35.246106
HKR,Mara North Conservancy Airstrip,small_airport,KE,Mara,-1.14542, 35.124922
ANA,Angama Airport,small_airport,KE,Maasai Mara,-1.27156, 34.955513
MDR,Musiara Airstrip,small_airport,KE,Musiara,-1.298636, 35.063885
OLX,Olkiombo Airport,small_airport,KE,Olkiombo,-1.408586, 35.110689
KRV,Kerio Valley Airport,small_airport,KE,Kimwarer,0.3196380138397217, 35.662559509277344
KIU,Kiunga Airport,small_airport,KE,Kiunga,-1.7438290119171143, 41.484344482421875
LBK,Liboi Airport,small_airport,KE,Liboi,0.3483330011367798, 40.88169860839844
LBN,Lake Baringo Airport,small_airport,KE,Lake Baringo,0.6661030054092407, 36.104190826416016
LKU,Lake Rudolf Airport,small_airport,KE,Kalokol,3.416256, 35.885468
MUM,Mumias Airport,small_airport,KE,Mumias,0.355399, 34.528234
MIF,Roy Hurd Memorial Airport,small_airport,US,Monahans,31.582500457764, -102.90899658203
CCG,Crane County Airport,small_airport,US,Crane,31.415100097699998, -102.362998962
ESO,Ohkay Owingeh Airport,small_airport,US,Espanola,36.026133, -106.045443
WTR,Whiteriver Airport,small_airport,US,Whiteriver,33.810175, -109.986555
ALE,Alpine Casparis Municipal Airport,small_airport,US,Alpine,30.384199142499998, -103.683998108
BGT,Bagdad Airport,small_airport,US,Bagdad,34.592796, -113.171993
EAN,Phifer Airfield,small_airport,US,Wheatland,42.0555, -104.929001
EAR,Kearney Regional Airport,medium_airport,US,Kearney,40.727001, -99.006798
EAT,Pangborn Memorial Airport,medium_airport,US,Wenatchee,47.3988990784, -120.207000732
EAU,Chippewa Valley Regional Airport,medium_airport,US,Eau Claire,44.86579895019531, -91.48429870605469
KEB,Nanwalek Airport,small_airport,US,Nanwalek,59.3521003723, -151.925003052
EBS,Webster City Municipal Airport,small_airport,US,Webster City,42.43659973, -93.86889648
ECG,Elizabeth City Regional Airport & Coast Guard Air Station,medium_airport,US,Elizabeth City,36.260601, -76.174599
ECP,Northwest Florida Beaches International Airport,medium_airport,US,Panama City Beach,30.357106, -85.795414
ECS,Mondell Field,small_airport,US,Newcastle,43.88379, -104.314156
EDE,Northeastern Regional Airport,small_airport,US,Edenton,36.027698516799994, -76.56710052490001
ETS,Enterprise Municipal Airport,small_airport,US,Enterprise,31.29969978, -85.89990234
EDW,Edwards Air Force Base,medium_airport,US,Edwards,34.905399, -117.884003
EED,Needles Airport,medium_airport,US,Needles,34.7663002014, -114.623001099
EEN,Dillant Hopkins Airport,medium_airport,US,Keene,42.898399, -72.270798
EFD,Ellington Airport,medium_airport,US,Houston,29.607299804700002, -95.1587982178
EFK,Northeast Kingdom International Airport,small_airport,US,Newport,44.888802, -72.229202
EFW,Jefferson Municipal Airport,small_airport,US,Jefferson,42.0102005, -94.34259796
KEG,Keglsugl Airport,small_airport,PG,Denglagu Mission,-5.83277777778, 145.097222222
EGE,Eagle County Regional Airport,medium_airport,US,Eagle,39.64260101, -106.9179993
EGI,Duke Field,medium_airport,US,Crestview,30.65040016, -86.52290344
EGV,Eagle River Union Airport,small_airport,US,Eagle River,45.932300567599995, -89.26830291750001
KEK,Ekwok Airport,small_airport,US,Ekwok,59.3568000793457, -157.4709930419922
EKA,Murray Field,medium_airport,US,Eureka,40.803398132299996, -124.112998962
EKI,Elkhart Municipal Airport,small_airport,US,Elkhart,41.7193984985, -86.00319671630001
EKN,Elkins-Randolph County Regional Airport,medium_airport,US,Elkins,38.889759, -79.857651
EKO,Elko Regional Airport,medium_airport,US,Elko,40.82490158081055, -115.79199981689453
EKX,Addington Field / Elizabethtown Regional Airport,small_airport,US,Elizabethtown,37.686001, -85.925003
ELA,Eagle Lake Airport,small_airport,US,Eagle Lake,29.600599288900003, -96.3218994141
ELD,South Arkansas Regional Airport at Goodwin Field,medium_airport,US,El Dorado,33.221001, -92.813301
ELK,Elk City Regional Business Airport,small_airport,US,Elk City,35.43080139, -99.39430237
ELM,Elmira Corning Regional Airport,medium_airport,US,Elmira/Corning,42.1599006652832, -76.8916015625
ELN,Bowers Field,small_airport,US,Ellensburg,47.03300095, -120.5309982
LYU,Ely Municipal Airport,medium_airport,US,Ely,47.82450104, -91.83070374
ELP,El Paso International Airport,medium_airport,US,El Paso,31.80719948, -106.3779984
ELY,Ely Airport Yelland Field,medium_airport,US,Ely,39.29970169, -114.8420029
ELZ,Wellsville Municipal Airport - Tarantine Field,small_airport,US,Wellsville,42.109501, -77.989998
EMM,Kemmerer Municipal Airport,small_airport,US,Kemmerer,41.82410049439999, -110.556999207
EMP,Emporia Municipal Airport,small_airport,US,Emporia,38.3320999146, -96.19120025630001
EMT,San Gabriel Valley Airport,small_airport,US,El Monte,34.086102, -118.035004
END,Vance Air Force Base,medium_airport,US,Enid,36.339199, -97.916496
ENL,Centralia Municipal Airport,small_airport,US,Centralia,38.515099, -89.091103
ENV,Wendover Airport,medium_airport,US,Wendover,40.7187004089, -114.03099823
ENW,Kenosha Regional Airport,medium_airport,US,Kenosha,42.59569931, -87.92780304
EOK,Keokuk Municipal Airport,small_airport,US,Keokuk,40.459899902299995, -91.4284973145
EPH,Ephrata Municipal Airport,small_airport,US,Ephrata,47.307598, -119.515999
EDK,Captain Jack Thomas El Dorado Airport,small_airport,US,El Dorado,37.7741012573, -96.81759643550001
ERI,Erie International Tom Ridge Field,medium_airport,US,Erie,42.083127, -80.173867
ERR,Errol Airport,small_airport,US,Errol,44.7924995422, -71.1641998291
ERV,Kerrville / Kerr County Airport at Louis Schreiner Field,small_airport,US,Kerrville,29.9767, -99.085701
ESC,Delta County Airport,small_airport,US,Escanaba,45.7226982117, -87.0936965942
ESF,Esler Army Airfield / Esler Regional Airport,medium_airport,US,Alexandria,31.394266, -92.294082
ESN,Easton Airport / Newnam Field,small_airport,US,Easton,38.804199, -76.069
EST,Estherville Municipal Airport,small_airport,US,Estherville,43.40739822, -94.74639893
ESW,Easton State Airport,small_airport,US,Easton,47.2541999817, -121.185997009
ETB,West Bend Municipal Airport,small_airport,US,West Bend,43.422278, -88.128966
ETN,Eastland Municipal Airport,small_airport,US,Eastland,32.4135017395, -98.80979919430001
EUF,Weedon Field,small_airport,US,Eufaula,31.9512996674, -85.1288986206
EUG,Mahlon Sweet Field,medium_airport,US,Eugene,44.12459945678711, -123.21199798583984
EVM,Eveleth/Virginia Municipal Airport,small_airport,US,Eveleth,47.425098, -92.498497
EVV,Evansville Regional Airport,medium_airport,US,Evansville,38.0369987488, -87.5324020386
EVW,Evanston-Uinta County Airport-Burns Field,medium_airport,US,Evanston,41.27479935, -111.0350037
EWB,New Bedford Regional Airport,medium_airport,US,New Bedford,41.67610168457031, -70.95690155029297
EWK,Newton City-County Airport,small_airport,US,Newton,38.058200836199994, -97.2744979858
EWN,Coastal Carolina Regional Airport,medium_airport,US,New Bern,35.0730018616, -77.04290008539999
EWR,Newark Liberty International Airport,large_airport,US,Newark,40.692501, -74.168701
KEX,Kanabea Airport,small_airport,PG,Kanabea,-7.538888888890001, 145.905
EYW,Key West International Airport,medium_airport,US,Key West,24.556101, -81.759598
KEZ,Kelani-Peliyagoda Seaplane Base,seaplane_base,LK,Colombo,6.95, 79.93
WIB,Wilbarger County Airport,small_airport,US,Vernon,34.2257003784, -99.2837982178
RBK,French Valley Airport,small_airport,US,Murrieta,33.5742, -117.127998
FAF,Felker Army Air Field,medium_airport,US,Newport News (Fort Eustis),37.1325, -76.608803
FAM,Farmington Regional Airport,small_airport,US,Farmington,37.76110077, -90.4285965
FAR,Hector International Airport,medium_airport,US,Fargo,46.92070007324219, -96.81580352783203
FAT,Fresno Yosemite International Airport,medium_airport,US,Fresno,36.776199, -119.718002
FAY,Fayetteville Regional Airport - Grannis Field,medium_airport,US,Fayetteville,34.991199, -78.880302
FBG,Simmons Army Air Field,medium_airport,US,Fort Bragg,35.13180161, -78.93669891
FBL,Faribault Municipal Airport-Liz Wall Strohfus Field,small_airport,US,Faribault,44.32844, -93.312534
FBR,Fort Bridger Airport,small_airport,US,Fort Bridger,41.3918991089, -110.406997681
FBY,Fairbury Municipal Airport,small_airport,US,Fairbury,40.182998657199995, -97.16929626459999
FCH,Fresno Chandler Executive Airport,small_airport,US,Fresno,36.732399, -119.82
FCM,Flying Cloud Airport,small_airport,US,Minneapolis,44.8272018433, -93.45709991460001
FCS,Butts AAF (Fort Carson) Air Field,medium_airport,US,Fort Carson,38.67839813, -104.7570038
FCY,Forrest City Municipal Airport,small_airport,US,Forrest City,34.942001342800005, -90.7750015259
FDK,Frederick Municipal Airport,small_airport,US,Frederick,39.417598724399994, -77.3742980957
FDR,Frederick Regional Airport,small_airport,US,Frederick,34.35200119, -98.98390198
FDY,Findlay Airport,medium_airport,US,Findlay,41.013500213600004, -83.66870117190001
FEP,Albertus Airport,small_airport,US,Freeport,42.2462005615, -89.58200073239999
FET,Fremont Municipal Airport,small_airport,US,Fremont,41.44910049, -96.52020264
FFA,First Flight Airport,small_airport,US,Kill Devil Hills,36.0181999207, -75.67130279540001
FFL,Fairfield Municipal Airport,small_airport,US,Fairfield,41.053024, -91.980114
FFM,Fergus Falls Municipal Airport - Einar Mickelson Field,small_airport,US,Fergus Falls,46.28440094, -96.15670013
FFO,Wright-Patterson Air Force Base,medium_airport,US,Dayton,39.826099, -84.048302
FFT,Capital City Airport,small_airport,US,Frankfort,38.181698, -84.906764
MSC,Falcon Field,small_airport,US,Mesa,33.4608001709, -111.727996826
FRD,Friday Harbor Airport,small_airport,US,Friday Harbor,48.5219993591, -123.024002075
FHU,Sierra Vista Municipal Airport / Libby Army Air Field,medium_airport,US,Fort Huachuca / Sierra Vista,31.587383, -110.348225
FKL,Venango Regional Airport,medium_airport,US,Franklin,41.3778991699, -79.8603973389
FKN,Franklin Regional Airport,small_airport,US,Franklin,36.698101, -76.903801
FLD,Fond du Lac County Airport,small_airport,US,Fond du Lac,43.7711982727, -88.48840332030001
FLG,Flagstaff Pulliam International Airport,medium_airport,US,Flagstaff,35.1385, -111.670998
FLL,Fort Lauderdale Hollywood International Airport,large_airport,US,Fort Lauderdale,26.072599, -80.152702
FLO,Florence Regional Airport,medium_airport,US,Florence,34.18539810180664, -79.7238998413086
FLP,Marion County Regional Airport,small_airport,US,Flippin,36.29090118, -92.59030151
FLV,Sherman Army Air Field,small_airport,US,Fort Leavenworth,39.3683013916, -94.9147033691
FLX,Fallon Municipal Airport,small_airport,US,Fallon,39.4990997314, -118.749000549
FME,Tipton Airport,medium_airport,US,Fort Meade(Odenton),39.08539962769999, -76.7593994141
FMH,Cape Cod Coast Guard Air Station,small_airport,US,Falmouth,41.657899, -70.52163
FMN,Four Corners Regional Airport,medium_airport,US,Farmington,36.741199, -108.230003
FMY,Page Field,medium_airport,US,Fort Myers,26.58659935, -81.86329650879999
FNL,Northern Colorado Regional Airport,small_airport,US,Loveland,40.448763, -105.011244
FNT,Bishop International Airport,medium_airport,US,Flint,42.96540069580078, -83.74359893798828
FOD,Fort Dodge Regional Airport,medium_airport,US,Fort Dodge,42.55149841, -94.19259644
FOE,Topeka Regional Airport,medium_airport,US,Topeka,38.950901, -95.663597
FOK,Francis S Gabreski Airport,small_airport,US,Westhampton Beach,40.8437004089, -72.6317977905
FIL,Fillmore Municipal Airport,small_airport,US,Fillmore,38.95830154, -112.362999
FPR,St Lucie County International Airport,medium_airport,US,Fort Pierce,27.49510002, -80.36830139
FRG,Republic Airport,medium_airport,US,Farmingdale,40.7288017273, -73.4133987427
FRH,French Lick Municipal Airport,small_airport,US,French Lick,38.5061988831, -86.63690185550001
FRI,Marshall Army Air Field,medium_airport,US,Fort Riley (Junction City),39.053021, -96.764202
FRM,Fairmont Municipal Airport,small_airport,US,Fairmont,43.643901825, -94.4156036377
FRR,Front Royal Warren County Airport,small_airport,US,Front Royal,38.9175, -78.253502
FSD,Sioux Falls Regional Airport / Joe Foss Field,medium_airport,US,Sioux Falls,43.585463, -96.741152
FSI,Henry Post Army Air Field (Fort Sill),medium_airport,US,Fort Sill,34.64979935, -98.40219879
FSK,Fort Scott Municipal Airport,small_airport,US,Fort Scott,37.7984008789, -94.7694015503
FSM,Fort Smith Regional Airport,medium_airport,US,Fort Smith,35.336601, -94.367401
FST,Fort Stockton Pecos County Airport,medium_airport,US,Fort Stockton,30.9157009125, -102.916000366
FSU,Fort Sumner Municipal Airport,small_airport,US,Fort Sumner,34.4833984375, -104.217002869
FMS,Fort Madison Municipal Airport,small_airport,US,Fort Madison,40.659113, -91.327763
FTK,Godman Army Air Field,medium_airport,US,Fort Knox,37.907100677500004, -85.9720993042
FTW,Fort Worth Meacham International Airport,medium_airport,US,Fort Worth,32.819801, -97.362396
FTY,Fulton County Airport Brown Field,medium_airport,US,Atlanta,33.7790985107, -84.5214004517
FUL,Fullerton Municipal Airport,small_airport,US,Fullerton,33.8720016479, -117.980003357
WFK,Northern Aroostook Regional Airport,small_airport,US,Frenchville,47.2854995728, -68.31279754639999
FWA,Fort Wayne International Airport,medium_airport,US,Fort Wayne,40.9785, -85.195099
FXE,Fort Lauderdale Executive Airport,medium_airport,US,Fort Lauderdale,26.1972999573, -80.1707000732
FXY,Forest City Municipal Airport,small_airport,US,Forest City,43.23469925, -93.62409973
FYM,Fayetteville Municipal Airport,small_airport,US,Fayetteville,35.059700012200004, -86.5640029907
FYV,Drake Field,medium_airport,US,Fayetteville,36.00510025024414, -94.17009735107422
GAD,Northeast Alabama Regional Airport,small_airport,US,Gadsden,33.972599, -86.088996
GAG,Gage Airport,small_airport,US,Gage,36.295501709, -99.7763977051
GAI,Montgomery County Airpark,small_airport,US,Gaithersburg,39.168301, -77.166
GBD,Great Bend Municipal Airport,small_airport,US,Great Bend,38.3442993164, -98.8591995239
GBG,Galesburg Municipal Airport,small_airport,US,Galesburg,40.937999725299996, -90.431098938
GBR,Walter J. Koladza Airport,small_airport,US,Great Barrington,42.18420029, -73.40319824
GCC,Northeast Wyoming Regional Airport,medium_airport,US,Gillette,44.3489, -105.539001
JDA,Grant County Regional Airport / Ogilvie Field,small_airport,US,John Day,44.404202, -118.962997
GCK,Garden City Regional Airport,medium_airport,US,Garden City,37.9275016785, -100.723999023
GCN,Grand Canyon National Park Airport,medium_airport,US,Grand Canyon - Tusayan,35.9524, -112.147003
GCY,Greeneville Municipal Airport,small_airport,US,Greeneville,36.195648, -82.811482
GDM,Gardner Municipal Airport,small_airport,US,Gardner,42.5499992371, -72.0160980225
GDV,Dawson Community Airport,medium_airport,US,Glendive,47.13869858, -104.8069992
GDW,Gladwin Zettel Memorial Airport,small_airport,US,Gladwin,43.9706001282, -84.47499847410002
GED,Delaware Coastal Airport,small_airport,US,Georgetown,38.689201, -75.358902
GEG,Spokane International Airport,medium_airport,US,Spokane,47.6199, -117.533997
GEY,South Big Horn County Airport,small_airport,US,Greybull,44.51679993, -108.0830002
GFA,Malmstrom Air Force Base,heliport,US,Great Falls,47.504699707, -111.18699646
GFK,Grand Forks International Airport,medium_airport,US,Grand Forks,47.949299, -97.176102
GFL,Floyd Bennett Memorial Airport,medium_airport,US,Glens Falls,43.3412017822, -73.6102981567
GGE,Georgetown County Airport,small_airport,US,Georgetown,33.3116989136, -79.3196029663
GGG,East Texas Regional Airport,medium_airport,US,Longview,32.38399887084961, -94.71150207519531
GGW,Wokal Field/Glasgow-Valley County Airport,medium_airport,US,Glasgow,48.212502, -106.614998
GHM,Centerville Municipal Airport,small_airport,US,Centerville,35.8373985291, -87.44539642330001
GIF,Winter Haven Regional Airport - Gilbert Field,small_airport,US,Winter Haven,28.062901, -81.753304
GJT,Grand Junction Regional Airport,medium_airport,US,Grand Junction,39.126663, -108.529387
MEJ,Port Meadville Airport,small_airport,US,Meadville,41.626499, -80.214699
GKT,Gatlinburg-Pigeon Forge Airport,small_airport,US,Sevierville,35.85779953, -83.52870178219999
GLD,Goodland Municipal Airport,medium_airport,US,Goodland,39.370701, -101.699753
GLE,Gainesville Municipal Airport,small_airport,US,Gainesville,33.651401519800004, -97.1969985962
GLH,Mid Delta Regional Airport,medium_airport,US,Greenville,33.4828987121582, -90.98560333251953
GLR,Gaylord Regional Airport,small_airport,US,Gaylord,45.013500213600004, -84.7035980225
GLS,Scholes International At Galveston Airport,medium_airport,US,Galveston,29.265300750732422, -94.86039733886719
GLW,Glasgow Municipal Airport,small_airport,US,Glasgow,37.03179932, -85.9536972
GMU,Greenville Downtown Airport,medium_airport,US,Greenville,34.847903, -82.350217
GNG,Gooding Municipal Airport,small_airport,US,Gooding,42.91719818, -114.7649994
GNT,Grants-Milan Municipal Airport,small_airport,US,Grants,35.167301178, -107.902000427
GNV,Gainesville Regional Airport,medium_airport,US,Gainesville,29.6900997162, -82.2717971802
GOK,Guthrie-Edmond Regional Airport,small_airport,US,Guthrie,35.84980011, -97.41560364
GON,Groton New London Airport,medium_airport,US,Groton,41.330101, -72.045097
FCA,Glacier Park International Airport,medium_airport,US,Kalispell,48.31050109863281, -114.25599670410156
GPT,Gulfport Biloxi International Airport,medium_airport,US,Gulfport,30.407301, -89.070099
GPZ,Grand Rapids Itasca Co-Gordon Newstrom field,small_airport,US,Grand Rapids,47.21110153, -93.50980377
GQQ,Galion Municipal Airport,small_airport,US,Galion,40.7533988953, -82.7238006592
GRB,Austin Straubel International Airport,medium_airport,US,Green Bay,44.483459, -88.130805
GRD,Greenwood County Airport,small_airport,US,Greenwood,34.2486991882, -82.15910339359999
GRE,Greenville Airport,small_airport,US,Greenville,38.836844, -89.376525
GRF,Gray Army Air Field,medium_airport,US,Fort Lewis/Tacoma,47.07920074, -122.5810013
GRI,Central Nebraska Regional Airport,medium_airport,US,Grand Island,40.967498779296875, -98.30960083007812
GRK,Killeen-Fort Hood Regional Airport / Robert Gray Army Air Field,medium_airport,US,Killeen,31.0672, -97.828903
GRN,Gordon Municipal Airport,small_airport,US,Gordon,42.8059997559, -102.175003052
GRR,Gerald R. Ford International Airport,medium_airport,US,Grand Rapids,42.88079834, -85.52279663
GSB,Seymour Johnson Air Force Base,medium_airport,US,Goldsboro,35.339401, -77.960602
GSH,Goshen Municipal Airport,small_airport,US,Goshen,41.526401519800004, -85.79290008539999
GSO,Piedmont Triad International Airport,medium_airport,US,Greensboro,36.097801, -79.937302
GSP,Greenville Spartanburg International Airport,medium_airport,US,Greer,34.895699, -82.218903
GTF,Great Falls International Airport,medium_airport,US,Great Falls,47.48199844, -111.3710022
GTG,Grantsburg Municipal Airport,small_airport,US,Grantsburg,45.7980995178, -92.6643981934
GTR,Golden Triangle Regional Airport,medium_airport,US,Columbus/W Point/Starkville,33.450298309299995, -88.5914001465
GUC,Gunnison Crested Butte Regional Airport,small_airport,US,Gunnison,38.536346, -106.928306
GUP,Gallup Municipal Airport,medium_airport,US,Gallup,35.511100769, -108.789001465
GUS,Grissom Air Reserve Base,medium_airport,US,Peru,40.648102, -86.1521
GUY,Guymon Municipal Airport,medium_airport,US,Guymon,36.6851005554, -101.508003235
GVL,Lee Gilmer Memorial Airport,small_airport,US,Gainesville,34.27259827, -83.8302002
GVT,Majors Airport,small_airport,US,Greenville,33.0677986145, -96.0652999878
KGW,Kagi Airport,small_airport,PG,Kagi,-9.135916666670001, 147.669444444
GWO,Greenwood–Leflore Airport,medium_airport,US,Greenwood,33.4943008423, -90.0847015381
GWS,Glenwood Springs Municipal Airport,small_airport,US,Glenwood Springs,39.5083007812, -107.310997009
KGX,Grayling Airport,small_airport,US,Grayling,62.895187, -160.066289
GXY,Greeley–Weld County Airport,small_airport,US,Greeley,40.4374008179, -104.633003235
GDC,Donaldson Field Airport,small_airport,US,Greenville,34.758301, -82.376404
PNX,North Texas Regional Airport/Perrin Field,small_airport,US,Sherman/Denison,33.7141, -96.673698
GYR,Phoenix Goodyear Airport,small_airport,US,Goodyear,33.4225006104, -112.375999451
GYY,Gary Chicago International Airport,medium_airport,US,Gary,41.61629867553711, -87.41280364990234
KGZ,Glacier Creek Airport,small_airport,US,Glacier Creek,61.4551010132, -142.380996704
DSY,Dara Sakor International Airport,small_airport,KH,Ta Noun,10.914244, 103.226652
HAB,Marion County Rankin Fite Airport,small_airport,US,Hamilton,34.11759949, -87.99819946
HAF,Half Moon Bay Airport,small_airport,US,Half Moon Bay,37.513401031499995, -122.500999451
HAI,Three Rivers Municipal Dr Haines Airport,small_airport,US,Three Rivers,41.9598007202, -85.59339904790001
HAO,Butler Co Regional Airport - Hogan Field,small_airport,US,Hamilton,39.363800048799995, -84.5220031738
HBG,Hattiesburg Bobby L Chain Municipal Airport,medium_airport,US,Hattiesburg,31.26479912, -89.25279999
HBR,Hobart Regional Airport,medium_airport,US,Hobart,34.991317, -99.051313
HDE,Brewster Field,small_airport,US,Holdrege,40.452099, -99.336502
HDN,Yampa Valley Airport,small_airport,US,Hayden,40.481201, -107.218002
HEE,Thompson-Robbins Airport,small_airport,US,West Helena,34.576571, -90.67616
MNZ,Manassas Regional Airport/Harry P. Davis Field,small_airport,US,Manassas,38.72140121, -77.51540375
HEZ,Natchez–Adams County Airport / Hardy-Anders Field,small_airport,US,Natchez,31.614817, -91.297331
HFD,Hartford Brainard Airport,medium_airport,US,Hartford,41.736698150635, -72.649398803711
HFF,Mackall Army Air Field,small_airport,US,Hoffman,35.036087, -79.498615
HGR,Hagerstown Regional Richard A Henson Field,medium_airport,US,Hagerstown,39.707901, -77.72949982
HHR,Jack Northrop Field Hawthorne Municipal Airport,medium_airport,US,Hawthorne,33.922798, -118.334999
HUJ,Stan Stamper Municipal Airport,small_airport,US,Hugo,34.03480148, -95.54190063
HIB,Range Regional Airport,medium_airport,US,Hibbing,47.3866, -92.838997
HIE,Mount Washington Regional Airport,small_airport,US,Whitefield,44.36752, -71.545765
HIF,Hill Air Force Base,medium_airport,US,Ogden,41.12403, -111.973086
HII,Lake Havasu City International Airport,medium_airport,US,Lake Havasu City,34.571098, -114.358002
HIO,Portland Hillsboro Airport,medium_airport,US,Portland,45.540401, -122.949997
HKA,Blytheville Municipal Airport,small_airport,US,Blytheville,35.940399169900004, -89.83080291750001
HKS,Hawkins Field,small_airport,US,Jackson,32.33449936, -90.22219849
HKY,Hickory Regional Airport,medium_airport,US,Hickory,35.74110031, -81.38950348
HLB,Hillenbrand Industries Airport,small_airport,US,Batesville,39.344501495399996, -85.25830078119999
HLC,Hill City Municipal Airport,small_airport,US,Hill City,39.37879944, -99.83149719
HLG,Wheeling Ohio County Airport,medium_airport,US,Wheeling,40.1749992371, -80.6463012695
HLM,Park Township Airport,small_airport,US,Holland,42.795898, -86.162003
HLN,Helena Regional Airport,medium_airport,US,Helena,46.6068, -111.983002
HLR,Hood Army Air Field,heliport,US,Fort Cavazos (Killeen),31.1387, -97.7145
HMN,Holloman Air Force Base,medium_airport,US,Alamogordo,32.852501, -106.107002
HMT,Hemet Ryan Airport,small_airport,US,Hemet,33.7340011597, -117.023002625
HNB,Huntingburg Airport,small_airport,US,Huntingburg,38.2490005493, -86.95369720459999
HSH,Henderson Executive Airport,small_airport,US,Las Vegas,35.9728012085, -115.134002686
HOB,Lea County Regional Airport,medium_airport,US,Hobbs,32.6875, -103.217003
HON,Huron Regional Airport,medium_airport,US,Huron,44.38520050048828, -98.22850036621094
HOP,Campbell Army Airfield (Fort Campbell),medium_airport,US,Fort Campbell,36.674154, -87.48974
HOT,Memorial Field Airport,medium_airport,US,Hot Springs,34.4788, -93.096262
HOU,William P Hobby Airport,medium_airport,US,Houston,29.645399, -95.2789
HPN,Westchester County Airport,medium_airport,US,White Plains,41.06700134277344, -73.70760345458984
HPT,Hampton Municipal Airport,small_airport,US,Hampton,42.7237014771, -93.22630310059999
HPY,Baytown Airport,small_airport,US,Baytown,29.786100387599998, -94.95269775390001
HQM,Bowerman Airport,medium_airport,US,Hoquiam,46.971199035599994, -123.93699646
HES,Hermiston Municipal Airport,small_airport,US,Hermiston,45.828223, -119.259024
HRL,Valley International Airport,medium_airport,US,Harlingen,26.228500366210938, -97.65440368652344
HRO,Boone County Airport,medium_airport,US,Harrison,36.26150131225586, -93.15470123291016
HSB,Harrisburg-Raleigh Airport,small_airport,US,Harrisburg,37.811298, -88.550301
HNC,Billy Mitchell Airport,small_airport,US,Hatteras,35.232799530029, -75.617797851562
THP,Hot Springs County Airport,small_airport,US,Thermopolis,43.713602, -108.389687
HSI,Hastings Municipal Airport,small_airport,US,Hastings,40.6053009033, -98.42790222170001
HSP,Ingalls Field,small_airport,US,Hot Springs,37.95140076, -79.83390045
HST,Homestead ARB Airport,medium_airport,US,Homestead,25.48859978, -80.38359833
HSV,Huntsville International Carl T Jones Field,medium_airport,US,Huntsville,34.637199, -86.775101
HTH,Hawthorne Industrial Airport,small_airport,US,Hawthorne,38.544399, -118.634002
HTL,Roscommon County - Blodgett Memorial Airport,small_airport,US,Houghton Lake,44.359798, -84.671095
HTO,Town of East Hampton Airport,small_airport,US,East Hampton,40.959954, -72.25105
HTS,Tri-State Airport / Milton J. Ferguson Field,medium_airport,US,Huntington,38.366699, -82.557999
HTW,Lawrence County Airpark,small_airport,US,South Point,38.419082, -82.494922
HUA,Redstone Army Air Field,medium_airport,US,Redstone Arsnl Huntsville,34.67869949, -86.68479919
HUF,"Terre Haute Regional Airport, Hulman Field",medium_airport,US,Terre Haute,39.4515, -87.307602
HUL,Houlton International Airport,medium_airport,US,Houlton,46.1231002808, -67.792098999
HUM,Houma Terrebonne Airport,small_airport,US,Houma,29.5664997101, -90.6604003906
HUT,Hutchinson Municipal Airport,medium_airport,US,Hutchinson,38.0654983521, -97.86060333250002
HVE,Hanksville Airport,small_airport,US,Hanksville,38.417999267599996, -110.70400238
HVN,Tweed New Haven Airport,medium_airport,US,New Haven,41.26369858, -72.88680267
HVR,Havre City County Airport,medium_airport,US,Havre,48.542999, -109.762001
HVS,Hartsville Regional Airport,small_airport,US,Hartsville,34.4030990601, -80.11920166019999
HWD,Hayward Executive Airport,small_airport,US,Hayward,37.659198761, -122.122001648
HWO,North Perry Airport,small_airport,US,Hollywood,26.0012, -80.2407
WSH,Brookhaven Calabro Airport,small_airport,US,Shirley,40.821899, -72.8694
HHH,Hilton Head Airport,small_airport,US,Hilton Head Island,32.2244, -80.697502
HYA,Cape Cod Gateway Airport,medium_airport,US,Hyannis,41.6693, -70.280403
HYR,Sawyer County Airport,medium_airport,US,Hayward,46.025199890100005, -91.44429779050002
HYS,Hays Regional Airport,medium_airport,US,Hays,38.84220123, -99.27320099
HZL,Hazleton Municipal Airport,small_airport,US,Hazleton,40.986801147499996, -75.9949035645
JFN,Northeast Ohio Regional Airport,medium_airport,US,Ashtabula,41.778, -80.695503
IAB,McConnell Air Force Base,medium_airport,US,Wichita,37.621899, -97.268204
IAD,Washington Dulles International Airport,large_airport,US,Dulles,38.9445, -77.455803
IAG,Niagara Falls International Airport,medium_airport,US,Niagara Falls,43.1073, -78.946198
IAH,George Bush Intercontinental Houston Airport,large_airport,US,Houston,29.984399795532227, -95.34140014648438
KIB,Ivanof Bay Seaplane Base,seaplane_base,US,Ivanof Bay,55.8974990845, -159.488998413
ICL,Schenck Field,small_airport,US,Clarinda,40.72180176, -95.02639771
ICT,Wichita Eisenhower National Airport,medium_airport,US,Wichita,37.649899, -97.433098
IDA,Idaho Falls Regional Airport,medium_airport,US,Idaho Falls,43.514599, -112.070999
IDI,Indiana County–Jimmy Stewart Airport,small_airport,US,Indiana,40.631119, -79.101884
IDP,Independence Municipal Airport,small_airport,US,Independence,37.1584014893, -95.77839660640001
XPR,Pine Ridge Airport,small_airport,US,Pine Ridge,43.020902, -102.506089
IFA,Iowa Falls Municipal Airport,small_airport,US,Iowa Falls,42.4707984924, -93.2699966431
IFP,Laughlin Bullhead International Airport,medium_airport,US,Bullhead City,35.157398, -114.559998
IGM,Kingman Airport,medium_airport,US,Kingman,35.259499, -113.938004
IKK,Greater Kankakee Airport,medium_airport,US,Kankakee,41.07139968869999, -87.8462982178
KIL,Kilwa Airport,small_airport,CD,Kilwa,-9.2886, 28.3269
ILE,Skylark Field,small_airport,US,Killeen,31.0858001709, -97.6865005493
ILG,New Castle Airport,medium_airport,US,Wilmington,39.67869949, -75.60649872
ILM,Wilmington International Airport,medium_airport,US,Wilmington,34.270599365234375, -77.90260314941406
ILN,Wilmington Airpark,medium_airport,US,Wilmington,39.427898407, -83.792098999
IML,Imperial Municipal Airport,small_airport,US,Imperial,40.50930023, -101.6210022
IMM,Immokalee Regional Airport,small_airport,US,Immokalee,26.427933, -81.403531
MDN,Madison Municipal Airport,small_airport,US,Madison,38.75889969, -85.46549988
IMT,Ford Airport,small_airport,US,Iron Mountain / Kingsford,45.818401, -88.114502
IND,Indianapolis International Airport,large_airport,US,Indianapolis,39.7173, -86.294403
INK,Winkler County Airport,medium_airport,US,Wink,31.779600143399996, -103.200996399
INL,Falls International Airport,medium_airport,US,International Falls,48.566200256347656, -93.4030990600586
INS,Creech Air Force Base,small_airport,US,Indian Springs,36.587200164799995, -115.672996521
INT,Smith Reynolds Airport,medium_airport,US,Winston Salem,36.13370132446289, -80.22200012207031
INW,Winslow Lindbergh Regional Airport,medium_airport,US,Winslow,35.021900177, -110.722999573
IOW,Iowa City Municipal Airport,small_airport,US,Iowa City,41.639198303200004, -91.5465011597
IPL,Imperial County Airport,medium_airport,US,Imperial,32.834201812699995, -115.57900238
IPT,Williamsport Regional Airport,medium_airport,US,Williamsport,41.241798400878906, -76.92109680175781
KIQ,Kira Airport,small_airport,PG,Kira,-8.065111111110001, 147.332027778
IRK,Kirksville Regional Airport,medium_airport,US,Kirksville,40.09349822998047, -92.5448989868164
IRS,Kirsch Municipal Airport,small_airport,US,Sturgis,41.81330109, -85.43900299
ISM,Kissimmee Gateway Airport,medium_airport,US,Orlando,28.2898006439, -81.4371032715
ISO,Kinston Regional Jetport At Stallings Field,medium_airport,US,Kinston,35.331401825, -77.60880279540001
ISP,Long Island Mac Arthur Airport,medium_airport,US,Islip,40.79520035, -73.10019684
ISQ,Schoolcraft County Airport,small_airport,US,Manistique,45.97460175, -86.17179871
ISW,Alexander Field South Wood County Airport,small_airport,US,Wisconsin Rapids,44.3602981567, -89.83899688720001
ITH,Ithaca Tompkins Regional Airport,medium_airport,US,Ithaca,42.49100112915039, -76.4583969116211
AZA,Phoenix–Mesa Gateway Airport,medium_airport,US,Mesa,33.3078, -111.654999
IWD,Gogebic Iron County Airport,small_airport,US,Ironwood,46.5275, -90.131401
ISS,Wiscasset Airport,small_airport,US,Wiscasset,43.9613990784, -69.712600708
IWS,West Houston Airport,small_airport,US,Houston,29.818199, -95.6726
JCI,New Century AirCenter Airport,small_airport,US,New Century,38.830898, -94.890297
IYK,Inyokern Airport,small_airport,US,Inyokern,35.65879822, -117.8300018
SQA,Santa Ynez Airport,small_airport,US,Santa Ynez,34.60680008, -120.0759964
FRY,Eastern Slopes Regional Airport,small_airport,US,Fryeburg,43.991100311299995, -70.9478988647
JAC,Jackson Hole Airport,medium_airport,US,Jackson,43.6072998046875, -110.73799896240234
JAN,Jackson-Medgar Wiley Evers International Airport,medium_airport,US,Jackson,32.311199, -90.075897
JAS,Jasper County Airport Bell Field,small_airport,US,Jasper,30.8857, -94.034897
JAX,Jacksonville International Airport,large_airport,US,Jacksonville,30.49410057067871, -81.68789672851562
JBR,Jonesboro Municipal Airport,medium_airport,US,Jonesboro,35.83169937133789, -90.64640045166016
JCT,Kimble County Airport,medium_airport,US,Junction,30.5112991333, -99.7634963989
JDN,Jordan Airport,small_airport,US,Jordan,47.3288002014, -106.95300293
JEF,Jefferson City Memorial Airport,small_airport,US,Jefferson City,38.5912017822, -92.15609741210001
JFK,John F Kennedy International Airport,large_airport,US,New York,40.639447, -73.779317
JHW,Chautauqua County-Jamestown Airport,medium_airport,US,Jamestown,42.15425, -79.254008
GUF,Jack Edwards National Airport,small_airport,US,Gulf Shores,30.290501, -87.671799
JLN,Joplin Regional Airport,medium_airport,US,Joplin,37.151798, -94.498299
JMS,Jamestown Regional Airport,medium_airport,US,Jamestown,46.92969894, -98.67819977
JOT,Joliet Regional Airport,small_airport,US,Joliet,41.51779938, -88.17549896
USA,Concord-Padgett Regional Airport,medium_airport,US,Concord,35.387798, -80.709099
JKV,Cherokee County Airport,small_airport,US,Jacksonville,31.8693008423, -95.2173995972
JST,John Murtha Johnstown Cambria County Airport,medium_airport,US,Johnstown,40.31610107421875, -78.83390045166016
JVL,Southern Wisconsin Regional Airport,small_airport,US,Janesville,42.620300293, -89.0416030884
KJX,Blang Pidie Airport,small_airport,ID,Blangpidie,3.735749, 96.790109
JXN,Jackson County Airport/Reynolds Field,medium_airport,US,Jackson,42.260509, -84.463019
KKB,Kitoi Bay Seaplane Base,seaplane_base,US,Kitoi Bay,58.1908988953, -152.369995117
KIC,Mesa Del Rey Airport,small_airport,US,King City,36.2280006409, -121.122001648
KKL,Karluk Lake Seaplane Base,seaplane_base,US,Karluk Lake,57.3670005798, -154.027999878
KLS,Southwest Washington Regional Airport,medium_airport,US,Kelso,46.11800003049999, -122.898002625
KKU,Ekuk Airport,small_airport,US,Ekuk,58.8111991882, -158.559005737
DTH,Furnace Creek Airport,small_airport,US,Death Valley,36.463799, -116.880997
BXS,Borrego Valley Airport,small_airport,US,Borrego Springs,33.2589988708, -116.320999146
RBF,Big Bear City Airport,small_airport,US,Big Bear,34.2638015747, -116.856002808
TRH,Trona Airport,small_airport,US,Trona,35.8125, -117.327003479
LAA,Southeast Colorado Regional Airport,medium_airport,US,Lamar,38.066407, -102.691373
LAF,Purdue University Airport,medium_airport,US,West Lafayette,40.4123, -86.936897
LAL,Lakeland Linder International Airport,medium_airport,US,Lakeland,27.988899, -82.018602
LAM,Los Alamos Airport,small_airport,US,Los Alamos,35.8797988892, -106.268997192
LAN,Capital City Airport,medium_airport,US,Lansing,42.77870178222656, -84.58740234375
LAR,Laramie Regional Airport,medium_airport,US,Laramie,41.31209945678711, -105.67500305175781
LAS,Harry Reid International Airport,large_airport,US,Las Vegas,36.083361, -115.151817
LAW,Lawton Fort Sill Regional Airport,medium_airport,US,Lawton,34.5676994324, -98.4166030884
LAX,Los Angeles / Tom Bradley International Airport,large_airport,US,Los Angeles,33.942501, -118.407997
LBB,Lubbock Preston Smith International Airport,medium_airport,US,Lubbock,33.663601, -101.822998
LBE,Arnold Palmer Regional Airport,medium_airport,US,Latrobe,40.275902, -79.4048
LBF,North Platte Regional Airport Lee Bird Field,medium_airport,US,North Platte,41.12620163, -100.6839981
LBL,Liberal Mid-America Regional Airport,medium_airport,US,Liberal,37.0442009, -100.9599991
LBT,Lumberton Regional Airport,medium_airport,US,Lumberton,34.610773, -79.05943
LJN,Texas Gulf Coast Regional Airport,medium_airport,US,Angleton,29.108601, -95.462097
LCH,Lake Charles Regional Airport,medium_airport,US,Lake Charles,30.126100540161133, -93.22329711914062
LCI,Laconia Municipal Airport,small_airport,US,Laconia / Gilford,43.572701, -71.4189
LCK,Rickenbacker International Airport,medium_airport,US,Columbus,39.813801, -82.927803
LCQ,Lake City Gateway Airport,small_airport,US,Lake City,30.1819992065, -82.57689666750001
LDJ,Linden Airport,small_airport,US,Linden,40.617401123, -74.2445983887
LDM,Mason County Airport,small_airport,US,Ludington,43.96250153, -86.40789795
LEB,Lebanon Municipal Airport,medium_airport,US,Lebanon,43.626098632799994, -72.30419921880001
LEE,Leesburg International Airport,medium_airport,US,Leesburg,28.82309914, -81.80870056
LEM,Lemmon Municipal Airport,small_airport,US,Lemmon,45.9187011719, -102.106002808
LEW,Auburn Lewiston Municipal Airport,small_airport,US,Auburn/Lewiston,44.048500061, -70.2835006714
LEX,Blue Grass Airport,medium_airport,US,Lexington,38.036499, -84.605904
LFI,Langley Air Force Base,medium_airport,US,Hampton,37.082901, -76.360497
LFK,Angelina County Airport,medium_airport,US,Lufkin,31.2339992523, -94.75
LFT,Lafayette Regional Airport,medium_airport,US,Lafayette,30.205299, -91.987602
LGA,La Guardia Airport,large_airport,US,New York,40.777199, -73.872597
LGB,Long Beach Airport (Daugherty Field),medium_airport,US,Long Beach,33.816523, -118.149891
LGC,LaGrange Callaway Airport,small_airport,US,LaGrange,33.008873, -85.074331
LGD,La Grande/Union County Airport,small_airport,US,La Grande,45.2901992798, -118.007003784
LGF,Laguna Army Airfield,small_airport,US,Yuma Proving Ground(Yuma),32.86000061, -114.3970032
LGU,Logan-Cache Airport,medium_airport,US,Logan,41.7911987305, -111.851997375
LHV,William T. Piper Memorial Airport,small_airport,US,Lock Haven,41.13560104, -77.42230225
LIY,MidCoast Regional Airport at Wright Army Airfield,small_airport,US,Hinesville,31.891237, -81.561003
LFN,Triangle North Executive Airport,small_airport,US,Louisburg,36.0233, -78.330299
LIC,Limon Municipal Airport,small_airport,US,Limon,39.274799346900004, -103.666000366
LIT,Bill & Hillary Clinton National Airport/Adams Field,medium_airport,US,Little Rock,34.729582, -92.223728
LKP,Lake Placid Airport,small_airport,US,Lake Placid,44.2644996643, -73.96189880370001
LOW,Louisa County Airport / Freeman Field,small_airport,US,Louisa,38.0098, -77.9701
LKV,Lake County Airport,small_airport,US,Lakeview,42.161098480199996, -120.399002075
CHL,Challis Airport,small_airport,US,Challis,44.522999, -114.218002
LMS,Louisville Winston County Airport,small_airport,US,Louisville,33.1461982727, -89.0625
LMT,Crater Lake-Klamath Regional Airport,medium_airport,US,Klamath Falls,42.156101, -121.733002
LNA,Palm Beach County Park Airport,small_airport,US,West Palm Beach,26.59300041, -80.08509827
LND,Hunt Field,medium_airport,US,Lander,42.815201, -108.730003
LNK,Lincoln Airport,medium_airport,US,Lincoln,40.85100173950195, -96.75920104980469
LNN,Lake County Executive Airport,small_airport,US,Willoughby,41.683998, -81.389702
LNP,Lonesome Pine Airport,small_airport,US,Wise,36.9874992371, -82.5299987793
LNR,Tri-County Regional Airport,small_airport,US,Spring Green,43.2099, -90.181332
LNS,Lancaster Airport,medium_airport,US,Lancaster,40.121700286865234, -76.29609680175781
LOL,Derby Field,medium_airport,US,Lovelock,40.0663986206, -118.565002441
BBX,Wings Field,small_airport,US,Philadelphia,40.1375007629, -75.2650985718
LOT,Lewis University Airport,small_airport,US,Chicago/Romeoville,41.6072998, -88.09619904
LOU,Bowman Field,medium_airport,US,Louisville,38.2280006409, -85.6636962891
LOZ,London-Corbin Airport/Magee Field,medium_airport,US,London,37.0821990967, -84.08489990230001
LPC,Lompoc Airport,small_airport,US,Lompoc,34.665599823, -120.468002319
LQK,Pickens County Airport,small_airport,US,Pickens,34.8100013733, -82.70290374759999
LRD,Laredo International Airport,medium_airport,US,Laredo,27.543800354003906, -99.46160125732422
LRF,Little Rock Air Force Base,medium_airport,US,Jacksonville,34.916900634799994, -92.14969635010002
LRJ,Le Mars Municipal Airport,small_airport,US,Le Mars,42.77799988, -96.1937027
LRU,Las Cruces International Airport,medium_airport,US,Las Cruces,32.289398193359375, -106.9219970703125
LSB,Lordsburg Municipal Airport,small_airport,US,Lordsburg,32.3334999084, -108.692001343
LSE,La Crosse Regional Airport,medium_airport,US,La Crosse,43.879002, -91.256699
LSF,Lawson Army Air Field,medium_airport,US,Fort Benning,32.332546, -84.988003
LSK,Lusk Municipal Airport,small_airport,US,Lusk,42.753799438499996, -104.404998779
LSN,Los Banos Municipal Airport,small_airport,US,Los Banos,37.06290054, -120.8690033
LSV,Nellis Air Force Base,medium_airport,US,Las Vegas,36.2361984253, -115.033996582
LTS,Altus Air Force Base,medium_airport,US,Altus,34.667099, -99.266701
LUF,Luke Air Force Base,medium_airport,US,Glendale,33.535, -112.383003
LUK,Cincinnati Municipal Airport Lunken Field,medium_airport,US,Cincinnati,39.10329819, -84.41860199
LUL,Hesler Noble Field,small_airport,US,Laurel,31.672599792499998, -89.172203064
LVK,Livermore Municipal Airport,small_airport,US,Livermore,37.6934013367, -121.819999695
LVL,Brunswick Municipal Airport,small_airport,US,Lawrenceville,36.774229, -77.793846
LVM,Mission Field,medium_airport,US,Livingston,45.6994018555, -110.447998047
LVS,Las Vegas Municipal Airport,medium_airport,US,Las Vegas,35.654202, -105.141998
LWB,Greenbrier Valley Airport,medium_airport,US,Lewisburg,37.8582992554, -80.3994979858
LWC,Lawrence Municipal Airport,small_airport,US,Lawrence,39.01119995, -95.21659851
LWL,Wells Municipal Airport/Harriet Field,small_airport,US,Wells,41.117099762, -114.92199707
LWM,Lawrence Municipal Airport,medium_airport,US,Lawrence,42.717201232899995, -71.1233978271
LWS,Lewiston Nez Perce County Airport,medium_airport,US,Lewiston,46.3745002746582, -117.01499938964844
LWT,Lewistown Municipal Airport,medium_airport,US,Lewistown,47.04930114746094, -109.46700286865234
LWV,Lawrenceville Vincennes International Airport,small_airport,US,Lawrenceville,38.7643013, -87.6054992676
LXN,Jim Kelly Field,small_airport,US,Lexington,40.791000366199995, -99.7772979736
LXV,Lake County Airport,small_airport,US,Leadville,39.220298767100005, -106.317001343
LYH,Lynchburg Regional Airport - Preston Glenn Field,medium_airport,US,Lynchburg,37.326698, -79.200401
LYO,Lyons-Rice County Municipal Airport,small_airport,US,Lyons,38.34280014, -98.22689819
LZU,Gwinnett County Briscoe Field,small_airport,US,Lawrenceville,33.97809982, -83.96240234
PCU,Poplarville Pearl River County Airport,small_airport,US,Poplarville,30.785999298096, -89.504501342773
MLK,Malta Airport,small_airport,US,Malta,48.366901, -107.918999
MAC,Macon Downtown Airport,small_airport,US,Macon,32.82210159, -83.56199646
MAE,Madera Municipal Airport,small_airport,US,Madera,36.9886016846, -120.111999512
MAF,Midland International Air and Space Port,medium_airport,US,Midland,31.942499, -102.202003
MAW,Malden Regional Airport,small_airport,US,Malden,36.6006012, -89.99220276
KMB,Koinambe Airport,small_airport,PG,Konambe,-5.4875, 144.606944444
MBG,Mobridge Municipal Airport,medium_airport,US,Mobridge,45.54650116, -100.4079971
MBL,Manistee County Blacker Airport,small_airport,US,Manistee,44.272738, -86.251945
DXE,Bruce Campbell Field,small_airport,US,Madison,32.438702, -90.103104
MBS,MBS International Airport,medium_airport,US,Saginaw,43.532902, -84.079597
MBY,Omar N Bradley Airport,small_airport,US,Moberly,39.464393, -92.428365
MCB,McComb-Pike County Airport / John E Lewis Field,medium_airport,US,McComb,31.178499, -90.471901
MCC,McClellan Airfield,medium_airport,US,Sacramento,38.667599, -121.401001
MCD,Mackinac Island Airport,small_airport,US,Mackinac Island,45.86489868, -84.63729858
MCE,Merced Regional Macready Field,medium_airport,US,Merced,37.28469849, -120.5139999
MCF,MacDill Air Force Base,medium_airport,US,Tampa,27.8493, -82.521202
MCI,Kansas City International Airport,large_airport,US,Kansas City,39.2976, -94.713898
MCK,McCook Ben Nelson Regional Airport,medium_airport,US,McCook,40.208016, -100.592651
MCN,Middle Georgia Regional Airport,medium_airport,US,Macon,32.69279861450195, -83.64920043945312
MCO,Orlando International Airport,large_airport,US,Orlando,28.429399490356445, -81.30899810791016
MCW,Mason City Municipal Airport,medium_airport,US,Clear Lake,43.157799, -93.331299
MDA,Martindale Army Heliport,heliport,US,San Antonio,29.4312992096, -98.3777999878
MDD,Midland Airpark,small_airport,US,Midland,32.0364990234, -102.100997925
MDH,Southern Illinois Airport,medium_airport,US,Murphysboro,37.778099, -89.251999
XMD,Madison Municipal Airport,small_airport,US,Madison,44.01599884, -97.08589935
MDT,Harrisburg International Airport,medium_airport,US,Harrisburg,40.193501, -76.763397
MDW,Chicago Midway International Airport,large_airport,US,Chicago,41.785999, -87.752403
MDF,Taylor County Airport,small_airport,US,Medford,45.10100174, -90.30329895
MXE,Laurinburg Maxton Airport,small_airport,US,Maxton,34.791901, -79.365799
MEI,Key Field / Meridian Regional Airport,medium_airport,US,Meridian,32.3326, -88.7519
MEM,Memphis International Airport,large_airport,US,Memphis,35.04240036010742, -89.97669982910156
MER,Castle Airport,medium_airport,US,Merced,37.38050079, -120.5680008
MEV,Minden-Tahoe Airport,small_airport,US,Minden,39.00030136, -119.7509995
KMF,Kamina Airport,small_airport,PG,Hoieti,-7.64925, 145.956944444
MFD,Mansfield Lahm Regional Airport,medium_airport,US,Mansfield,40.82139968869999, -82.5166015625
MFE,McAllen Miller International Airport,medium_airport,US,McAllen,26.176141, -98.237965
MFI,Marshfield Municipal Airport,small_airport,US,Marshfield,44.6369018555, -90.18930053710001
MFR,Rogue Valley International Medford Airport,medium_airport,US,Medford,42.37419891357422, -122.87300109863281
MFV,Accomack County Airport,small_airport,US,Melfa,37.646900177, -75.761100769
MGC,Michigan City Municipal Airport,small_airport,US,Michigan City,41.703300476100004, -86.8211975098
MGE,Dobbins Air Reserve Base,medium_airport,US,Marietta,33.915401, -84.516296
MGJ,Orange County Airport,small_airport,US,Montgomery,41.50999832, -74.26460266
MGM,Montgomery Regional (Dannelly Field) Airport,medium_airport,US,Montgomery,32.300598, -86.393997
MGR,Moultrie Municipal Airport,small_airport,US,Moultrie,31.084899902300002, -83.8032989502
MGW,Morgantown Municipal Airport Walter L. (Bill) Hart Field,medium_airport,US,Morgantown,39.643305, -79.917598
MGY,Dayton-Wright Brothers Airport,small_airport,US,Dayton,39.5890007019, -84.224899292
MHE,Mitchell Municipal Airport,small_airport,US,Mitchell,43.774799346900004, -98.03859710690001
MHK,Manhattan Regional Airport,medium_airport,US,Manhattan,39.14099884033203, -96.6707992553711
MHL,Marshall Memorial Municipal Airport,small_airport,US,Marshall,39.0957984924, -93.20290374759999
MHR,Sacramento Mather Airport,medium_airport,US,Sacramento,38.553902, -121.297997
MHT,Manchester-Boston Regional Airport,medium_airport,US,Manchester,42.932598, -71.435699
MHV,Mojave Airport,small_airport,US,Mojave,35.05939865, -118.1520004
MIA,Miami International Airport,large_airport,US,Miami,25.79319953918457, -80.29060363769531
MIB,Minot Air Force Base,medium_airport,US,Minot,48.4156, -101.358002
MIE,Delaware County Johnson Field,medium_airport,US,Muncie,40.242298, -85.395897
MIT,Shafter Airport - Minter Field,small_airport,US,Shafter,35.507401, -119.192002
MIV,Millville Municipal Airport,medium_airport,US,Millville,39.367802, -75.072197
MJX,Ocean County Airport,small_airport,US,Toms River,39.92750168, -74.29239655
MKC,Charles B. Wheeler Downtown Airport,medium_airport,US,Kansas City,39.123199462890625, -94.5927963256836
MKE,General Mitchell International Airport,large_airport,US,Milwaukee,42.947200775146484, -87.89659881591797
MKG,Muskegon County Airport,medium_airport,US,Muskegon,43.169498, -86.238197
MKL,McKellar-Sipes Regional Airport,medium_airport,US,Jackson,35.599899, -88.915604
MRK,Marco Island Executive Airport,small_airport,US,Marco Island,25.995001, -81.672501
MLB,Melbourne Orlando International Airport,medium_airport,US,Melbourne,28.1028, -80.645302
MLC,Mc Alester Regional Airport,medium_airport,US,Mc Alester,34.882401, -95.783501
MLI,Quad City International Airport,medium_airport,US,Moline,41.448502, -90.5075
MLS,Miles City Airport - Frank Wiley Field,medium_airport,US,Miles City,46.428001, -105.886002
MLU,Monroe Regional Airport,medium_airport,US,Monroe,32.510899, -92.037697
KMM,Kimaam Airport,small_airport,ID,Kimaam,-7.9782, 138.852005
MMH,Mammoth Yosemite Airport,small_airport,US,Mammoth Lakes,37.62409973, -118.8379974
MMI,McMinn County Airport,small_airport,US,Athens,35.39730072, -84.56259918
MML,Southwest Minnesota Regional Airport - Marshall/Ryan Field,small_airport,US,Marshall,44.45050049, -95.82189941
MMS,Selfs Airport,small_airport,US,Marks,34.231499, -90.289597
MMT,Mc Entire Joint National Guard Base,medium_airport,US,Eastover,33.92079926, -80.80130005
MMU,Morristown Municipal Airport,medium_airport,US,Morristown,40.799400329589844, -74.41490173339844
MNM,Menominee–Marinette Twin County Airport,small_airport,US,Menominee,45.126701, -87.638397
MNN,Marion Municipal Airport,small_airport,US,Marion,40.6161994934, -83.06349945070001
MOB,Mobile Regional Airport,medium_airport,US,Mobile,30.6912, -88.242798
MOD,Modesto City Co-Harry Sham Field,medium_airport,US,Modesto,37.625801, -120.954002
MOT,Minot International Airport,medium_airport,US,Minot,48.2593994140625, -101.27999877929688
RMY,Mariposa Yosemite Airport,small_airport,US,Mariposa,37.5108985901, -120.040000916
MPJ,Petit Jean Park Airport,small_airport,US,Morrilton,35.138901, -92.909202
MPO,Pocono Mountains Municipal Airport,small_airport,US,Mount Pocono,41.136025, -75.379572
MPV,Edward F Knapp State Airport,medium_airport,US,Barre/Montpelier,44.20349884, -72.56230164
MPZ,Mount Pleasant Municipal Airport,small_airport,US,Mount Pleasant,40.94660187, -91.51110077
MQB,Macomb Municipal Airport,small_airport,US,Macomb,40.520099639899996, -90.65239715579999
MEO,Dare County Regional Airport,small_airport,US,Manteo,35.91899872, -75.69550323
CTH,Chester County G O Carlson Airport,small_airport,US,Coatesville,39.97900009, -75.8655014
MQY,Smyrna Airport,medium_airport,US,Smyrna,36.0089988708, -86.5201034546
MRB,Eastern WV Regional Airport/Shepherd Field,medium_airport,US,Martinsburg,39.40190125, -77.98459625
MRC,Maury County Airport,small_airport,US,Columbia/Mount Pleasant,35.5541000366, -87.17890167239999
MRF,Marfa Municipal Airport,small_airport,US,Marfa,30.369593, -104.015893
MRN,Foothills Regional Airport,small_airport,US,Morganton,35.820202, -81.611397
MRY,Monterey Peninsula Airport,medium_airport,US,Monterey,36.58700180053711, -121.84300231933594
MSL,Northwest Alabama Regional Airport,medium_airport,US,Muscle Shoals,34.74530029, -87.61019897
MSN,Dane County Regional Truax Field,medium_airport,US,Madison,43.1399, -89.337502
MSO,Missoula International Airport,medium_airport,US,Missoula,46.91630173, -114.0910034
MSP,Minneapolis–Saint Paul International Airport / Wold–Chamberlain Field,large_airport,US,Minneapolis,44.882, -93.221802
MSS,Massena International Airport Richards Field,medium_airport,US,Massena,44.936157, -74.844304
MSV,Sullivan County International Airport,small_airport,US,Monticello,41.701596, -74.794997
MSY,Louis Armstrong New Orleans International Airport,large_airport,US,New Orleans,29.99340057373047, -90.25800323486328
MTC,Selfridge Air National Guard Base Airport,medium_airport,US,Mount Clemens,42.613463, -82.836919
MTH,The Florida Keys Marathon Airport,medium_airport,US,Marathon,24.726101, -81.051399
MTJ,Montrose Regional Airport,medium_airport,US,Montrose,38.5098, -107.893997
MTN,Martin State Airport,medium_airport,US,Baltimore,39.325699, -76.413803
MTO,Coles County Memorial Airport,small_airport,US,Mattoon,39.477901, -88.279198
MTP,Montauk Airport,small_airport,US,Montauk,41.0765, -71.920797
MTW,Manitowoc County Airport,small_airport,US,Manitowoc,44.127116, -87.681983
MUI,Muir Army Air Field (Fort Indiantown Gap) Airport,medium_airport,US,Fort Indiantown Gap(Annville),40.435214, -76.568661
MUO,Mountain Home Air Force Base,medium_airport,US,Mountain Home,43.043598, -115.872002
MUT,Muscatine Municipal Airport,small_airport,US,Muscatine,41.367803, -91.148201
MVC,Monroe County Aeroplex Airport,small_airport,US,Monroeville,31.458, -87.350996
MVE,Montevideo Chippewa County Airport,small_airport,US,Montevideo,44.969101, -95.710297
MVL,Morrisville-Stowe State Airport,small_airport,US,Morrisville,44.534599, -72.613998
MVY,Martha's Vineyard Airport,small_airport,US,Martha's Vineyard,41.3931007385, -70.6143035889
MWA,Veterans Airport of Southern Illinois,small_airport,US,Marion,37.751208, -89.016568
MWC,Lawrence J Timmerman Airport,small_airport,US,Milwaukee,43.110401, -88.034401
MWH,Grant County International Airport,medium_airport,US,Moses Lake,47.20769882, -119.3199997
MWL,Mineral Wells Regional Airport,small_airport,US,Mineral Wells,32.781601, -98.060204
MWO,Middletown Regional Airport,small_airport,US,Middletown,39.530998, -84.395302
MXA,Manila Municipal Airport,small_airport,US,Manila,35.894402, -90.154602
MXF,Maxwell Air Force Base,medium_airport,US,Montgomery,32.3829, -86.365799
KMY,Moser Bay Seaplane Base,seaplane_base,US,Moser Bay,57.0256, -154.145996
MYF,Montgomery-Gibbs Executive Airport,small_airport,US,San Diego,32.8157, -117.139999
MYL,McCall Municipal Airport,medium_airport,US,McCall,44.88970184, -116.1009979
MYR,Myrtle Beach International Airport,medium_airport,US,Myrtle Beach,33.6796989441, -78.9282989502
MYV,Yuba County Airport,medium_airport,US,Marysville,39.09780121, -121.5699997
MZJ,Pinal Airpark,small_airport,US,Marana,32.5106010437, -111.32800293
MZZ,Marion Municipal Airport,small_airport,US,Marion,40.4898986816, -85.6797027588
CTX,Cortland County Chase Field,small_airport,US,Cortland,42.59260178, -76.21489716
SXY,Sidney Municipal Airport,small_airport,US,Sidney,42.302600860596, -75.416000366211
NBG,New Orleans NAS JRB/Alvin Callender Field,medium_airport,US,New Orleans,29.82530022, -90.03500366
NHX,Naval Outlying Field Barin,small_airport,US,Foley,30.389099121100003, -87.63529968259999
DGN,Dahlgren Naval Surface Warfare Center Airport,small_airport,US,Dahlgren,38.3325, -77.037201
NEL,Lakehurst Maxfield Field Airport,medium_airport,US,Lakehurst,40.03329849, -74.353302
NEN,Whitehouse Naval Outlying Field,small_airport,US,Jacksonville,30.353900909424, -81.87190246582
NEW,Lakefront Airport,medium_airport,US,New Orleans,30.042400360107, -90.028297424316
NFL,Fallon Naval Air Station,medium_airport,US,Fallon,39.41659927, -118.7009964
FWH,NAS Fort Worth JRB / Carswell Field,medium_airport,US,Fort Worth,32.769199, -97.441498
NGU,Norfolk Naval Station (Chambers Field),medium_airport,US,Norfolk,36.937599, -76.289299
NHK,Patuxent River Naval Air Station (Trapnell Field),medium_airport,US,Patuxent River,38.285999, -76.411797
NHZ,Brunswick Executive Airport,medium_airport,US,Brunswick,43.89220047, -69.93859863
NIP,Jacksonville Naval Air Station (Towers Field),medium_airport,US,Jacksonville,30.2358, -81.680603
NJK,El Centro NAF Airport (Vraciu Field),medium_airport,US,El Centro,32.829201, -115.671996
NKX,Miramar Marine Corps Air Station - Mitscher Field,medium_airport,US,San Diego,32.86840057, -117.1429977
NLC,Lemoore Naval Air Station (Reeves Field) Airport,medium_airport,US,Lemoore,36.33300018, -119.9520035
NPA,Naval Air Station Pensacola Forrest Sherman Field,medium_airport,US,Pensacola,30.352699, -87.318604
NQA,Millington-Memphis Airport,medium_airport,US,Millington,35.356701, -89.8703
NQI,Kingsville Naval Air Station,medium_airport,US,Kingsville,27.5072002411, -97.8097000122
NQX,Naval Air Station Key West/Boca Chica Field,medium_airport,US,Key West,24.57579994, -81.68890381
NRB,Naval Station Mayport / Admiral David L McDonald Field,medium_airport,US,Jacksonville,30.3911, -81.424698
NRS,Naval Outlying Field Imperial Beach (Ream Field),small_airport,US,Imperial Beach,32.5667, -117.116997
NSE,Whiting Field Naval Air Station - North,medium_airport,US,Milton,30.7241993, -87.02189636
NTD,Point Mugu Naval Air Station (Naval Base Ventura Co),medium_airport,US,Point Mugu,34.120300293, -119.121002197
NTU,Oceana Naval Air Station,medium_airport,US,Virginia Beach,36.820702, -76.033501
NUQ,Moffett Federal Airfield,medium_airport,US,Mountain View,37.4161, -122.049004
NUW,Whidbey Island Naval Air Station (Ault Field),medium_airport,US,Oak Harbor,48.351799, -122.655998
YUM,Yuma International Airport / Marine Corps Air Station Yuma,medium_airport,US,Yuma,32.656601, -114.606003
NZY,North Island Naval Air Station-Halsey Field,medium_airport,US,San Diego,32.69919968, -117.2149963
NVN,Nervino Airport,small_airport,US,Beckwourth,39.818501, -120.352997
COA,Columbia Airport,small_airport,US,Columbia,38.030399322499996, -120.415000916
ODC,Oakdale Airport,small_airport,US,Oakdale,37.75630188, -120.8000031
EYR,Yerington Municipal Airport,small_airport,US,Yerington,39.0041007996, -119.157997131
OAJ,Albert J Ellis Airport,medium_airport,US,Richlands,34.829201, -77.612099
OAK,Metropolitan Oakland International Airport,large_airport,US,Oakland,37.721298, -122.221001
OAR,Marina Municipal Airport,small_airport,US,Marina,36.68190002, -121.762001
OBE,Okeechobee County Airport,small_airport,US,Okeechobee,27.262800216699997, -80.8498001099
OCF,Ocala International Airport - Jim Taylor Field,small_airport,US,Ocala,29.17259979, -82.22419739
OCH,A L Mangham Jr. Regional Airport,small_airport,US,Nacogdoches,31.57799911, -94.70950317
OCW,Warren Field,small_airport,US,Washington,35.570499420166, -77.049797058105
OEA,O'Neal Airport,small_airport,US,Lawrenceville,38.68521, -87.543138
OEO,L O Simenstad Municipal Airport,small_airport,US,Osceola,45.310001373291, -92.691902160645
OFK,Karl Stefan Memorial Airport,medium_airport,US,Norfolk,41.985500335693, -97.435096740723
OGA,Searle Field,small_airport,US,Ogallala,41.11949921, -101.7699966
OGB,Orangeburg Municipal Airport,medium_airport,US,Orangeburg,33.456798553467, -80.859497070312
OGD,Ogden Hinckley Airport,medium_airport,US,Ogden,41.195899963379, -112.0120010376
OGS,Ogdensburg International Airport,medium_airport,US,Ogdensburg,44.6819, -75.4655
OIC,Lt Warren Eaton Airport,small_airport,US,Norwich,42.566600799561, -75.524101257324
OJC,Johnson County Executive Airport,small_airport,US,Olathe,38.84759903, -94.73760223
OCN,Oceanside Municipal Airport,small_airport,US,Oceanside,33.217947, -117.351683
OKC,Will Rogers World Airport,medium_airport,US,Oklahoma City,35.393101, -97.6007
ODW,AJ Eisenberg Airport,small_airport,US,Oak Harbor,48.251499176, -122.674003601
OKK,Kokomo Municipal Airport,small_airport,US,Kokomo,40.528198242188, -86.05899810791
OKM,Okmulgee Regional Airport,small_airport,US,Okmulgee,35.668098449707, -95.948699951172
OKS,Garden County Airport/King Rhiley Field,small_airport,US,Oshkosh,41.401001, -102.355003
WGO,Winchester Regional Airport,small_airport,US,Winchester,39.14350128, -78.14440155
OLD,Dewitt Field - Old Town Municipal Airport,small_airport,US,Old Town,44.952801, -68.674301
OLF,L M Clayton Airport,medium_airport,US,Wolf Point,48.094501495399996, -105.574996948
OLM,Olympia Regional Airport,medium_airport,US,Olympia,46.9693985, -122.9029999
OLS,Nogales International Airport,medium_airport,US,Nogales,31.4177, -110.848
OLV,Olive Branch Airport,small_airport,US,Olive Branch,34.9786987305, -89.78690338130001
KOM,Komo-Manda Airport,small_airport,PG,Komo,-6.0682, 142.8598
OMA,Eppley Airfield,large_airport,US,Omaha,41.3032, -95.894096
OMK,Omak Airport,small_airport,US,Omak,48.4644012451, -119.517997742
ONL,The O'Neill Municipal John L Baker Field,small_airport,US,O'Neill,42.469898, -98.688103
ONO,Ontario Municipal Airport,medium_airport,US,Oregon,44.0198, -117.013289
ONP,Newport Municipal Airport,medium_airport,US,Newport,44.580399, -124.057999
ONT,Ontario International Airport,large_airport,US,Ontario,34.055999755859375, -117.60099792480469
OPF,Miami-Opa Locka Executive Airport,medium_airport,US,Miami,25.907, -80.278397
NCO,Quonset State Airport,medium_airport,US,North Kingstown,41.597099304199, -71.412101745605
KOR,Kakoro(Koroko) Airstrip,small_airport,PG,Kakoro,-7.8346666666700004, 146.5335
ORD,Chicago O'Hare International Airport,large_airport,US,Chicago,41.9786, -87.9048
ORF,Norfolk International Airport,medium_airport,US,Norfolk,36.8946, -76.201202
ORH,Worcester Regional Airport,medium_airport,US,Worcester,42.2673, -71.875702
ORL,Orlando Executive Airport,small_airport,US,Orlando,28.5455, -81.332901
ESD,Orcas Island Airport,small_airport,US,Eastsound,48.7081985474, -122.910003662
OSC,Oscoda Wurtsmith Airport,small_airport,US,Oscoda,44.451599, -83.394096
OSH,Wittman Regional Airport,medium_airport,US,Oshkosh,43.98440170288086, -88.55699920654297
OSU,The Ohio State University Airport - Don Scott Field,medium_airport,US,Columbus,40.0798, -83.072998
OTH,Southwest Oregon Regional Airport,medium_airport,US,North Bend,43.41709899902344, -124.24600219726562
OTM,Ottumwa Regional Airport,medium_airport,US,Ottumwa,41.106368, -92.449837
OUN,University of Oklahoma Westheimer Airport,small_airport,US,Norman,35.2456, -97.472099
OVE,Oroville Municipal Airport,small_airport,US,Oroville,39.487800598145, -121.62200164795
OWA,Owatonna Degner Regional Airport,small_airport,US,Owatonna,44.12340164, -93.26059723
OWB,Owensboro Daviess County Airport,medium_airport,US,Owensboro,37.74010086, -87.16680145
OWD,Norwood Memorial Airport,medium_airport,US,Norwood,42.1904983521, -71.1728973389
OWK,Central Maine/Norridgewock Airport,small_airport,US,Norridgewock,44.7155, -69.866501
OCE,Ocean City Municipal Airport,small_airport,US,Ocean City,38.310398101807, -75.124000549316
OXC,Waterbury Oxford Airport,small_airport,US,Oxford,41.47859954834, -73.135200500488
OXD,Miami University Airport,small_airport,US,Oxford,39.50230026, -84.78440094
OXR,Oxnard Airport,medium_airport,US,Oxnard,34.200801849365, -119.20700073242
KOY,Olga Bay Seaplane Base,seaplane_base,US,Olga Bay,57.161499023400005, -154.229995728
STQ,St Marys Municipal Airport,small_airport,US,St Marys,41.412498474121, -78.502601623535
OZA,Ozona Municipal Airport,small_airport,US,Ozona,30.735300064087, -101.20300292969
OZR,Cairns AAF (Fort Rucker) Air Field,medium_airport,US,Fort Rucker/Ozark,31.27569962, -85.71340179
YJS,Samjiyŏn Airport,small_airport,KP,Samjiyŏn,41.907132, 128.409834
RGO,Orang (Chongjin) Airport,medium_airport,KP,Hoemun-ri,41.428538, 129.647555
BSQ,Bisbee Municipal Airport,small_airport,US,Bisbee,31.3640003204, -109.883003235
PXL,Polacca Airport,small_airport,US,Polacca,35.7916984558, -110.422996521
GLB,San Carlos Apache Airport,small_airport,US,Globe,33.3531, -110.667
HBK,Holbrook Municipal Airport,small_airport,US,Holbrook,34.940700531, -110.138000488
CWX,Cochise County Airport,small_airport,US,Willcox,32.24539948, -109.8949966
PAE,Snohomish County (Paine Field) Airport,medium_airport,US,Everett,47.9063, -122.281998
PAH,Barkley Regional Airport,medium_airport,US,Paducah,37.06079864501953, -88.7738037109375
PAM,Tyndall Air Force Base,medium_airport,US,Panama City,30.069599, -85.575401
PJB,Payson Airport,small_airport,US,Payson,34.256801605225, -111.33899688721
PAO,Palo Alto Airport of Santa Clara County,small_airport,US,Palo Alto,37.461101532, -122.114997864
KPB,Point Baker Seaplane Base,seaplane_base,US,Point Baker,56.3518981934, -133.623001099
PBF,"Pine Bluff Regional Airport, Grider Field",medium_airport,US,Pine Bluff,34.174121, -91.935643
PBG,Plattsburgh International Airport,medium_airport,US,Plattsburgh,44.650901794433594, -73.46810150146484
PBI,Palm Beach International Airport,large_airport,US,West Palm Beach,26.68320083618164, -80.09559631347656
PVL,Pike County-Hatcher Field,small_airport,US,Pikeville,37.5617981, -82.56639862
PCD,Prairie Du Chien Municipal Airport,small_airport,US,Prairie Du Chien,43.019298553467, -91.12370300293
PDK,DeKalb Peachtree Airport,medium_airport,US,Atlanta,33.8755989075, -84.3020019531
PDT,Eastern Oregon Regional Airport at Pendleton,medium_airport,US,Pendleton,45.695099, -118.841003
PDX,Portland International Airport,large_airport,US,Portland,45.58869934, -122.5979996
KPE,Yapsiei Airport,small_airport,PG,,-4.6280555555600005, 141.094166667
PEQ,Pecos Municipal Airport,small_airport,US,Pecos,31.382400512695, -103.51100158691
PGA,Page Municipal Airport,medium_airport,US,Page,36.92610168, -111.447998
PGD,Charlotte County Airport,medium_airport,US,Punta Gorda,26.9202, -81.990501
PGR,Kirk Field,small_airport,US,Paragould,36.06290054, -90.50779724
PGV,Pitt Greenville Airport,medium_airport,US,Greenville,35.6352005, -77.38529968
PHD,Harry Clever Field,small_airport,US,New Philadelphia,40.470901489258, -81.419700622559
PHF,Newport News Williamsburg International Airport,medium_airport,US,Newport News,37.131901, -76.492996
ADR,Robert F Swinnie Airport,small_airport,US,Andrews,33.4516983032, -79.5261993408
PHK,Palm Beach County Glades Airport,small_airport,US,Pahokee,26.78499985, -80.69339752
PHL,Philadelphia International Airport,large_airport,US,Philadelphia,39.87189865112305, -75.24109649658203
PHN,St Clair County International Airport,small_airport,US,Port Huron,42.9109993, -82.52890015
PHP,Philip Airport,small_airport,US,Philip,44.048599243164, -101.59899902344
PHT,Henry County Airport,small_airport,US,Paris,36.338199615499995, -88.38289642330001
PHX,Phoenix Sky Harbor International Airport,large_airport,US,Phoenix,33.435302, -112.005905
PIA,General Wayne A. Downing Peoria International Airport,medium_airport,US,Peoria,40.6642, -89.693298
PIB,Hattiesburg Laurel Regional Airport,medium_airport,US,Moselle,31.4671, -89.337097
PIE,St. Petersburg Clearwater International Airport,medium_airport,US,Pinellas Park,27.9102, -82.687401
PIH,Pocatello Regional Airport,medium_airport,US,Pocatello,42.9098014831543, -112.59600067138672
PIM,Harris County Airport,small_airport,US,Pine Mountain,32.8406982422, -84.8824005127
PIR,Pierre Regional Airport,medium_airport,US,Pierre,44.38270187, -100.2860031
PIT,Pittsburgh International Airport,large_airport,US,Pittsburgh,40.49150085, -80.23290253
PKB,Mid Ohio Valley Regional Airport,medium_airport,US,Parkersburg (Williamstown),39.3451, -81.439201
PKD,Park Rapids Municipal Konshok Field,small_airport,US,Park Rapids,46.9006, -95.073095
PKF,Park Falls Municipal Airport,small_airport,US,Park Falls,45.955001831055, -90.42440032959
KPL,Kapal Airport,small_airport,PG,Kapal,-8.630184, 142.823756
PLK,M. Graham Clark Downtown Airport,small_airport,US,Branson / Hollister,36.62590027, -93.22889709
PLN,Pellston Regional Airport of Emmet County Airport,medium_airport,US,Pellston,45.57089996, -84.79669952
PLR,St Clair County Airport,small_airport,US,Pell City,33.558799743652, -86.249099731445
PMB,Pembina Municipal Airport,small_airport,US,Pembina,48.9425010681, -97.2407989502
PMD,Palmdale Regional Airport / USAF Plant 42 Airport,medium_airport,US,Palmdale,34.629398, -118.084999
PMH,Greater Portsmouth Regional Airport,small_airport,US,Portsmouth,38.8404998779, -82.84729766850002
PPM,Pompano Beach Airpark,small_airport,US,Pompano Beach,26.247100830078, -80.111099243164
PWY,Ralph Wenz Field,medium_airport,US,Pinedale,42.79550171, -109.8069992
PNC,Ponca City Regional Airport,medium_airport,US,Ponca City,36.73199844, -97.09980011
PNE,Northeast Philadelphia Airport,medium_airport,US,Philadelphia,40.081902, -75.010597
PNN,Princeton Municipal Airport,small_airport,US,Princeton,45.200698852539, -67.564399719238
PNS,Pensacola International Airport,medium_airport,US,Pensacola,30.4734, -87.1866
POB,Pope Field,medium_airport,US,Fort Bragg,35.170898, -79.014503
POC,Brackett Field,small_airport,US,La Verne,34.091598510742, -117.78199768066
POE,Polk Army Air Field,medium_airport,US,Fort Polk,31.0447998, -93.1917038
POF,Poplar Bluff Municipal Airport,small_airport,US,Poplar Bluff,36.773899078369, -90.324897766113
POU,Dutchess County Airport,medium_airport,US,Poughkeepsie,41.6265983581543, -73.88420104980469
POY,Powell Municipal Airport,small_airport,US,Powell,44.867198944092, -108.79299926758
PPA,Perry Lefors Field,small_airport,US,Pampa,35.612998962402, -100.99600219727
PPF,Tri-City Airport,small_airport,US,Parsons,37.32989883, -95.5062027
LPO,La Porte Municipal Airport,small_airport,US,La Porte,41.5724983215, -86.73449707030001
PQI,Presque Isle International Airport,medium_airport,US,Presque Isle,46.688999, -68.0448
PGL,Trent Lott International Airport,small_airport,US,Pascagoula,30.462799072266, -88.529197692871
KPR,Port Williams Seaplane Base,seaplane_base,US,Port Williams,58.4901008606, -152.582000732
PRB,Paso Robles Municipal Airport,medium_airport,US,Paso Robles,35.67290115, -120.6269989
PRC,Prescott International Airport - Ernest A. Love Field,medium_airport,US,Prescott,34.654499, -112.419998
PRO,Perry Municipal Airport,small_airport,US,Perry,41.82799911, -94.15989685
PRX,Cox Field,medium_airport,US,Paris,33.636600494385, -95.450798034668
PSC,Tri Cities Airport,medium_airport,US,Pasco,46.26470184326172, -119.11900329589844
PSF,Pittsfield Municipal Airport,small_airport,US,Pittsfield,42.4268, -73.2929
PSK,New River Valley Airport,small_airport,US,Dublin,37.137298583984, -80.678497314453
PSM,Portsmouth International at Pease Airport,medium_airport,US,Portsmouth,43.0778999329, -70.8233032227
PSN,Palestine Municipal Airport,small_airport,US,Palestine,31.779699325562, -95.706298828125
PGO,Stevens Field,small_airport,US,Pagosa Springs,37.28630066, -107.0559998
PSP,Palm Springs International Airport,medium_airport,US,Palm Springs,33.8297, -116.507004
PSX,Palacios Municipal Airport,small_airport,US,Palacios,28.727500915527, -96.250999450684
PTB,Dinwiddie County Airport,small_airport,US,Petersburg,37.183799743652, -77.507400512695
PTK,Oakland County International Airport,medium_airport,US,Pontiac,42.665500640869, -83.420097351074
PTN,Harry P Williams Memorial Airport,small_airport,US,Patterson,29.709499359131, -91.338996887207
PTT,Pratt Regional Airport,small_airport,US,Pratt,37.70159912, -98.74690247
PTV,Porterville Municipal Airport,small_airport,US,Porterville,36.029598236084, -119.06300354004
PTW,Heritage Field,small_airport,US,Pottstown,40.239601, -75.556702
PUB,Pueblo Memorial Airport,medium_airport,US,Pueblo,38.289101, -104.497002
PUC,Carbon County Regional/Buck Davis Field,small_airport,US,Price,39.61389923, -110.7509995
PUW,Pullman Moscow Regional Airport,medium_airport,US,Pullman/Moscow,46.7439, -117.110001
PVC,Provincetown Municipal Airport,small_airport,US,Provincetown,42.0718994141, -70.2213973999
PVD,Theodore Francis Green State Airport,large_airport,US,Warwick,41.725038, -71.425668
PVF,Placerville Airport,small_airport,US,Placerville,38.724201202393, -120.75299835205
PVU,Provo-Utah Lake International Airport,medium_airport,US,Provo,40.2192, -111.723
PVW,Hale County Airport,small_airport,US,Plainview,34.168098449707, -101.71700286865
PWA,Wiley Post Airport,small_airport,US,Oklahoma City,35.53419876, -97.64710236
PWD,Sher-Wood Airport,small_airport,US,Plentywood,48.790298461914, -104.53399658203
PWK,Chicago Executive Airport,medium_airport,US,Chicago/Prospect Heights/Wheeling,42.114222, -87.901494
PWM,Portland International Jetport,large_airport,US,Portland,43.646198, -70.309303
PWT,Bremerton National Airport,medium_airport,US,Bremerton,47.490200042725, -122.76499938965
KPY,Port Bailey Seaplane Base,seaplane_base,US,Port Bailey,57.930099487300005, -153.041000366
PYM,Plymouth Municipal Airport,small_airport,US,Plymouth,41.909, -70.728798
KQL,Kol Airport,small_airport,PG,Kol,-5.73116666667, 144.846
JCJ,Chuja Port Heliport,heliport,KR,"Chuja, Hach’uja-do (Chujado Islands)",33.941188, 126.324899
RAC,John H Batten Airport,small_airport,US,Racine,42.7606010437, -87.8152008057
RAL,Riverside Municipal Airport,medium_airport,US,Riverside,33.9519, -117.445
RAP,Rapid City Regional Airport,medium_airport,US,Rapid City,44.0452995300293, -103.05699920654297
RBD,Dallas Executive Airport,small_airport,US,Dallas,32.6809005737, -96.8682022095
RBG,Roseburg Regional Airport,small_airport,US,Roseburg,43.238800048799995, -123.356002808
RBL,Red Bluff Municipal Airport,medium_airport,US,Red Bluff,40.1506996155, -122.251998901
RBW,Lowcountry Regional Airport,small_airport,US,Walterboro,32.921001434299995, -80.6406021118
RCA,Ellsworth Air Force Base,medium_airport,US,Rapid City,44.14500046, -103.1039963
RCK,H H Coffield Regional Airport,small_airport,US,Rockdale,30.6315994263, -96.9897003174
RCR,Fulton County Airport,small_airport,US,Rochester,41.065601348899996, -86.18170166019999
RCT,Nartron Field,small_airport,US,Reed City,43.9000015259, -85.5167007446
RDD,Redding Municipal Airport,medium_airport,US,Redding,40.50899887, -122.2929993
RDG,Reading Regional Airport (Carl A Spaatz Field),medium_airport,US,Reading,40.378502, -75.965202
RDM,Roberts Field,medium_airport,US,Redmond,44.2541008, -121.1500015
RDR,Grand Forks Air Force Base,medium_airport,US,Grand Forks,47.961101532, -97.4011993408
RDU,Raleigh Durham International Airport,large_airport,US,Raleigh/Durham,35.877602, -78.787498
REO,Rome State Airport,small_airport,US,Rome,42.5777015686, -117.885002136
RFD,Chicago Rockford International Airport,medium_airport,US,Chicago/Rockford,42.1954, -89.097198
RFG,Rooke Field,small_airport,US,Refugio,28.2936, -97.322998
RHI,Rhinelander Oneida County Airport,medium_airport,US,Rhinelander,45.63119888305664, -89.46749877929688
RHV,Reid-Hillview Airport of Santa Clara County,small_airport,US,San Jose,37.332901001, -121.819000244
RIC,Richmond International Airport,large_airport,US,Richmond,37.50519943237305, -77.3197021484375
RIL,Garfield County Regional Airport,medium_airport,US,Rifle,39.526299, -107.726997
RIV,March Air Reserve Base,medium_airport,US,Riverside,33.880699, -117.259003
RIW,Central Wyoming Regional Airport,medium_airport,US,Riverton,43.064201, -108.459999
KRJ,Karawari Airstrip,small_airport,PG,Amboin,-4.59666666667, 143.5225
RKD,Knox County Regional Airport,small_airport,US,Rockland,44.06010056, -69.09919739
RKP,Aransas County Airport,small_airport,US,Rockport,28.0867996216, -97.0446014404
RKS,Southwest Wyoming Regional Airport,medium_airport,US,Rock Springs,41.5942, -109.065001
RKW,Rockwood Municipal Airport,small_airport,US,Rockwood,35.9222984314, -84.6896972656
RME,Griffiss International Airport,medium_airport,US,Rome,43.23379898, -75.40699768
RMG,Richard B Russell Airport,medium_airport,US,Rome,34.3506011963, -85.15799713130001
RNC,Warren County Memorial Airport,small_airport,US,Mc Minnville,35.69869995, -85.84380341
RND,Randolph Air Force Base,medium_airport,US,Universal City,29.529699, -98.2789
RNO,Reno Tahoe International Airport,large_airport,US,Reno,39.49909973144531, -119.76799774169922
RNT,Renton Municipal Airport,small_airport,US,Renton,47.4930992126, -122.216003418
ROA,Roanoke–Blacksburg Regional Airport,medium_airport,US,Roanoke,37.3255, -79.975403
ROC,Frederick Douglass Greater Rochester International Airport,medium_airport,US,Rochester,43.1189, -77.672401
ROG,Rogers Municipal Airport-Carter Field,small_airport,US,Rogers,36.37229919, -94.10690308
ROW,Roswell Air Center Airport,medium_airport,US,Roswell,33.301601, -104.530998
ROX,Roseau Municipal Rudy Billberg Field,small_airport,US,Roseau,48.85599899, -95.6969986
RIE,Rice Lake Regional Airport - Carl's Field,small_airport,US,Rice Lake,45.423024, -91.773127
RPX,Roundup Airport,small_airport,US,Roundup,46.475095, -108.541497
WBR,Roben Hood Airport,small_airport,US,Big Rapids,43.7225990295, -85.50409698490002
RQO,El Reno Regional Airport,small_airport,US,El Reno,35.47269821, -98.00579834
RRL,Merrill Municipal Airport,small_airport,US,Merrill,45.1988983154, -89.7128982544
RRT,Warroad International Memorial Airport,small_airport,US,Warroad,48.94139862, -95.3483963
RSL,Russell Municipal Airport,medium_airport,US,Russell,38.872100830078, -98.811798095703
RSN,Ruston Regional Airport,small_airport,US,Ruston,32.514187, -92.588517
RST,Rochester International Airport,medium_airport,US,Rochester,43.908298, -92.5
RSW,Southwest Florida International Airport,large_airport,US,Fort Myers,26.53619956970215, -81.75520324707031
RTN,Raton Municipal Airport / Crews Field,small_airport,US,Raton,36.741501, -104.501999
KRU,Kerau Airport,small_airport,PG,Gunim,-8.271612, 147.071899
SRW,Mid-Carolina Regional Airport,small_airport,US,Salisbury,35.645901, -80.520302
RUT,Rutland - Southern Vermont Regional Airport,medium_airport,US,Rutland,43.5294, -72.9496
RED,Mifflin County Airport,small_airport,US,Reedsville,40.6773986816, -77.6268005371
RVS,Richard Lloyd Jones Jr Airport,medium_airport,US,Tulsa,36.039600372314, -95.984596252441
RWF,Redwood Falls Municipal Airport,medium_airport,US,Redwood Falls,44.54719925, -95.08229828
RWI,Rocky Mount Wilson Regional Airport,medium_airport,US,Rocky Mount,35.856300354003906, -77.89189910888672
RWL,Rawlins Municipal Airport/Harvey Field,medium_airport,US,Rawlins,41.80559921, -107.1999969
RXE,Rexburg Madison County Airport,small_airport,US,Rexburg,43.8339, -111.805002
RNZ,Jasper County Airport,small_airport,US,Rensselaer,40.9478988647, -87.1826019287
AHM,Ashland Municipal Airport-Sumner Parker Field,small_airport,US,Ashland,42.190265, -122.660648
BDY,Bandon State Airport,small_airport,US,Bandon,43.08649826, -124.4079971
SUO,Sunriver Airport,small_airport,US,Sunriver,43.8763008118, -121.45300293
MDJ,Madras Municipal Airport,small_airport,US,Madras,44.67020035, -121.1549988
PRZ,Prineville Airport,small_airport,US,Prineville,44.286998748779, -120.90399932861
IDH,Idaho County Airport,small_airport,US,Grangeville,45.9426, -116.123001
SAA,Shively Field,small_airport,US,Saratoga,41.444901, -106.823997
SAC,Sacramento Executive Airport,medium_airport,US,Sacramento,38.5125007629, -121.492996216
SAD,Safford Regional Airport,small_airport,US,Safford,32.85480118, -109.6350021
SAF,Santa Fe Municipal Airport,medium_airport,US,Santa Fe,35.6171, -106.088997
SAN,San Diego International Airport,large_airport,US,San Diego,32.7336006165, -117.190002441
SAR,Sparta Community Airport - Hunter Field,small_airport,US,Sparta,38.148899, -89.6987
SAT,San Antonio International Airport,large_airport,US,San Antonio,29.533701, -98.469803
SAV,Savannah Hilton Head International Airport,large_airport,US,Savannah,32.12760162, -81.20210266
MQT,Marquette/Sawyer International Airport,medium_airport,US,Gwinn,46.3536, -87.395401
SBA,Santa Barbara Municipal Airport,medium_airport,US,Santa Barbara,34.42620087, -119.8399963
SBD,San Bernardino International Airport,medium_airport,US,San Bernardino,34.095402, -117.235001
SBM,Sheboygan County Memorial Airport,small_airport,US,Sheboygan,43.76959991, -87.85140228
SBN,South Bend Regional Airport,medium_airport,US,South Bend,41.708698, -86.317299
SBP,San Luis County Regional Airport,medium_airport,US,San Luis Obispo,35.236801147499996, -120.641998291
SBS,Steamboat Springs Bob Adams Field,small_airport,US,Steamboat Springs,40.5163002, -106.8659973
SBX,Shelby Airport,small_airport,US,Shelby,48.5406990051, -111.871002197
SBY,Salisbury Ocean City Wicomico Regional Airport,medium_airport,US,Salisbury,38.34049987792969, -75.51029968261719
SCB,Scribner State Airport,small_airport,US,Scribner,41.610298156738, -96.629898071289
SCH,Schenectady County Airport,medium_airport,US,Schenectady,42.852500915527, -73.928901672363
SCK,Stockton Metropolitan Airport,medium_airport,US,Stockton,37.894199371338, -121.2379989624
SDF,Louisville Muhammad Ali International Airport,large_airport,US,Louisville,38.1744, -85.736
SCF,Scottsdale Airport,small_airport,US,Scottsdale,33.622898101807, -111.91100311279
SDM,Brown Field Municipal Airport,medium_airport,US,San Diego,32.572639, -116.980019
SDY,Sidney - Richland Regional Airport,medium_airport,US,Sidney,47.706902, -104.193001
SEA,Seattle–Tacoma International Airport,large_airport,US,Seattle,47.449162, -122.311134
SEE,Gillespie Field,small_airport,US,San Diego/El Cajon,32.826198577881, -116.97200012207
SEF,Sebring Regional Airport,small_airport,US,Sebring,27.45639992, -81.3423996
SEG,Penn Valley Airport,small_airport,US,Selinsgrove,40.820598602295, -76.863899230957
SEM,Craig Field,small_airport,US,Selma,32.343898773193, -86.987800598145
SEP,Stephenville Clark Regional Airport,small_airport,US,Stephenville,32.215302, -98.177696
SER,Freeman Municipal Airport,small_airport,US,Seymour,38.923599243164, -85.907402038574
SDX,Sedona Airport,small_airport,US,Sedona,34.848598480225, -111.78800201416
SFB,Orlando Sanford International Airport,large_airport,US,Orlando,28.777599334716797, -81.23750305175781
SFF,Felts Field,medium_airport,US,Spokane,47.682899, -117.321925
SFM,Sanford Seacoast Regional Airport,small_airport,US,Sanford,43.393901824951, -70.708000183105
SFO,San Francisco International Airport,large_airport,US,San Francisco,37.61899948120117, -122.375
SFZ,North Central State Airport,small_airport,US,Pawtucket,41.9207992554, -71.49140167239999
SGF,Springfield Branson National Airport,medium_airport,US,Springfield,37.245701, -93.388603
SGH,Springfield-Beckley Municipal Airport,medium_airport,US,Springfield,39.840301513672, -83.840202331543
UST,Northeast Florida Regional Airport,medium_airport,US,St Augustine,29.9592, -81.339798
SGR,Sugar Land Regional Airport,medium_airport,US,Houston,29.622299194336, -95.65650177002
SGT,Stuttgart Municipal Airport / Carl Humphrey Field,small_airport,US,Stuttgart,34.599499, -91.574997
SGU,St George Regional Airport,medium_airport,US,St George,37.036389, -113.510306
SHD,Shenandoah Valley Regional Airport,medium_airport,US,Weyers Cave,38.263802, -78.8964
SHN,Sanderson Field,small_airport,US,Shelton,47.233600616455, -123.14800262451
SHR,Sheridan County Airport,medium_airport,US,Sheridan,44.76919937133789, -106.9800033569336
SHV,Shreveport Regional Airport,medium_airport,US,Shreveport,32.446602, -93.8256
SIK,Sikeston Memorial Municipal Airport,small_airport,US,Sikeston,36.898899078369, -89.561798095703
SIV,Sullivan County Airport,small_airport,US,Sullivan,39.1147, -87.448303
SJC,Norman Y. Mineta San Jose International Airport,large_airport,US,San Jose,37.362452, -121.929188
SJN,St Johns Industrial Air Park,small_airport,US,St Johns,34.51860046, -109.3789978
SJT,San Angelo Regional Mathis Field,medium_airport,US,San Angelo,31.35770034790039, -100.49600219726562
SKA,Fairchild Air Force Base,medium_airport,US,Spokane,47.615101, -117.655998
SKF,Lackland Air Force Base,medium_airport,US,San Antonio,29.38419914, -98.58110046
TSM,Taos Regional Airport,small_airport,US,Taos,36.45819855, -105.6719971
SLB,Storm Lake Municipal Airport,small_airport,US,Storm Lake,42.5973014832, -95.24069976810001
SLC,Salt Lake City International Airport,large_airport,US,Salt Lake City,40.785749, -111.979746
SLE,Salem Municipal Airport/McNary Field,medium_airport,US,Salem,44.90950012, -123.0029984
SLG,Smith Field,small_airport,US,Siloam Springs,36.19189835, -94.48999786
SLK,Adirondack Regional Airport,medium_airport,US,Saranac Lake,44.38691, -74.204629
SLN,Salina Municipal Airport,medium_airport,US,Salina,38.79100036621094, -97.6521987915039
SLO,Salem–Leckrone Airport,small_airport,US,Salem,38.642899, -88.964203
SLR,Sulphur Springs Municipal Airport,small_airport,US,Sulphur Springs,33.159801483154, -95.621101379395
SMD,Smith Field,small_airport,US,Fort Wayne,41.14339828, -85.15280151
SME,Lake Cumberland Regional Airport,medium_airport,US,Somerset,37.053398132299996, -84.6158981323
SMF,Sacramento International Airport,large_airport,US,Sacramento,38.69540023803711, -121.59100341796875
SMN,Lemhi County Airport,medium_airport,US,Salmon,45.1237983704, -113.880996704
SMO,Santa Monica Municipal Airport,medium_airport,US,Santa Monica,34.0158, -118.450996
SUM,Sumter Airport,small_airport,US,Sumter,33.994998931885, -80.361297607422
SMX,Santa Maria Public Airport Captain G Allan Hancock Field,medium_airport,US,Santa Maria,34.898899, -120.457001
SNA,John Wayne Orange County International Airport,large_airport,US,Santa Ana,33.675701, -117.867996
SNK,Winston Field,small_airport,US,Snyder,32.690212, -100.948918
SNL,Shawnee Regional Airport,small_airport,US,Shawnee,35.357898712158, -96.942802429199
SNS,Salinas Municipal Airport,medium_airport,US,Salinas,36.662799835205, -121.60600280762
SNY,Sidney Municipal-Lloyd W Carr Field,medium_airport,US,Sidney,41.10129929, -102.9850006
SOP,Moore County Airport,small_airport,US,Carthage,35.237184, -79.389381
SOW,Show Low Regional Airport,small_airport,US,Show Low,34.265049, -110.007084
KSP,Kosipe Airport,small_airport,PG,Kosipe Mission,-8.450716, 147.209195
SPA,Spartanburg Downtown Memorial Airport,small_airport,US,Spartanburg,34.915699005127, -81.956497192383
SPF,Black Hills Airport-Clyde Ice Field,small_airport,US,Spearfish,44.48030090332, -103.78299713135
SPG,Albert Whitted Airport,small_airport,US,St Petersburg,27.7651, -82.626999
SPI,Abraham Lincoln Capital Airport,medium_airport,US,Springfield,39.844101, -89.677902
SPS,Sheppard Air Force Base / Wichita Falls Municipal Airport,medium_airport,US,Wichita Falls,33.9888, -98.491898
SPW,Spencer Municipal Airport,small_airport,US,Spencer,43.165500640869, -95.202796936035
SQI,Whiteside County Airport - Joseph H Bittorf Field,small_airport,US,Rock Falls,41.742175, -89.673629
SQL,San Carlos Airport,small_airport,US,San Carlos,37.511901855469, -122.25
SRQ,Sarasota Bradenton International Airport,medium_airport,US,Sarasota/Bradenton,27.395399, -82.554398
RUI,Sierra Blanca Regional Airport,medium_airport,US,Alto,33.462799, -105.535004
SSC,Shaw Air Force Base,medium_airport,US,Sumter,33.972698, -80.470596
SSF,Stinson Municipal Airport,medium_airport,US,San Antonio,29.336999893188, -98.471099853516
SSI,St Simons Island Airport,medium_airport,US,St Simons Island,31.1518, -81.391296
STC,Saint Cloud Regional Airport,medium_airport,US,Saint Cloud,45.5466, -94.059898
STE,Stevens Point Municipal Airport,small_airport,US,Stevens Point,44.5452003479, -89.530296325684
STJ,Rosecrans Memorial Airport,medium_airport,US,St Joseph,39.771900177002, -94.909698486328
STK,Sterling Municipal Airport,small_airport,US,Sterling,40.613497, -103.263833
STL,St Louis Lambert International Airport,large_airport,US,St Louis,38.748697, -90.370003
STP,St Paul Downtown Holman Field,medium_airport,US,St Paul,44.93450164794922, -93.05999755859375
STS,Charles M. Schulz Sonoma County Airport,medium_airport,US,Santa Rosa,38.50899887, -122.8130035
SUA,Witham Field,small_airport,US,Stuart,27.18169975, -80.22109985
SUD,Stroud Municipal Airport,small_airport,US,Stroud,35.789600372314, -96.655700683594
SUE,Door County Cherryland Airport,small_airport,US,Sturgeon Bay,44.84370041, -87.42150116
SUN,Friedman Memorial Airport,medium_airport,US,Hailey,43.50439835, -114.2959976
SUS,Spirit of St Louis Airport,medium_airport,US,St Louis,38.662102, -90.652
SUU,Travis Air Force Base,medium_airport,US,Fairfield,38.262699, -121.927002
SUW,Richard I Bong Memorial Airport,small_airport,US,Superior,46.688612, -92.095041
SUX,Sioux Gateway Airport / Brigadier General Bud Day Field,medium_airport,US,Sioux City,42.397605, -96.382237
SVC,Grant County Airport,small_airport,US,Silver City,32.632293, -108.154263
SVE,Susanville Municipal Airport,small_airport,US,Susanville,40.375702, -120.572998
SVH,Statesville Regional Airport,small_airport,US,Statesville,35.765300750732, -80.953903198242
SVN,Hunter Army Air Field,medium_airport,US,Savannah,32.00999832, -81.14569855
SWF,New York Stewart International Airport,medium_airport,US,Newburgh,41.504101, -74.104797
SWO,Stillwater Regional Airport,medium_airport,US,Stillwater,36.161201477051, -97.08570098877
SWW,Avenger Field,small_airport,US,Sweetwater,32.467399597168, -100.46700286865
SYI,Bomar Field Shelbyville Municipal Airport,small_airport,US,Shelbyville,35.56010056, -86.44249725
SYR,Syracuse Hancock International Airport,large_airport,US,Syracuse,43.11119842529297, -76.1063003540039
SYV,Sylvester Airport,small_airport,US,Sylvester,31.558500289917, -83.895698547363
SZL,Whiteman Air Force Base,medium_airport,US,Knob Noster,38.730301, -93.547897
TBC,Tuba City Airport,small_airport,US,Tuba City,36.091146, -111.38286
TAD,Perry Stokes Airport,small_airport,US,Trinidad,37.2593994141, -104.341003418
KTB,Thorne Bay Seaplane Base,seaplane_base,US,Thorne Bay,55.687999725299996, -132.537002563
TBN,Waynesville-St. Robert Regional Airport-Forney Field,medium_airport,US,Fort Leonard Wood,37.7416, -92.140701
TBR,Statesboro Bulloch County Airport,small_airport,US,Statesboro,32.4827003479, -81.73690032959999
KTC,Katiola Airport,small_airport,CI,Katiola,8.132858, -5.06487
TCC,Tucumcari Municipal Airport,medium_airport,US,Tucumcari,35.182800293, -103.602996826
TCL,Tuscaloosa National Airport,medium_airport,US,Tuscaloosa,33.2206, -87.611397
TCM,McChord Air Force Base,medium_airport,US,Tacoma,47.137699, -122.475998
TCS,Truth or Consequences Municipal Airport,medium_airport,US,Truth or Consequences,33.2369, -107.272003
TDO,Ed Carlson Memorial Field South Lewis County Airport,small_airport,US,Toledo,46.4771995544, -122.805999756
TDW,Tradewind Airport,small_airport,US,Amarillo,35.1698989868, -101.825996399
TDZ,Toledo Executive Airport,small_airport,US,Toledo,41.56489944, -83.4822998
TEB,Teterboro Airport,medium_airport,US,Teterboro,40.85010147089999, -74.060798645
TEX,Telluride Regional Airport,small_airport,US,Telluride,37.9538, -107.907997
THA,Tullahoma Regional Arpt/Wm Northern Field,small_airport,US,Tullahoma,35.38010025, -86.24639893
THM,Thompson Falls Airport,small_airport,US,Thompson Falls,47.573501586914, -115.28099822998
THV,York Airport,small_airport,US,Thomasville,39.917, -76.873001
TIK,Tinker Air Force Base,medium_airport,US,Oklahoma City,35.4147, -97.386597
TIW,Tacoma Narrows Airport,medium_airport,US,Tacoma,47.26789856, -122.5780029
TIX,Space Coast Regional Airport,medium_airport,US,Titusville,28.514799118042, -80.799201965332
KNT,Kennett Memorial Airport,small_airport,US,Kennett,36.2258987427, -90.0365982056
TLH,Tallahassee Regional Airport,medium_airport,US,Tallahassee,30.3965, -84.350304
TLR,Mefford Field,small_airport,US,Tulare,36.15629959, -119.3259964
TMA,Henry Tift Myers Airport,small_airport,US,Tifton,31.4290008545, -83.4885025024
TMB,Miami Executive Airport,medium_airport,US,Miami,25.6479, -80.4328
OTK,Tillamook Airport,small_airport,US,Tillamook,45.4182014465, -123.814002991
TNP,Twentynine Palms Airport,small_airport,US,Twentynine Palms,34.133901, -115.947347
TNT,Dade Collier Training and Transition Airport,small_airport,US,Miami,25.861799240112, -80.897003173828
TNU,Newton Municipal Airport,small_airport,US,Newton,41.6744, -93.021698
XSD,Tonopah Test Range Airport,small_airport,US,Tonopah,37.7988014221, -116.78099823
TOA,Zamperini Field,small_airport,US,Torrance,33.803398132324, -118.33999633789
TOC,Toccoa Airport - R.G. Letourneau Field,small_airport,US,Toccoa,34.5938, -83.295799
TOI,Troy Municipal Airport at N Kenneth Campbell Field,medium_airport,US,Troy,31.860399, -86.012101
TOL,Eugene F. Kranz Toledo Express Airport,medium_airport,US,Toledo,41.5868, -83.8078
TOP,Philip Billard Municipal Airport,medium_airport,US,Topeka,39.069899, -95.622606
TOR,Torrington Municipal Airport,small_airport,US,Torrington,42.0644989, -104.1529999
TPA,Tampa International Airport,large_airport,US,Tampa,27.975500106811523, -82.533203125
TPF,Peter O Knight Airport,small_airport,US,Tampa,27.915599822998, -82.44930267334
TPH,Tonopah Airport,medium_airport,US,Tonopah,38.06019974, -117.086998
TPL,Draughon Miller Central Texas Regional Airport,medium_airport,US,Temple,31.15250015258789, -97.40779876708984
TRI,Tri-Cities Regional TN/VA Airport,medium_airport,US,Blountville,36.475201, -82.407401
TKF,Truckee Tahoe Airport,medium_airport,US,Truckee,39.319999694799996, -120.13999939
TRL,Terrell Municipal Airport,small_airport,US,Terrell,32.709201812744, -96.267402648926
TRM,Jacqueline Cochran Regional Airport,medium_airport,US,Palm Springs,33.62670135498, -116.16000366211
TSP,Tehachapi Municipal Airport,small_airport,US,Tehachapi,35.134998321533, -118.43900299072
TTD,Portland Troutdale Airport,medium_airport,US,Portland,45.54940032959, -122.40100097656
TTN,Trenton Mercer Airport,medium_airport,US,Trenton,40.27669906616211, -74.8134994506836
TUL,Tulsa International Airport,large_airport,US,Tulsa,36.19839859008789, -95.88809967041016
TUP,Tupelo Regional Airport,medium_airport,US,Tupelo,34.26810073852539, -88.7698974609375
TUS,Tucson International Airport / Morris Air National Guard Base,medium_airport,US,Tucson,32.115004, -110.938053
TVC,Cherry Capital Airport,medium_airport,US,Traverse City,44.74140167236328, -85.58219909667969
TVF,Thief River Falls Regional Airport,small_airport,US,Thief River Falls,48.06570053, -96.18499756
TVI,Thomasville Regional Airport,small_airport,US,Thomasville,30.901599884033, -83.881301879883
TVL,Lake Tahoe Airport,medium_airport,US,South Lake Tahoe,38.89390182495117, -119.99500274658203
TWF,Joslin Field Magic Valley Regional Airport,medium_airport,US,Twin Falls,42.4818, -114.487999
TXK,Texarkana Regional Airport (Webb Field),medium_airport,US,Texarkana,33.453701, -93.990997
TYZ,Taylor Airport,small_airport,US,Taylor,34.45280075, -110.1149979
TYR,Tyler Pounds Regional Airport,medium_airport,US,Tyler,32.35409927368164, -95.40239715576172
TYS,McGhee Tyson Airport,medium_airport,US,Alcoa,35.811001, -83.994003
BFG,Bullfrog Basin Airport,small_airport,US,Bullfrog,37.547827, -110.712898
NPH,J. Randy McKnight Nephi Municipal Airport,small_airport,US,Nephi,39.73681, -111.870063
RVR,Green River Municipal Airport,small_airport,US,Green River,38.9613990784, -110.226997375
PNU,Panguitch Municipal Airport,small_airport,US,Panguitch,37.84519958, -112.3919983
ICS,Cascade Airport,small_airport,US,Cascade,44.4938011169, -116.01599884
UBS,Columbus Lowndes County Airport,small_airport,US,Columbus,33.4654006958, -88.3803024292
UCY,Everett-Stewart Regional Airport,small_airport,US,Union City,36.38180161, -88.98539734
UDD,Bermuda Dunes Airport,small_airport,US,Bermuda Dunes,33.748492, -116.275027
UES,Waukesha County Airport,small_airport,US,Waukesha,43.041000366211, -88.237098693848
UGN,Waukegan National Airport,small_airport,US,Chicago/Waukegan,42.422199249268, -87.867897033691
UIL,Quillayute Airport,small_airport,US,Quillayute,47.936599731445, -124.56300354004
UIN,Quincy Regional Baldwin Field,medium_airport,US,Quincy,39.94269943, -91.19460297
IKB,Wilkes County Airport,small_airport,US,North Wilkesboro,36.2228012085, -81.09829711910001
UKI,Ukiah Municipal Airport,medium_airport,US,Ukiah,39.125999, -123.200996
UKT,Quakertown Airport,small_airport,US,Quakertown,40.4352, -75.381897
ULM,New Ulm Municipal Airport,small_airport,US,New Ulm,44.319599151611, -94.502296447754
ATO,Ohio University Airport,small_airport,US,Albany,39.211839, -82.22949
UNU,Dodge County Airport,small_airport,US,Juneau,43.42660141, -88.70320129
SCE,University Park Airport,medium_airport,US,State College,40.849374, -77.84852
UOS,Franklin County Airport,small_airport,US,Sewanee,35.205101013184, -85.898101806641
UOX,University Oxford Airport,medium_airport,US,Oxford,34.384300231934, -89.536796569824
KUP,Kupiano Airport,small_airport,PG,Kupiano,-10.0736, 148.218
UTM,Tunica Municipal Airport,small_airport,US,Tunica,34.680999755859, -90.346702575684
HTV,Huntsville Regional Airport,medium_airport,US,Huntsville,30.7469005585, -95.5871963501
NPT,Newport State Airport,small_airport,US,Newport,41.532398, -71.281502
UVA,Garner Field,small_airport,US,Uvalde,29.2112998962, -99.743598938
KUX,Kuyol Airport,small_airport,PG,,-5.372361111110001, 141.623888889
RKH,Rock Hill - York County Airport,small_airport,US,Rock Hill,34.9878006, -81.05719757
VAD,Moody Air Force Base,medium_airport,US,Valdosta,30.9678001404, -83.1930007935
LLY,South Jersey Regional Airport,small_airport,US,Lumberton,39.942902, -74.845703
VBG,Vandenberg Space Force Base,medium_airport,US,Lompoc,34.737301, -120.584
VCT,Victoria Regional Airport,medium_airport,US,Victoria,28.85260009765625, -96.91850280761719
VCV,Southern California Logistics Airport,small_airport,US,Victorville,34.597499847399995, -117.383003235
VDI,Vidalia Regional Airport,small_airport,US,Vidalia,32.192699432373, -82.371200561523
KVE,Kitava Airport,small_airport,PG,Kitava Island,-8.6285, 151.327
VEL,Vernal Regional Airport,medium_airport,US,Vernal,40.440899, -109.510002
VGT,North Las Vegas Metropolitan International Airport,medium_airport,US,Las Vegas,36.210701, -115.194
VHN,Culberson County Airport,small_airport,US,Van Horn,31.057800292969, -104.78399658203
VIH,Rolla National Airport,small_airport,US,Rolla/Vichy,38.1273994446, -91.7695007324
VIS,Visalia Municipal Airport,medium_airport,US,Visalia,36.318699, -119.392998
VJI,Virginia Highlands Airport,small_airport,US,Abingdon,36.687099, -82.033302
VKS,Vicksburg Municipal Airport,small_airport,US,Vicksburg,32.23929977417, -90.928398132324
VLA,Vandalia Municipal Airport,small_airport,US,Vandalia,38.991501, -89.166199
VLD,Valdosta Regional Airport,medium_airport,US,Valdosta,30.782499313354492, -83.27670288085938
VNC,Venice Municipal Airport,small_airport,US,Venice,27.071599960327, -82.440299987793
VNY,Van Nuys Airport,medium_airport,US,Van Nuys,34.209800720215, -118.48999786377
VOK,Volk Field,medium_airport,US,Camp Douglas,43.938999176025, -90.253402709961
VPS,Destin-Fort Walton Beach Airport,medium_airport,US,Valparaiso,30.4832, -86.525398
VPZ,Porter County Municipal Airport,medium_airport,US,Valparaiso,41.45399857, -87.00710297
VQQ,Cecil Field,medium_airport,US,Jacksonville,30.2187, -81.876701
VRB,Vero Beach Regional Airport,medium_airport,US,Vero Beach,27.6556, -80.417901
VSF,Hartness State Airport,small_airport,US,North Springfield,43.343601, -72.517303
VTN,Miller Field,medium_airport,US,Valentine,42.856211, -100.549192
VYS,Illinois Valley Regional Airport Walter A Duncan Field,small_airport,US,Peru,41.351898, -89.153099
GTY,Gettysburg Regional Airport,small_airport,US,Gettysburg,39.841222, -77.274699
SQV,Sequim Valley Airport,small_airport,US,Sequim,48.098098754883, -123.18699645996
PGC,Grant County Airport,small_airport,US,Petersburg,38.9948997498, -79.1458969116
WAL,Wallops Flight Facility Airport,small_airport,US,Wallops Island,37.940813, -75.462255
WAY,Greene County Airport,small_airport,US,Waynesburg,39.90112, -80.130733
WBW,Wilkes Barre Wyoming Valley Airport,small_airport,US,Wilkes-Barre,41.2971992493, -75.8511962891
WDG,Enid Woodring Regional Airport,small_airport,US,Enid,36.3791999817, -97.7910995483
WDR,Barrow County Airport,small_airport,US,Winder,33.98289871, -83.66739655
KWF,Waterfall Seaplane Base,seaplane_base,US,Waterfall,55.296299, -133.242996
WHP,Whiteman Airport,small_airport,US,Pacoima,34.2593, -118.413002
WJF,General William J Fox Airfield,medium_airport,US,Lancaster,34.7411, -118.219002
WLD,Strother Field,small_airport,US,Winfield / Arkansas City,37.168598, -97.037598
WLW,Willows Glenn County Airport,small_airport,US,Willows,39.51639938, -122.2180023
WMC,Winnemucca Municipal Airport,medium_airport,US,Winnemucca,40.8965988159, -117.805999756
KWP,West Point Village Seaplane Base,seaplane_base,US,West Point,57.770099639899996, -153.548995972
WRB,Robins Air Force Base,medium_airport,US,Warner Robins,32.640099, -83.591904
WRI,Mc Guire Air Force Base,medium_airport,US,Wrightstown,40.0155983, -74.59169769
WRL,Worland Municipal Airport,medium_airport,US,Worland,43.965698, -107.950996
WST,Westerly State Airport,small_airport,US,Westerly,41.3496017456, -71.8033981323
WVI,Watsonville Municipal Airport,small_airport,US,Watsonville,36.9356994629, -121.790000916
WVL,Waterville Robert Lafleur Airport,small_airport,US,Waterville,44.5331993103, -69.6754989624
WWD,Cape May County Airport,medium_airport,US,Wildwood,39.008499145500004, -74.9083023071
WWR,West Woodward Airport,medium_airport,US,Woodward,36.438, -99.5226667
KWY,Kiwayu Airport,medium_airport,KE,Kiwayu,-1.9605599641799927, 41.29750061035156
WYS,Yellowstone Airport,medium_airport,US,West Yellowstone,44.68840027, -111.1179962
KYO,Tampa North Aero Park Airport,small_airport,US,Tampa,28.2213001251, -82.37449646
KXA,Kasaan Seaplane Base,seaplane_base,US,Kasaan,55.537399292, -132.397994995
XNA,Northwest Arkansas National Airport,medium_airport,US,Fayetteville/Springdale/Rogers,36.281898, -94.306801
WBK,West Branch Community Airport,small_airport,US,West Branch,44.244801, -84.179802
YIP,Willow Run Airport,medium_airport,US,Detroit,42.23789978, -83.53040314
YKM,Yakima Air Terminal McAllister Field,medium_airport,US,Yakima,46.56819916, -120.5439987
YKN,Chan Gurney Municipal Airport,medium_airport,US,Yankton,42.916698455811, -97.385902404785
YNG,Youngstown Warren Regional Airport,medium_airport,US,Youngstown/Warren,41.26070023, -80.67910004
BXY,Baikonur Krayniy Airport,medium_airport,KZ,Baikonur,45.621994, 63.210773
USJ,Usharal Airport,small_airport,KZ,Usharal,46.190767, 80.830922
ATX,Atbasar Airport,small_airport,KZ,Atbasar,51.852306, 68.366892
KZB,Zachar Bay Seaplane Base,seaplane_base,US,Zachar Bay,57.553001, -153.746052
KZF,Kaintiba Airport,small_airport,PG,Kaintiba,-7.50025, 146.033833333
ZPH,Zephyrhills Municipal Airport,small_airport,US,Zephyrhills,28.228201, -82.155899
ZZV,Zanesville Municipal Airport,medium_airport,US,Zanesville,39.9444007874, -81.89209747310001
LAC,Layang-Layang Airport,small_airport,MY,Pulau Layang-Layang (Swallow Reef),7.37157, 113.844002
KFZ,Kukës International Airport,medium_airport,AL,Kukës,42.035802, 20.415955
TIA,Tirana International Airport Mother Teresa,large_airport,AL,Tirana,41.4146995544, 19.7206001282
BOJ,Burgas Airport,large_airport,BG,Burgas,42.56959915161133, 27.515199661254883
GOZ,Gorna Oryahovitsa Airport,medium_airport,BG,Gorna Oryahovitsa,43.151402, 25.7129
LBH,Palm Beach Seaplane Base,seaplane_base,AU,Sydney,-33.5871, 151.3234
LBM,Luabo Airport,small_airport,MZ,Luabo,-18.4139, 36.1068
PDV,Plovdiv International Airport,medium_airport,BG,Plovdiv,42.067799, 24.8508
ROU,Ruse Airport,small_airport,BG,Shtraklevo,43.694801, 26.0567
SOF,Sofia Airport,large_airport,BG,Sofia,42.696693420410156, 23.411436080932617
SZR,Stara Zagora Airport,small_airport,BG,Stara Zagora,42.3766667, 25.655
VAR,Varna Airport,large_airport,BG,Varna,43.232101, 27.8251
ECN,Nicosia (Lefkoşa) Ercan International Airport,medium_airport,CY,Tymbou (Kirklar),35.152337, 33.506584
LCA,Larnaca International Airport,large_airport,CY,Larnaca,34.875099, 33.624901
LCP,Loncopue Airport,small_airport,AR,Loncopue,-38.081902, -70.643898
PFO,Paphos International Airport,medium_airport,CY,Paphos,34.717999, 32.485699
AKT,RAF Akrotiri,medium_airport,CY,Akrotiri,34.590401, 32.9879
DBV,Dubrovnik Airport,medium_airport,HR,Dubrovnik,42.5614013671875, 18.268199920654297
LSZ,Lošinj Island Airport,small_airport,HR,Lošinj,44.5657997131, 14.3930997849
OSI,Osijek Airport,medium_airport,HR,Osijek,45.4627, 18.8102
PUY,Pula Airport,medium_airport,HR,Pula,44.89350128173828, 13.922200202941895
RJK,Rijeka Airport,medium_airport,HR,Rijeka,45.21689987182617, 14.570300102233887
BWK,Brač Airport,medium_airport,HR,Bol,43.285702, 16.679701
SPU,Split Airport,medium_airport,HR,Split,43.53889846801758, 16.29800033569336
LDW,Lansdowne Airport,small_airport,AU,Lansdowne Station,-17.6128, 126.743
ZAG,Zagreb Airport,large_airport,HR,Zagreb,45.7429008484, 16.0687999725
ZAD,Zadar Airport,medium_airport,HR,Zemunik (Zadar),44.108299, 15.3467
ABC,Albacete Airport / Los Llanos Air Base,medium_airport,ES,Albacete,38.948502, -1.86352
ALC,Alicante-Elche Miguel Hernández Airport,large_airport,ES,Alicante,38.2822, -0.558156
LEI,Almería Airport,medium_airport,ES,Almería,36.843899, -2.3701
OVD,Asturias Airport,medium_airport,ES,Ranón,43.563599, -6.03462
ODB,Córdoba Airport,medium_airport,ES,Córdoba,37.841999, -4.84888
BIO,Bilbao Airport,medium_airport,ES,Bilbao,43.301102, -2.91061
RGS,Burgos Airport,medium_airport,ES,Burgos,42.357601, -3.62076
BCN,Josep Tarradellas Barcelona-El Prat Airport,large_airport,ES,Barcelona,41.2971, 2.07846
BJZ,Badajoz Airport,medium_airport,ES,Badajoz,38.8913, -6.82133
CDT,Castellón-Costa Azahar Airport,medium_airport,ES,Castellón de la Plana,40.213889, 0.073333
LCG,A Coruña Airport,medium_airport,ES,Culleredo,43.302101, -8.37726
ILD,Lleida-Alguaire Airport,medium_airport,ES,Lleida,41.728185, 0.535023
GRO,Girona-Costa Brava Airport,medium_airport,ES,Girona,41.904639, 2.761774
GRX,F.G.L. Airport Granada-Jaén Airport,medium_airport,ES,Granada,37.188702, -3.77736
HSK,Huesca-Pirineos Airport,small_airport,ES,Monflorite/Alcalá del Obispo,42.076099, -0.316667
IBZ,Ibiza Airport,large_airport,ES,Ibiza (Eivissa),38.872898, 1.37312
XRY,Jerez Airport,medium_airport,ES,Jerez de la Frontera,36.744598, -6.06011
MJV,San Javier Airport,medium_airport,ES,San Javier,37.775002, -0.812389
LEN,León Airport,medium_airport,ES,León,42.589001, -5.65556
RJL,Logroño-Agoncillo Airport,medium_airport,ES,Logroño,42.460953, -2.322235
MAD,Adolfo Suárez Madrid–Barajas Airport,large_airport,ES,Madrid,40.471926, -3.56264
AGP,Málaga-Costa del Sol Airport,large_airport,ES,Málaga,36.6749, -4.49911
MAH,Menorca Airport,medium_airport,ES,Mahón (Maó),39.862598, 4.21865
RMU,Región de Murcia International Airport,medium_airport,ES,Corvera,37.803, -1.125
OZP,Moron Air Base,medium_airport,ES,Morón,37.17490005493164, -5.615940093994141
LEO,Lekoni Airport,small_airport,GA,Lekoni,-1.5724, 14.2878
PMI,Palma de Mallorca Airport,large_airport,ES,Palma de Mallorca,39.551701, 2.73881
PNA,Pamplona Airport,medium_airport,ES,Pamplona,42.77, -1.64633
CQM,Ciudad Real International Airport,medium_airport,ES,Ciudad Real,38.856479, -3.969944
REU,Reus Airport,medium_airport,ES,Reus,41.1474, 1.16717
ROZ,Rota Naval Station Airport,medium_airport,ES,Rota,36.645198822, -6.34946012497
SLM,Salamanca Airport,medium_airport,ES,Salamanca,40.952099, -5.50199
EAS,San Sebastián Airport,medium_airport,ES,Hondarribia,43.356499, -1.79061
SCQ,Santiago-Rosalía de Castro Airport,large_airport,ES,Santiago de Compostela,42.896301, -8.41514
LEU,Pirineus - la Seu d'Urgel Airport,small_airport,ES,La Seu d'Urgell Pyrenees and Andorra,42.3386, 1.40917
TEV,Teruel Airport,medium_airport,ES,Teruel,40.410269, -1.217366
TOJ,Madrid–Torrejón Airport / Torrejón Air Base,medium_airport,ES,Madrid,40.487875, -3.456808
VLC,Valencia Airport,medium_airport,ES,Valencia,39.4893, -0.481625
VLL,Valladolid Airport,medium_airport,ES,Valladolid,41.7061, -4.85194
VIT,Vitoria Airport,medium_airport,ES,Alava,42.882801, -2.72447
VGO,Vigo Airport,medium_airport,ES,Vigo,42.2318, -8.62677
SDR,Seve Ballesteros-Santander Airport,medium_airport,ES,Santander,43.427101, -3.82001
ZAZ,Zaragoza Airport,medium_airport,ES,Zaragoza,41.666199, -1.04155
SVQ,Sevilla Airport,medium_airport,ES,Sevilla,37.417999, -5.89311
DPE,St Aubin Airport,small_airport,FR,Dieppe,49.88249969482422, 1.085279941558838
CQF,Calais-Dunkerque Airport,medium_airport,FR,Marck,50.962101, 1.95476
BYF,Albert-Bray Airport,small_airport,FR,Albert/Bray,49.9715003967, 2.69765996933
LTQ,Le Touquet-Côte d'Opale Airport,medium_airport,FR,Le Touquet-Paris-Plage,50.517399, 1.62059
AGF,Agen-La Garenne Airport,medium_airport,FR,Agen/La Garenne,44.17470169067383, 0.5905560255050659
BOD,Bordeaux-Mérignac Airport,large_airport,FR,Bordeaux/Mérignac,44.8283, -0.715556
EGC,Bergerac-Roumanière Airport,medium_airport,FR,Bergerac/Roumanière,44.82529830932617, 0.5186110138893127
CNG,Cognac-Châteaubernard (BA 709) Air Base,medium_airport,FR,Cognac/Châteaubernard,45.65829849243164, -0.3174999952316284
LRH,La Rochelle-Île de Ré Airport,medium_airport,FR,La Rochelle/Île de Ré,46.17919921875, -1.1952799558639526
PIS,Poitiers-Biard Airport,medium_airport,FR,Poitiers/Biard,46.58769989013672, 0.30666598677635193
MCU,Montluçon-Guéret Airport,medium_airport,FR,Montluçon/Guéret,46.222599029541016, 2.363960027694702
LIG,Limoges Airport,medium_airport,FR,Limoges/Bellegarde,45.86280059814453, 1.1794400215148926
NIT,Niort-Souché Airport,medium_airport,FR,Niort/Souché,46.313477, -0.394529
TLS,Toulouse-Blagnac Airport,large_airport,FR,Toulouse/Blagnac,43.629101, 1.36382
PUF,Pau Pyrénées Airport,medium_airport,FR,Pau/Pyrénées (Uzein),43.380001068115234, -0.41861099004745483
LDE,Tarbes-Lourdes-Pyrénées Airport,medium_airport,FR,Tarbes/Lourdes/Pyrénées,43.1786994934082, -0.006438999902456999
ANG,Angoulême-Brie-Champniers Airport,medium_airport,FR,Angoulême/Brie/Champniers,45.729198, 0.221456
PGX,Périgueux-Bassillac Airport,medium_airport,FR,Périgueux/Bassillac,45.19810104370117, 0.815555989742279
BIQ,Biarritz-Anglet-Bayonne Airport,medium_airport,FR,Biarritz/Anglet/Bayonne,43.4683333, -1.5311111
ZAO,Aérodrome de Cahors-Lalbenque,medium_airport,FR,Cahors/Lalbenque,44.351398, 1.47528
LBI,Albi-Le Séquestre Airport,medium_airport,FR,Albi/Le Séquestre,43.91389846801758, 2.1130599975585938
DCM,Castres-Mazamet Airport,medium_airport,FR,Castres/Mazamet,43.55630111694336, 2.289180040359497
RDZ,Rodez-Marcillac Airport,medium_airport,FR,Rodez/Marcillac,44.407901763916016, 2.4826700687408447
RYN,Royan-Médis Airport,medium_airport,FR,Royan/Médis,45.62810134887695, -0.9725000262260437
RCO,Rochefort-Saint-Agnant (BA 721) Airport,medium_airport,FR,Rochefort/Saint-Agnant,45.88779830932617, -0.9830560088157654
BIC,Aérodrome de Belle Île,small_airport,FR,Bangor,47.325256, -3.201255
OUI,Ouessant Airport,small_airport,FR,Ushant,48.4632, -5.06358
IDY,Île d'Yeu Airport,medium_airport,FR,Île d'Yeu,46.71860122680664, -2.3911099433898926
CMR,Colmar-Houssen Airport,medium_airport,FR,Colmar/Houssen,48.109901428222656, 7.359010219573975
DLE,Dole-Tavaux Airport,medium_airport,FR,Dole/Tavaux,47.042686, 5.435063
MVV,Megève Altiport,small_airport,FR,Megève,45.823005, 6.649406
OBS,Aubenas-Ardèche Méridional Airport,medium_airport,FR,Aubenas/Ardèche Méridional,44.544203, 4.372192
LPY,Le Puy-Loudes Airfield,medium_airport,FR,Le Puy/Loudes,45.0807, 3.76289
AHZ,Altiport L'Alpe d'Huez - Henri GIRAUD,small_airport,FR,L'Alpe d'Huez,45.087399, 6.083604
ETZ,Metz-Nancy-Lorraine Airport,medium_airport,FR,Metz / Nancy,48.9821014404, 6.25131988525
ANE,Angers-Loire Airport,medium_airport,FR,TFFR,47.560299, -0.312222
BIA,Bastia-Poretta Airport,medium_airport,FR,Bastia/Poretta,42.55270004272461, 9.48373031616211
CLY,Calvi-Sainte-Catherine Airport,medium_airport,FR,Calvi/Sainte-Catherine,42.5244444, 8.7930556
FSC,Figari Sud-Corse Airport,medium_airport,FR,Figari Sud-Corse,41.500599, 9.09778
AJA,Ajaccio-Napoléon Bonaparte Airport,medium_airport,FR,Ajaccio/Napoléon Bonaparte,41.92359924316406, 8.8029203414917
PRP,Propriano Airport,small_airport,FR,Propriano,41.66059875488281, 8.889749526977539
SOZ,Solenzara (BA 126) Air Base,medium_airport,FR,Solenzara,41.924400329589844, 9.406000137329102
MFX,Méribel Altiport,small_airport,FR,Les Allues,45.407505, 6.577597
AUF,Auxerre-Branches Airport,medium_airport,FR,Auxerre/Branches,47.85020065307617, 3.497109889984131
CMF,Chambéry-Savoie Airport,medium_airport,FR,Chambéry/Aix-les-Bains,45.638099670410156, 5.880229949951172
CFE,Clermont-Ferrand Auvergne Airport,medium_airport,FR,Clermont-Ferrand/Auvergne,45.7867012024, 3.1691699028
BOU,Bourges Airport,medium_airport,FR,Bourges,47.058101654052734, 2.3702800273895264
CVF,Courchevel Altiport,small_airport,FR,Saint-Bon,45.397531, 6.63498
LYS,Lyon Saint-Exupéry Airport,large_airport,FR,Lyon,45.725556, 5.081111
SYT,Saint-Yan Airport,medium_airport,FR,Saint-Yan,46.412498474121094, 4.0132598876953125
RNE,Roanne-Renaison Airport,medium_airport,FR,Roanne/Renaison,46.05830001831055, 4.001389980316162
NCY,Annecy-Haute-Savoie-Mont Blanc Airport,medium_airport,FR,Annecy/Meythet,45.9308333, 6.1063889
GNB,Grenoble-Isère Airport,medium_airport,FR,Saint-Étienne-de-Saint-Geoirs,45.3629, 5.32937
VAF,Valence-Chabeuil Airport,medium_airport,FR,Valence/Chabeuil,44.9216, 4.9699
VHY,Vichy-Charmeil Airport,medium_airport,FR,Vichy/Charmeil,46.169700622558594, 3.4037399291992188
AUR,Aurillac Airport,medium_airport,FR,Aurillac,44.89139938354492, 2.4219400882720947
CHR,"Châteauroux-Déols ""Marcel Dassault"" Airport",medium_airport,FR,Châteauroux/Déols,46.860278, 1.721111
LYN,Lyon-Bron Airport,medium_airport,FR,Lyon/Bron,45.72719955444336, 4.944270133972168
CEQ,Cannes-Mandelieu Airport,medium_airport,FR,Cannes,43.542, 6.95348
EBU,Saint-Étienne-Bouthéon Airport,medium_airport,FR,Saint-Étienne/Bouthéon,45.54059982299805, 4.296390056610107
CCF,Carcassonne Airport,medium_airport,FR,Carcassonne/Salvaza,43.215999603271484, 2.3063199520111084
MRS,Marseille Provence Airport,large_airport,FR,Marseille,43.439271922, 5.22142410278
NCE,Nice-Côte d'Azur Airport,large_airport,FR,Nice,43.658401, 7.21587
PGF,Perpignan-Rivesaltes (Llabanère) Airport,medium_airport,FR,Perpignan/Rivesaltes,42.74039840698242, 2.8706700801849365
CTT,Le Castellet Airport,medium_airport,FR,Le Castellet,43.252498626708984, 5.785190105438232
BAE,Barcelonnette - Saint-Pons Airfield,small_airport,FR,Le Castellet,44.387198, 6.609186
MPL,Montpellier-Méditerranée Airport,medium_airport,FR,Montpellier/Méditerranée,43.57619857788086, 3.96301007270813
BZR,Béziers-Vias Airport,medium_airport,FR,Béziers/Vias,43.32350158691406, 3.3538999557495117
AVN,Avignon-Caumont Airport,medium_airport,FR,Avignon/Caumont,43.90729904174805, 4.901830196380615
GAT,Gap - Tallard Airfield,small_airport,FR,,44.455002, 6.03778
MEN,Mende-Brenoux Airfield,medium_airport,FR,Mende/Brénoux,44.502102, 3.53282
SCP,Mont-Dauphin - St-Crépin Airfield,small_airport,FR,,44.701698, 6.60028
BVA,Paris Beauvais Tillé Airport,medium_airport,FR,Beauvais,49.454399, 2.11278
EVX,Évreux-Fauville (BA 105) Air Base,medium_airport,FR,Évreux/Fauville,49.02870178222656, 1.2198599576950073
LEH,Le Havre-Octeville Airport,medium_airport,FR,Le Havre,49.534038, 0.088406
XCR,Châlons-Vatry Airport,medium_airport,FR,Vatry,48.773333, 4.206111
LSO,Les Sables-d'Olonne Talmont Airport,small_airport,FR,Les Sables-d'Olonne,46.476898193359375, -1.7227799892425537
URO,Rouen Vallée de Seine Airport,medium_airport,FR,Boos,49.386674, 1.183519
TUF,Tours-Val-de-Loire Airport,medium_airport,FR,Tours/Val de Loire (Loire Valley),47.4322013855, 0.727605998516
CET,Cholet Le Pontreau Airport,medium_airport,FR,Cholet/Le Pontreau,47.08209991455078, -0.8770639896392822
LVA,Laval-Entrammes Airport,medium_airport,FR,Laval/Entrammes,48.03139877319336, -0.7429860234260559
ORE,Orléans – Saint-Denis-de-l'Hôtel Airport,small_airport,FR,Orléans,47.8969, 2.16333
LBG,Paris-Le Bourget Airport,medium_airport,FR,Paris,48.969398498535156, 2.441390037536621
CSF,Creil Air Base,medium_airport,FR,Creil,49.253501892089844, 2.5191400051116943
CDG,Charles de Gaulle International Airport,large_airport,FR,Paris,49.012798, 2.55
TNF,Toussus-le-Noble Airport,medium_airport,FR,Toussus-le-Noble,48.7519, 2.10619
ORY,Paris-Orly Airport,large_airport,FR,Paris,48.72333, 2.37944
POX,Aérodrome de Pontoise - Cormeilles en Vexin,medium_airport,FR,Cormeilles-en-Vexin,49.096667, 2.040833
VIY,Vélizy-Villacoublay Air Base,medium_airport,FR,Vélizy-Villacoublay,48.774406, 2.203102
NVS,Nevers-Fourchambault Airport,medium_airport,FR,Nevers/Fourchambault,47.002601623535156, 3.1133298873901367
LIL,Lille-Lesquin Airport,medium_airport,FR,Lille/Lesquin,50.563332, 3.086886
HZB,Merville-Calonne Airport,medium_airport,FR,Merville/Calonne,50.61840057373047, 2.642240047454834
BES,Brest Bretagne Airport,medium_airport,FR,Brest/Guipavas,48.447898864746094, -4.418540000915527
CER,Cherbourg-Maupertus Airport,medium_airport,FR,Cherbourg/Maupertus,49.65010070800781, -1.4702800512313843
DNR,Dinard-Pleurtuit-Saint-Malo Airport,medium_airport,FR,Dinard/Pleurtuit/Saint-Malo,48.58769989013672, -2.0799601078033447
LBY,La Baule-Escoublac Airport,medium_airport,FR,La Baule-Escoublac,47.289398193359375, -2.3463900089263916
GFR,Granville Airport,medium_airport,FR,Granville,48.88309860229492, -1.564170002937317
DOL,Deauville-Saint-Gatien Airport,medium_airport,FR,Deauville,49.365299, 0.154306
LRT,Lorient South Brittany (Bretagne Sud) Airport,medium_airport,FR,Lorient/Lann/Bihoué,47.76060104370117, -3.440000057220459
EDM,La Roche-sur-Yon Airport,medium_airport,FR,La Roche-sur-Yon/Les Ajoncs,46.701900482177734, -1.3786300420761108
LDV,Landivisiau Air Base,medium_airport,FR,Landivisiau,48.53030014038086, -4.151639938354492
CFR,Caen-Carpiquet Airport,medium_airport,FR,Caen/Carpiquet,49.173302, -0.45
LME,Le Mans-Arnage Airport,medium_airport,FR,Le Mans/Arnage,47.94860076904297, 0.20166699588298798
RNS,Rennes-Saint-Jacques Airport,medium_airport,FR,Rennes/Saint-Jacques,48.0695, -1.73479
LAI,Lannion-Côte de Granit Airport,medium_airport,FR,Lannion,48.754398, -3.47166
UIP,Quimper-Cornouaille Airport,medium_airport,FR,Quimper/Pluguffan,47.974998474121094, -4.167789936065674
NTE,Nantes Atlantique Airport,medium_airport,FR,Nantes,47.153198242200006, -1.61073005199
SBK,Saint-Brieuc-Armor Airport,medium_airport,FR,Saint-Brieuc/Armor,48.5378, -2.85444
MXN,Morlaix-Ploujean Airport,medium_airport,FR,Morlaix/Ploujean,48.6031990051, -3.81577992439
VNE,Vannes-Meucon Airport,medium_airport,FR,Vannes/Meucon,47.72330093383789, -2.718559980392456
SNR,Saint-Nazaire-Montoir Airport,medium_airport,FR,Saint-Nazaire/Montoir,47.3105556, -2.1566667
BSL,EuroAirport Basel-Mulhouse-Freiburg Airport,large_airport,FR,Bâle/Mulhouse,47.59, 7.529167
DIJ,Dijon-Bourgogne Airport,medium_airport,FR,Dijon/Longvic,47.268902, 5.09
EPL,Épinal-Mirecourt Airport,medium_airport,FR,Épinal/Mirecourt,48.325001, 6.06998
BVE,Brive-Souillac,medium_airport,FR,Brive la Gaillarde,45.039722, 1.485556
ENC,Nancy-Essey Airport,medium_airport,FR,Nancy/Essey,48.692100524902344, 6.230460166931152
SXB,Strasbourg Airport,medium_airport,FR,Strasbourg,48.538299560546875, 7.628230094909668
TLN,Toulon-Hyères Airport,medium_airport,FR,Toulon/Hyères/Le Palyvestre,43.0973014832, 6.14602994919
RZV,Rize–Artvin Airport,medium_airport,TR,Rize,41.179625, 40.850796
FNI,Nîmes-Arles-Camargue Airport,medium_airport,FR,Nîmes/Garons,43.75740051269531, 4.4163498878479
LTT,La Môle Airport,small_airport,FR,La Môle,43.205399, 6.482
MQC,Miquelon Airport,medium_airport,PM,Miquelon,47.095501, -56.380299
FSP,St Pierre Airport,medium_airport,PM,Saint-Pierre,46.762901306152344, -56.173099517822266
PYR,Andravida Air Base,medium_airport,GR,Andravida,37.9207, 21.292601
AXD,Alexandroupoli Democritus Airport,medium_airport,GR,Alexandroupolis,40.8559, 25.956301
ATH,Athens Eleftherios Venizelos International Airport,large_airport,GR,Athens,37.936401, 23.9445
VOL,Nea Anchialos National Airport,medium_airport,GR,Nea Anchialos,39.219601, 22.7943
LGE,Mulan Airport,small_airport,AU,Lake Gregory,-20.1089, 127.619
JKH,Chios Island National Airport,medium_airport,GR,Chios Island,38.34320068359375, 26.140600204467773
JIK,Ikaria Airport,small_airport,GR,Ikaria Island,37.6827011108, 26.3470993042
IOA,Ioannina Airport,medium_airport,GR,Ioannina,39.6963996887207, 20.822500228881836
HER,Heraklion International Nikos Kazantzakis Airport,large_airport,GR,Heraklion,35.3396987915, 25.180299758900002
KSO,Kastoria National Airport Aristotle,small_airport,GR,Argos Orestiko,40.446301, 21.2822
KIT,Kithira Airport,small_airport,GR,Kithira Island,36.2742996216, 23.0170001984
EFL,Kefallinia Airport,medium_airport,GR,Kefallinia Island,38.12009811401367, 20.500499725341797
KZS,Kastelorizo Airport,small_airport,GR,Kastelorizo Island,36.1417007446, 29.576400756799995
KLX,Kalamata Airport,medium_airport,GR,Kalamata,37.06829833984375, 22.02549934387207
KGS,Kos Airport,medium_airport,GR,Kos Island,36.79330062866211, 27.091699600219727
AOK,Karpathos Airport,medium_airport,GR,Karpathos Island,35.4213981628418, 27.145999908447266
CFU,Ioannis Kapodistrias International Airport,medium_airport,GR,Kerkyra Island,39.601898193359375, 19.911699295043945
KSJ,Kasos Airport,small_airport,GR,Kasos Island,35.4213981628, 26.909999847399998
KVA,Kavala Alexander the Great International Airport,medium_airport,GR,Kavala,40.9133, 24.6192
JKL,Kalymnos Airport,small_airport,GR,Kalymnos Island,36.9632987976, 26.9405994415
KZI,Kozani State Airport Filippos,medium_airport,GR,Kozani,40.286098, 21.840799
LRS,Leros Airport,small_airport,GR,Leros Island,37.184898, 26.800301
LXS,Limnos Airport,small_airport,GR,Limnos Island,39.917098999, 25.236299514799995
LRA,Larissa Air Base,small_airport,GR,Larissa,39.650253, 22.4655
JMK,Mikonos Airport,medium_airport,GR,Mykonos Island,37.43510055541992, 25.348100662231445
MLO,Milos Airport,small_airport,GR,Milos Island,36.696899, 24.4769
MJT,Mytilene International Airport,medium_airport,GR,Mytilene,39.0567016602, 26.5983009338
LGN,Linga Linga Airport,small_airport,PG,Linga Linga,-5.5319444444400006, 149.734166667
JNX,Naxos Apollon Airport,small_airport,GR,Naxos,37.0811, 25.368099
DRP,Bicol International Airport,medium_airport,PH,Legazpi,13.111915, 123.676829
PAS,Paros National Airport,small_airport,GR,Paros,37.020495, 25.113195
JTY,Astypalaia Airport,small_airport,GR,Astypalaia Island,36.5798988342, 26.3757991791
PVK,Aktion National Airport,medium_airport,GR,Preveza/Lefkada,38.925498962402344, 20.765300750732422
RHO,Diagoras Airport,medium_airport,GR,Rodes Island,36.405399322509766, 28.086200714111328
GPA,Patras Araxos Agamemnon Airport,medium_airport,GR,Patras,38.1511, 21.4256
CHQ,Chania International Airport,medium_airport,GR,Souda,35.531700134277344, 24.149700164794922
JSI,Skiathos Island National Airport,medium_airport,GR,Skiathos,39.177101135253906, 23.503700256347656
SMI,Samos Airport,medium_airport,GR,Samos Island,37.689998626708984, 26.911699295043945
JSY,Syros Airport,small_airport,GR,Syros Island,37.4227981567, 24.950899124099998
SPJ,Sparti Airport,small_airport,GR,Sparti,36.973899841308594, 22.52630043029785
JTR,Santorini Airport,medium_airport,GR,Santorini Island,36.399200439453125, 25.479299545288086
JSH,Sitia Airport,medium_airport,GR,Crete Island,35.21609878540039, 26.101299285888672
SKU,Skiros Airport,small_airport,GR,Skiros Island,38.9676017761, 24.4871997833
SKG,Thessaloniki Macedonia International Airport,large_airport,GR,Thessaloniki,40.51969909667969, 22.97089958190918
ZTH,"Zakynthos International Airport ""Dionysios Solomos""",medium_airport,GR,Zakynthos Island,37.7509, 20.8843
BUD,Budapest Liszt Ferenc International Airport,large_airport,HU,Budapest,47.42976, 19.261093
DEB,Debrecen International Airport,medium_airport,HU,Debrecen,47.488899, 21.615299
PEV,Pécs-Pogány Airport,medium_airport,HU,Pécs-Pogány,45.990898, 18.240996
SOB,Hévíz–Balaton Airport,medium_airport,HU,Sármellék,46.686391, 17.159084
QAQ,L'Aquila–Preturo Airport,small_airport,IT,L'Aquila,42.379902, 13.3092
CRV,Crotone Airport,medium_airport,IT,Crotone,38.9972, 17.0802
BRI,Bari Karol Wojtyła Airport,large_airport,IT,Bari,41.138901, 16.760599
FOG,"Foggia ""Gino Lisa"" Airport",medium_airport,IT,Foggia,41.432899, 15.535
TAR,"Taranto-Grottaglie ""Marcello Arlotta"" Airport",medium_airport,IT,Grottaglie,40.517502, 17.4032
LCC,Lecce Galatina Air Base,medium_airport,IT,,40.239201, 18.133301
PSR,Abruzzo Airport,medium_airport,IT,Pescara,42.431702, 14.1811
BDS,Brindisi Airport,large_airport,IT,Brindisi,40.6576, 17.947001
SUF,Lamezia Terme Airport,medium_airport,IT,Lamezia Terme (CZ),38.905399, 16.2423
CIY,Comiso Airport,medium_airport,IT,Comiso,36.994601, 14.607182
CTA,Catania-Fontanarossa Airport,large_airport,IT,Catania,37.466801, 15.0664
LMP,Lampedusa Airport,medium_airport,IT,Lampedusa,35.497898, 12.6181
PNL,Pantelleria Airport,medium_airport,IT,Pantelleria (TP),36.816502, 11.9689
PMO,Falcone–Borsellino Airport,large_airport,IT,Palermo,38.175999, 13.091
REG,Reggio Calabria Airport,medium_airport,IT,Reggio Calabria,38.071201, 15.6516
TPS,Vincenzo Florio Airport Trapani-Birgi,medium_airport,IT,Trapani (TP),37.9114, 12.488
NSY,Sigonella Navy Air Base,medium_airport,IT,Sigonella (CT),37.401699, 14.9224
BLX,Belluno Airport,small_airport,IT,Belluno (BL),46.166549, 12.250389
RAN,Ravenna Airport,small_airport,IT,Ravenna,44.36391, 12.224978
AHO,Alghero-Fertilia Airport,medium_airport,IT,Alghero,40.632099, 8.29077
DCI,Decimomannu Air Base,medium_airport,IT,Decimomannu,39.354198, 8.97248
CAG,Cagliari Elmas Airport,large_airport,IT,Cagliari,39.251499, 9.05428
OLB,Olbia Costa Smeralda Airport,medium_airport,IT,Olbia (SS),40.898701, 9.51763
FNU,Oristano-Fenosu Airport,small_airport,IT,Oristano,39.895308, 8.642661
TTB,Tortolì Airport,medium_airport,IT,Arbatax,39.9188, 9.68298
MXP,Malpensa International Airport,large_airport,IT,Milan,45.6306, 8.72811
BGY,Milan Bergamo Airport,large_airport,IT,Milan,45.673901, 9.70417
TRN,Turin Airport,large_airport,IT,Torino,45.200802, 7.64963
ALL,Villanova D'Albenga International Airport,medium_airport,IT,Albenga (SV),44.050598, 8.12743
GOA,Genoa Cristoforo Colombo Airport,medium_airport,IT,Genova,44.4133, 8.8375
LIN,Milano Linate Airport,medium_airport,IT,Milan,45.445099, 9.27674
PMF,Parma Airport,medium_airport,IT,Parma,44.824501, 10.2964
AOT,Aosta Airport,medium_airport,IT,Aosta,45.738499, 7.36872
CUF,Cuneo International Airport,medium_airport,IT,Cuneo,44.547001, 7.62322
AVB,Aviano Air Base,medium_airport,IT,Aviano (PN),46.031898, 12.596503
BZO,Bolzano Airport,medium_airport,IT,Bolzano,46.460201, 11.3264
UDN,Udine-Campoformido Air Base,small_airport,IT,Udine,46.0322, 13.1868
BLQ,Bologna Guglielmo Marconi Airport,large_airport,IT,Bologna,44.5354, 11.2887
TSF,Treviso-Sant'Angelo Airport,medium_airport,IT,Treviso,45.648399, 12.1944
FRL,Forlì Airport,medium_airport,IT,Forlì (FC),44.194801, 12.0701
VBS,Brescia Airport,medium_airport,IT,Montichiari (BS),45.428902, 10.3306
TRS,Trieste–Friuli Venezia Giulia Airport,medium_airport,IT,Trieste,45.827499, 13.4722
RMI,Federico Fellini International Airport,medium_airport,IT,Rimini,44.020302, 12.6117
VRN,Verona-Villafranca Valerio Catullo Airport,large_airport,IT,Villafranca di Verona,45.394955, 10.887303
AOI,Marche Airport,medium_airport,IT,Ancona,43.616299, 13.3623
VCE,Venice Marco Polo Airport,large_airport,IT,Venice,45.505299, 12.3519
LCV,Lucca-Tassignano Airport,small_airport,IT,Lucca,43.825825, 10.577928
SAY,Siena-Ampugnano Airport,medium_airport,IT,Siena,43.256302, 11.255
CIA,Ciampino–G. B. Pastine International Airport,medium_airport,IT,Rome,41.7994, 12.5949
FCO,Rome–Fiumicino Leonardo da Vinci International Airport,large_airport,IT,Rome,41.804532, 12.251998
QSR,Salerno Costa d'Amalfi Airport,medium_airport,IT,Salerno,40.620399, 14.9113
EBA,Marina Di Campo Airport,medium_airport,IT,Marina  Di Campo,42.7603, 10.2394
NAP,Naples International Airport,large_airport,IT,Napoli,40.886002, 14.2908
PSA,Pisa International Airport,large_airport,IT,Pisa,43.683899, 10.3927
FLR,Peretola Airport,medium_airport,IT,Firenze,43.810001, 11.2051
GRS,Grosseto Air Base,medium_airport,IT,Grosetto,42.759701, 11.0719
PEG,Perugia San Francesco d'Assisi – Umbria International Airport,medium_airport,IT,Perugia,43.095901, 12.5132
LJU,Ljubljana Jože Pučnik Airport,large_airport,SI,Ljubljana,46.223701, 14.4576
MBX,Maribor Airport,medium_airport,SI,,46.4799, 15.6861
POW,Portorož Airport,medium_airport,SI,Portorož,45.4734, 13.615
LKC,Lekana Airport,small_airport,CG,Lekana,-2.313, 14.606
UHE,Kunovice Airport,medium_airport,CZ,Uherské Hradiště,49.02939987182617, 17.439699172973633
KLV,Karlovy Vary International Airport,medium_airport,CZ,Karlovy Vary,50.202999114990234, 12.914999961853027
OSR,Ostrava Leos Janáček Airport,medium_airport,CZ,Ostrava,49.6963005065918, 18.111099243164062
OLO,Olomouc Airport,small_airport,CZ,Olomouc,49.587799, 17.2108
PED,Pardubice Airport,medium_airport,CZ,Pardubice,50.01340103149414, 15.73859977722168
PRV,Přerov Air Base,medium_airport,CZ,Přerov,49.42580032348633, 17.404699325561523
PRG,Václav Havel Airport Prague,large_airport,CZ,Prague,50.1008, 14.26
BRQ,Brno-Tuřany Airport,medium_airport,CZ,Brno,49.15129852294922, 16.694400787353516
VOD,Vodochody Airport,medium_airport,CZ,Vodochody,50.216599, 14.3958
ZBE,Zabreh Ostrava Airfield,small_airport,CZ,Zabreh,49.928299, 18.0783
TLV,Ben Gurion International Airport,large_airport,IL,Tel Aviv,32.01139831542969, 34.88669967651367
BEV,Beersheba (Teyman) Airport,small_airport,IL,Beersheba,31.287000656128, 34.722999572754
ETM,Ramon International Airport,large_airport,IL,Eilat,29.727009, 35.014116
EIY,Ein Yahav Airfield,small_airport,IL,Sapir,30.621700286865234, 35.20330047607422
LLH,La Lima - Reginaldo Hammer Airport,small_airport,HN,La Lima,15.442801, -87.898564
HFA,Haifa International Airport,medium_airport,IL,Haifa,32.80939865112305, 35.04309844970703
RPN,Rosh Pina Airport,medium_airport,IL,Rosh Pina,32.980999, 35.571899
KSW,Kiryat Shmona Airport,small_airport,IL,Kiryat Shmona,33.21670150756836, 35.599998474121094
LLL,Lissadell Airport,small_airport,AU,Lissadell Station,-16.661, 128.594
MTZ,Bar Yehuda Airfield,medium_airport,IL,Masada,31.32819938659668, 35.38859939575195
VTM,Nevatim Air Base,medium_airport,IL,Beersheba,31.208299636799996, 35.012298584
VDA,Ovda Airport,small_airport,IL,Eilat,29.9403, 34.935799
MIP,Ramon Air Base,medium_airport,IL,Beersheba,30.776100158691406, 34.66669845581055
YOT,Yotvata Airfield,small_airport,IL,Yotvata,29.901111, 35.0675
MLA,Malta International Airport,large_airport,MT,Valletta,35.857498, 14.4775
LMV,Madivaru Airport,small_airport,MV,Naifaru,5.457545, 73.370261
LMZ,Palma Airport,small_airport,MZ,Palma,-10.7506, 40.4702
LNC,Lengbati Airport,small_airport,PG,,-6.384611111110001, 147.368638889
LNF,Munbil Airport,small_airport,PG,,-4.855941, 141.220165
LNM,Langimar Airport,small_airport,PG,,-7.22313888889, 146.227083333
HOH,Hohenems-Dornbirn Airfield,small_airport,AT,Hohenems / Dornbirn,47.384998, 9.7
LOM,Francisco Primo de Verdad y Ramos Airport,small_airport,MX,Lagos de Moreno,21.258983, -101.943758
LOR,Lowe AHP (Fort Rucker) Heliport,heliport,US,Fort Rucker Ozark,31.35580063, -85.75119781
GRZ,Graz Airport,medium_airport,AT,Graz (Feldkirchen bei Graz),46.9911, 15.4396
INN,Innsbruck Airport,medium_airport,AT,Innsbruck,47.260201, 11.344
KLU,Klagenfurt Airport,medium_airport,AT,Klagenfurt am Wörthersee,46.642502, 14.3377
LNZ,Linz-Hörsching Airport / Vogler Air Base,medium_airport,AT,Linz,48.2332, 14.1875
SZG,Salzburg Airport,medium_airport,AT,Salzburg,47.793300628699996, 13.0043001175
VIE,Vienna International Airport,large_airport,AT,Vienna,48.110298, 16.5697
AVR,Alverca Air Base,medium_airport,PT,Vila Franca de Xira,38.883301, -9.0301
SMA,Santa Maria Airport,medium_airport,PT,Vila do Porto,36.97140121459961, -25.17060089111328
BGC,Bragança Airport,medium_airport,PT,Bragança,41.8578, -6.70713
BYJ,Beja Airport / Airbase,medium_airport,PT,Beja,38.078899, -7.9324
BGZ,Braga Municipal Aerodrome,medium_airport,PT,Braga,41.5871009827, -8.445139884949999
CHV,Aerodromo de Chaves,small_airport,PT,Chaves,41.722356, -7.463064
CBP,Aerodromo Municipal de Coimbra,medium_airport,PT,Coimbra,40.158758, -8.470815
CVU,Corvo Airport,small_airport,PT,Corvo,39.671501, -31.1136
CAT,Cascais Airport,medium_airport,PT,Cascais,38.724998, -9.35523
FLW,Flores Airport,medium_airport,PT,Santa Cruz das Flores,39.455299377441406, -31.131399154663086
FAO,Faro Airport,large_airport,PT,Faro,37.0144004822, -7.96590995789
GRW,Graciosa Airport,medium_airport,PT,Santa Cruz da Graciosa,39.092201232910156, -28.029800415039062
HOR,Horta Airport,medium_airport,PT,Horta,38.519901275634766, -28.715900421142578
TER,Lajes Airport,medium_airport,PT,Praia da Vitória,38.761799, -27.090799
FNC,Madeira International Airport Cristiano Ronaldo,medium_airport,PT,Funchal,32.697899, -16.7745
QLR,Monte Real Air Base,medium_airport,PT,,39.828335, -8.8875
PDL,João Paulo II Airport,large_airport,PT,Ponta Delgada,37.7411994934, -25.6979007721
PIX,Pico Airport,medium_airport,PT,Pico Island,38.554298, -28.441299
PRM,Portimão Airport,medium_airport,PT,Portimão,37.1493, -8.58396
OPO,Francisco de Sá Carneiro Airport,large_airport,PT,Porto,41.2481002808, -8.68138980865
PXO,Porto Santo Airport,medium_airport,PT,Vila Baleira,33.0733985901, -16.3500003815
LIS,Humberto Delgado Airport (Lisbon Portela Airport),large_airport,PT,Lisbon,38.7813, -9.13592
SJZ,São Jorge Airport,medium_airport,PT,Velas,38.665501, -28.1758
VRL,Vila Real Airport,medium_airport,PT,Vila Real,41.2743, -7.72047
VSE,Aerodromo Goncalves Lobato (Viseu Airport),medium_airport,PT,Viseu,40.725498, -7.88899
BNX,Banja Luka International Airport,medium_airport,BA,Banja Luka,44.94139862060547, 17.297500610351562
OMO,Mostar International Airport,medium_airport,BA,Mostar,43.282901763916016, 17.84589958190918
SJJ,Sarajevo International Airport,medium_airport,BA,Sarajevo,43.8246, 18.331499
TZL,Tuzla International Airport,medium_airport,BA,Tuzla,44.458698, 18.7248
ARW,Arad International Airport,medium_airport,RO,Arad,46.17660140991211, 21.261999130249023
BCM,Bacău Airport,medium_airport,RO,Bacău,46.52190017700195, 26.91029930114746
BAY,Maramureș International Airport,medium_airport,RO,Baia Mare,47.660598, 23.467252
BBU,Băneasa International Airport,medium_airport,RO,Bucharest,44.503201, 26.1021
CND,Mihail Kogălniceanu International Airport,medium_airport,RO,Constanţa,44.36220169067383, 28.488300323486328
CLJ,Cluj-Napoca International Airport,medium_airport,RO,Cluj-Napoca,46.785198, 23.686199
CSB,Caransebeş Airport,medium_airport,RO,Caransebeş,45.41999816894531, 22.253299713134766
CRA,Craiova Airport,medium_airport,RO,Craiova,44.3181, 23.888599
IAS,Iaşi Airport,medium_airport,RO,Iaşi,47.180278, 27.620833
OMR,Oradea International Airport,medium_airport,RO,Oradea,47.025299072265625, 21.90250015258789
OTP,Henri Coandă International Airport,large_airport,RO,Bucharest,44.571111, 26.085
GHV,Brașov-Ghimbav International Airport (U.C.),medium_airport,RO,Brașov (Ghimbav),45.70558, 25.522871
SBZ,Sibiu International Airport,medium_airport,RO,Sibiu,45.78559875488281, 24.091299057006836
SUJ,Satu Mare Airport,medium_airport,RO,Satu Mare,47.70330047607422, 22.885700225830078
SCV,Suceava Stefan cel Mare Airport,medium_airport,RO,Suceava,47.6875, 26.35409927368164
TCE,Tulcea Danube Delta Airport,medium_airport,RO,Tulcea,45.0625, 28.7143
TGM,Transilvania Târgu Mureş International Airport,medium_airport,RO,Târgu Mureş,46.46770095825195, 24.412500381469727
TSR,Timişoara Traian Vuia Airport,medium_airport,RO,Timişoara,45.809898376464844, 21.337900161743164
GVA,Geneva Cointrin International Airport,large_airport,CH,Geneva,46.23809814453125, 6.108950138092041
SIR,Sion Airport,medium_airport,CH,Sion,46.219166, 7.326944
EML,Emmen Air Base,medium_airport,CH,,47.092444, 8.305184
LUG,Lugano Airport,medium_airport,CH,Lugano,46.00429916379999, 8.9105796814
BRN,Bern-Belp Airport,medium_airport,CH,Bern-Belp,46.913419, 7.499747
BXO,Buochs Airport,small_airport,CH,Buochs,46.974444, 8.396944
ZRH,Zürich Airport,large_airport,CH,Zurich,47.458056, 8.548056
ACH,St Gallen Altenrhein Airport,medium_airport,CH,Altenrhein,47.485001, 9.56077
SMV,Samedan Airport,medium_airport,CH,,46.53409957885742, 9.884110450744629
GKD,Gökçeada Airport,small_airport,TR,Gökçeada,40.204498, 25.883302
ESB,Esenboğa International Airport,large_airport,TR,Ankara,40.128101348899996, 32.995098114
ANK,Etimesgut Air Base,medium_airport,TR,Ankara,39.949798584, 32.6885986328
ADA,Adana Şakirpaşa Airport,medium_airport,TR,Seyhan,36.982201, 35.280399
UAB,İncirlik Air Base,medium_airport,TR,Sarıçam,37.002102, 35.4259
AFY,Afyon Air Base,medium_airport,TR,Afyonkarahisar,38.726398, 30.601101
AYT,Antalya International Airport,large_airport,TR,Antalya,36.898701, 30.800501
GZT,Gaziantep International Airport,medium_airport,TR,Gaziantep,36.947201, 37.478699
KFS,Kastamonu Airport,medium_airport,TR,Kastamonu,41.314201, 33.795799
KYA,Konya Airport,medium_airport,TR,Konya,37.979, 32.561901
MZH,Amasya Merzifon Airport,small_airport,TR,Amasya,40.829399, 35.521999
VAS,Sivas Nuri Demirağ Airport,small_airport,TR,Sivas,39.813801, 36.9035
ONQ,Zonguldak Çaycuma Airport,medium_airport,TR,Zonguldak,41.506401, 32.0886
MLX,Malatya Erhaç Airport,medium_airport,TR,Malatya,38.435298919699996, 38.0909996033
ASR,Kayseri Erkilet Airport,medium_airport,TR,Kayseri,38.770401001, 35.4953994751
TJK,Tokat Airport,medium_airport,TR,Tokat,40.307430267333984, 36.367408752441406
DNZ,Çardak Airport,medium_airport,TR,Denizli,37.7855987549, 29.7012996674
NAV,Nevşehir Kapadokya Airport,small_airport,TR,Nevşehir,38.7719, 34.5345
ISL,İstanbul Atatürk Airport,large_airport,TR,"Bakırköy, Istanbul",40.971913, 28.823714
CII,Çıldır Airport,small_airport,TR,Aydın,37.8149986267, 27.895299911499997
BZI,Balıkesir Merkez Airport,medium_airport,TR,,39.619300842285156, 27.926000595092773
BDM,Bandırma Airport,medium_airport,TR,Bandırma,40.318001, 27.977699
CKZ,Çanakkale Airport,medium_airport,TR,Çanakkale,40.1376991272, 26.4267997742
ESK,Eskişehir Air Base,medium_airport,TR,,39.7840995789, 30.582099914599997
ADB,Adnan Menderes International Airport,large_airport,TR,İzmir,38.2924, 27.157
IGL,Çiğli Airport,medium_airport,TR,Kaklıç Mahallesi,38.513, 27.010099
USQ,Uşak Airport,small_airport,TR,Uşak,38.68149948120117, 29.47170066833496
KCO,Cengiz Topel Airport,medium_airport,TR,Kartepe,40.735001, 30.0833
YEI,Bursa Yenişehir Airport,medium_airport,TR,Bursa,40.2551994324, 29.5625991821
DLM,Dalaman International Airport,large_airport,TR,Dalaman,36.7131004333, 28.7924995422
TEQ,Tekirdağ Çorlu Airport,medium_airport,TR,Çorlu,41.13819885253906, 27.919099807739258
BXN,Bodrum-Imsık Airport,small_airport,TR,Imsık,37.140099, 27.669701
AOE,Anadolu Airport,medium_airport,TR,Eskişehir,39.809898, 30.5194
KZR,Zafer Airport,small_airport,TR,Altıntaş,39.113079, 30.128111
EZS,Elazığ Airport,medium_airport,TR,Elazığ,38.597974, 39.28348
OGU,Ordu–Giresun Airport,medium_airport,TR,Ordu,40.966872, 38.085995
DIY,Diyarbakır Airport,medium_airport,TR,Diyarbakır,37.893902, 40.201
ERC,Erzincan Airport,medium_airport,TR,Erzincan,39.7102012634, 39.527000427199994
ERZ,Erzurum International Airport,medium_airport,TR,Erzurum,39.956501, 41.1702
KSY,Kars Airport,medium_airport,TR,Kars,40.562198638916016, 43.1150016784668
TZX,Trabzon International Airport,medium_airport,TR,Trabzon,40.995098, 39.7897
VAN,Van Ferit Melen Airport,medium_airport,TR,Van,38.46820068359375, 43.332298278808594
BAL,Batman Airport,medium_airport,TR,Batman,37.929000854499996, 41.1166000366
MSR,Muş Airport,medium_airport,TR,Muş,38.747798919677734, 41.66120147705078
SXZ,Siirt Airport,medium_airport,TR,Siirt,37.97890090942383, 41.84040069580078
NOP,Sinop Airport,medium_airport,TR,Sinop,42.018313, 35.071774
KCM,Kahramanmaraş Airport,medium_airport,TR,Kahramanmaraş,37.5388259888, 36.9535217285
AJI,Ağrı Airport,medium_airport,TR,Ağrı,39.655642, 43.025742
ADF,Adıyaman Airport,medium_airport,TR,Adıyaman,37.7314, 38.468899
MQM,Mardin Airport,medium_airport,TR,Mardin,37.223300933800004, 40.6316986084
GNY,Şanlıurfa GAP Airport,medium_airport,TR,Şanlıurfa,37.445663, 38.895592
IGD,Iğdır Airport,medium_airport,TR,Iğdır,39.976627, 43.876648
NKT,Şırnak Şerafettin Elçi Airport,medium_airport,TR,Şırnak,37.3647, 42.0582
YKO,Hakkari Yüksekova Airport,medium_airport,TR,Hakkari,37.5497, 44.2381
HTY,Hatay Airport,medium_airport,TR,Antakya,36.362778, 36.282223
LTF,Leitre Airport,small_airport,PG,Leitre,-2.8337, 141.6257
ISE,Süleyman Demirel International Airport,medium_airport,TR,Isparta,37.8554, 30.368401
EDO,Balıkesir Koca Seyit Airport,medium_airport,TR,Edremit,39.5546, 27.0138
BJV,Milas Bodrum International Airport,large_airport,TR,Bodrum,37.25059890749999, 27.6643009186
GZP,Gazipaşa-Alanya Airport,medium_airport,TR,Gazipaşa,36.299217, 32.300598
SZF,Samsun-Çarşamba Airport,medium_airport,TR,Samsun,41.254501, 36.567101
SAW,Istanbul Sabiha Gökçen International Airport,large_airport,TR,"Pendik, Istanbul",40.898602, 29.3092
IST,İstanbul Airport,large_airport,TR,"Arnavutköy, Istanbul",41.261297, 28.741951
BZY,Bălți International Airport,medium_airport,MD,Bălți,47.837666, 27.781108
KIV,Chişinău International Airport,medium_airport,MD,Chişinău,46.92770004272461, 28.930999755859375
LWA,Lebak Rural Airport,small_airport,PH,Lebak,6.6739, 124.0581
OHD,Ohrid St. Paul the Apostle Airport,medium_airport,MK,Ohrid,41.18, 20.7423
SKP,Skopje International Airport,large_airport,MK,Skopje,41.961601, 21.621401
GIB,Gibraltar Airport,medium_airport,GI,Gibraltar,36.151199, -5.34966
BCQ,Brak Airport,medium_airport,LY,Brak,27.653, 14.272
DNF,Martuba Air Base,small_airport,LY,Martuba,32.542, 22.745001
MRA,Misrata International Airport,small_airport,LY,Misrata,32.325001, 15.061
QUB,Ubari Airport,small_airport,LY,Ubari,26.567499, 12.8231
UZC,Ponikve Airport,medium_airport,RS,Užice,43.898899, 19.697701
BEG,Belgrade Nikola Tesla Airport,large_airport,RS,Belgrade,44.818401, 20.309099
IVG,Berane Airport,small_airport,ME,Berane,42.8390007019043, 19.86199951171875
BJY,Batajnica Air Base,medium_airport,RS,Batajnica,44.935299, 20.2575
KVO,Morava Airport,medium_airport,RS,Kraljevo,43.818298, 20.5872
INI,Nis Airport,medium_airport,RS,Nis,43.337299, 21.853701
TGD,Podgorica Airport / Podgorica Golubovci Airbase,large_airport,ME,Podgorica,42.359402, 19.2519
TIV,Tivat Airport,medium_airport,ME,Tivat,42.404701232910156, 18.72330093383789
LZG,Langzhong Gucheng Airport,medium_airport,CN,Nanchong (Langzhong),31.50191, 106.034417
BTS,M. R. Štefánik Airport,large_airport,SK,Bratislava,48.17020034790039, 17.21269989013672
KSC,Košice Airport,medium_airport,SK,Košice,48.66310119628906, 21.241100311279297
LUE,Lučenec Airport,small_airport,SK,Lučenec,48.33940124511719, 19.73579978942871
PZY,Piešťany Airport,medium_airport,SK,Piešťany,48.62519836425781, 17.828399658203125
POV,Prešov Air Base,small_airport,SK,Prešov,49.02970123291, 21.315599441528
SLD,Sliač Airport,medium_airport,SK,Sliač,48.63779830932617, 19.13409996032715
TAT,Poprad-Tatry Airport,medium_airport,SK,Poprad,49.073601, 20.2411
ILZ,Žilina Airport,medium_airport,SK,Žilina,49.231499, 18.613501
DRU,Drummond Airport,small_airport,US,Drummond,46.621599, -113.201751
GLN,Guelmim Airport,small_airport,MA,Guelmim,29.026699, -10.0503
UWA,Ware Airport,small_airport,US,Ware,42.282001495361, -72.214797973633
MAP,Mamai Airport,small_airport,PG,Mamai,-10.290833333299998, 149.519166667
GDT,JAGS McCartney International Airport,medium_airport,TC,Cockburn Town,21.4445, -71.142303
MDS,Middle Caicos Airport,small_airport,TC,Middle Caicos,21.82602, -71.8025
NCA,North Caicos Airport,medium_airport,TC,North Caicos,21.916094, -71.942954
PIC,Pine Cay Airport,small_airport,TC,Pine Cay,21.874661, -72.090573
PLS,Providenciales International Airport,large_airport,TC,Providenciales,21.773697, -72.268321
XSC,South Caicos Airport,medium_airport,TC,South Caicos,21.515699, -71.528503
SLX,Salt Cay Airport,small_airport,TC,Salt Cay,21.333000183099998, -71.1999969482
BRX,Maria Montez International Airport,medium_airport,DO,Barahona,18.25149917602539, -71.12039947509766
CBJ,Cabo Rojo Airport,medium_airport,DO,Cabo Rojo,17.929000854492188, -71.6447982788086
AZS,Samaná El Catey International Airport,medium_airport,DO,Samana,19.269259, -69.737405
COZ,Constanza - Expedición 14 de Junio National Airport,small_airport,DO,Costanza,18.907499, -70.721901
JBQ,La Isabela International Airport,medium_airport,DO,La Isabela,18.572500228881836, -69.98560333251953
LRM,Casa De Campo International Airport,medium_airport,DO,La Romana,18.450700759887695, -68.91179656982422
PUJ,Punta Cana International Airport,large_airport,DO,Punta Cana,18.567399978599997, -68.36340332030001
POP,Gregorio Luperon International Airport,medium_airport,DO,Puerto Plata,19.75790023803711, -70.56999969482422
SDQ,Las Américas International Airport,large_airport,DO,Santo Domingo,18.42970085144, -69.668899536133
STI,Cibao International Airport,medium_airport,DO,Santiago,19.406099319458008, -70.60469818115234
MDV,Médouneu Airport,small_airport,GQ,"Médouneu, Gabon",1.0085, 10.7552
LIZ,Loring International Airport,small_airport,US,Limestone,46.950401, -67.885902
MEF,Melfi Airport,small_airport,TD,Melfi,11.060192, 17.944495
OHB,Ambohibary Airport,small_airport,MG,Moramanga,-18.9175, 48.2181944444
NKO,Ankokoambo Airport,small_airport,MG,Ankokoambo,-16.594919, 44.453654
DOA,Doany Airport,small_airport,MG,Doany,-14.3681001663208, 49.510799407958984
CBV,Coban Airport,medium_airport,GT,Coban,15.469, -90.4067
CMM,Carmelita Airport,small_airport,GT,Carmelita,17.461200714111328, -90.05370330810547
CTF,Coatepeque Airport,small_airport,GT,Coatepeque,14.694199562072754, -91.88249969482422
GUA,La Aurora Airport,large_airport,GT,Guatemala City,14.5833, -90.527496
HUG,Huehuetenango Airport,small_airport,GT,Huehuetenango,15.327400207519531, -91.46240234375
MGP,Manga Airport,small_airport,PG,Manga Mission,-4.147, 153.0186
PBR,Puerto Barrios Airport,medium_airport,GT,Puerto Barrios,15.7309, -88.583801
PON,Poptún Airport,small_airport,GT,Poptún,16.325799942017, -89.41609954834
AQB,Quiché Airport,small_airport,GT,Santa Cruz del Quiché,15.0122, -91.150597
AAZ,Quezaltenango Airport,small_airport,GT,Quezaltenango,14.8656, -91.501999
RUV,Rubelsanto Airport,medium_airport,GT,Rubelsanto,15.991999626159668, -90.44529724121094
LCF,Las Vegas Airport,small_airport,GT,Rio Dulce,15.668363, -88.961763
RER,Retalhuleu Airport,medium_airport,GT,Retalhuleu,14.521431, -91.697001
GSJ,San José Airport,medium_airport,GT,Puerto San José,13.936200141899999, -90.83580017090001
FRS,Mundo Maya International Airport,medium_airport,GT,San Benito,16.913799, -89.866402
AIM,Ailuk Airport,small_airport,MH,Ailuk Island,10.21679973602295, 169.98300170898438
AUL,Aur Island Airport,small_airport,MH,Aur Atoll,8.145279884338379, 171.17300415039062
BII,Enyu Airfield,small_airport,MH,Bikini Atoll,11.5225, 165.565002
EBN,Ebadon Airport,small_airport,MH,Ebadon Island,9.330559730529785, 166.82000732421875
JAT,Jabot Airport,small_airport,MH,Ailinglapalap Atoll,7.749775, 168.977838
JEJ,Jeh Airport,small_airport,MH,Ailinglapalap Atoll,7.565350055690001, 168.962005615
LIK,Likiep Airport,small_airport,MH,Likiep Island,9.82316, 169.307999
LML,Lae Island Airport,small_airport,MH,Lae Island,8.921110153198242, 166.26499938964844
MAV,Maloelap Island Airport,small_airport,MH,Maloelap Island,8.70444011688, 171.229995728
MJB,Mejit Atoll Airport,small_airport,MH,Mejit Atoll,10.283302, 170.869
MJE,Majkin Airport,small_airport,MH,Majkin,7.76291, 168.26576
NDK,Namorik Atoll Airport,small_airport,MH,Namorik Atoll,5.631669998168945, 168.125
RNP,Rongelap Island Airport,small_airport,MH,Rongelap Island,11.1572, 166.886993
TIC,Tinak Airport,small_airport,MH,Arno Atoll,7.13332986831665, 171.91700744628906
UIT,Jaluit Airport,small_airport,MH,Jabor Jaluit Atoll,5.90924, 169.636993
WJA,Woja Airport,small_airport,MH,Woja,7.45083333333, 168.55
WTE,Wotje Airport,small_airport,MH,Wotje,9.458333, 170.238611
WTO,Wotho Island Airport,small_airport,MH,Wotho Island,10.173299789428711, 166.0030059814453
AHS,Ahuas Airport,small_airport,HN,Ahuas,15.4722, -84.352203
BHG,Brus Laguna Airport,small_airport,HN,Brus Laguna,15.7631, -84.543602
CAA,Catacamas Airport,small_airport,HN,Catacamas,14.916999816894531, -85.9000015258789
LUI,Carta Airport,small_airport,HN,La Unión,15.033192, -86.692334
CYL,Coyoles Airport,small_airport,HN,Coyoles,15.445556, -86.675278
CDD,Cauquira Airport,small_airport,HN,Cauquira,15.316667, -83.591667
OAN,El Arrayán Airport,small_airport,HN,Olanchito,15.505556, -86.574722
GAC,Celaque Airport,small_airport,HN,Gracias,14.573492, -88.595801
IRN,Iriona Airport,small_airport,HN,Iriona,15.939167022700001, -85.13722229
GUO,Jicalapa Airport,small_airport,HN,Jicalapa,15.006111, -86.049164
JUT,Jutigalpa airport,small_airport,HN,Jutigalpa,14.652600288391113, -86.22029876708984
LCE,Goloson International Airport,medium_airport,HN,La Ceiba,15.7425, -86.852997
LEZ,La Esperanza Airport,small_airport,HN,La Esperanza,14.291111, -88.175003
SAP,Ramón Villeda Morales International Airport,medium_airport,HN,San Pedro Sula,15.4526, -87.923599
MHN,Hooker County Airport,small_airport,US,Mullen,42.042155, -101.059113
GJA,La Laguna Airport,medium_airport,HN,Guanaja,16.4454, -85.906601
PCH,Palacios Airport,small_airport,HN,Palacios,15.955, -84.941391
PEU,Puerto Lempira Airport,small_airport,HN,Puerto Lempira,15.2622, -83.781197
RTB,Juan Manuel Gálvez International Airport,medium_airport,HN,Coxen Hole,16.316799, -86.523003
RUY,Copán Ruinas Airport,small_airport,HN,Copán Ruinas,14.914885, -89.007837
XPL,Palmerola International Airport / José Enrique Soto Cano Air Base,medium_airport,HN,Palmerola,14.3824, -87.621201
TEA,Tela Airport,medium_airport,HN,Tela,15.7759, -87.4758
TGU,Toncontín International Airport,medium_airport,HN,Tegucigalpa,14.0609, -87.217201
TJI,Trujillo Airport,medium_airport,HN,Trujillo,15.926599, -85.938573
TCF,Tocoa Airport,small_airport,HN,Tocoa,15.659722, -85.994164
SCD,Sulaco Airport,small_airport,HN,Sulaco,14.90719985961914, -87.26339721679688
UII,Utila Airport,small_airport,HN,Utila Island,16.1131, -86.880302
MHY,Morehead Airport,small_airport,PG,Morehead,-8.71411111111, 141.644444444
ORO,Yoro Airport,small_airport,HN,Yoro,15.1275, -87.135
MIZ,Mainoru Airstrip,small_airport,AU,Mainoru,-14.0533, 134.0942
MJJ,Moki Airport,small_airport,PG,Moki,-5.7181, 145.2404
MJS,Maganja da Costa Airport,small_airport,MZ,Maganja,-17.3087, 37.5
OCJ,Ian Fleming International Airport,medium_airport,JM,Boscobel,18.404079, -76.969754
KIN,Norman Manley International Airport,large_airport,JM,Kingston,17.935699462890625, -76.7874984741211
MBJ,Sangster International Airport,medium_airport,JM,Montego Bay,18.503700256347656, -77.91339874267578
POT,Ken Jones Airport,medium_airport,JM,Ken Jones,18.1987991333, -76.53450012210001
MKN,Malekolon Airport,small_airport,PG,Babase Island,-4.02343055556, 153.657277778
NEG,Negril Airport,small_airport,JM,Negril,18.341712, -78.334164
KTP,Tinson Pen Airport,medium_airport,JM,Tinson Pen,17.98859977722168, -76.82379913330078
MIJ,Mili Island Airport,small_airport,MH,Mili Island,6.08333, 171.733002
MLQ,Malalaua Airport,small_airport,PG,Malalaua,-8.07138888889, 146.155472222
HEB,Hinthada Airport,small_airport,MM,Hinthada,17.633329391500002, 95.4666976929
HEH,Heho Airport,small_airport,MM,Kalaw Township,20.74714, 96.792029
TZM,Cupul Airport,small_airport,MX,Tizimin,21.155716, -88.172918
ACA,Aeropuerto Internacional Juan N. Álvarez,large_airport,MX,Ciudad de Acapulco,16.762118, -99.755473
NTR,Del Norte International Airport,medium_airport,MX,Monterrey,25.865601, -100.237
AGU,Governor Jesús Terán Peredo International Airport,medium_airport,MX,Aguascalientes,21.699589, -102.318372
HUX,Bahías de Huatulco International Airport,medium_airport,MX,Huatulco,15.775611, -96.26079
CNA,Cananea National Airport,small_airport,MX,Cananea,31.06615, -110.097878
CVJ,Cuernavaca - General Mariano Matamoros Airport,medium_airport,MX,Temixco,18.834801, -99.261299
ACN,Ciudad Acuña New International Airport,small_airport,MX,Ciudad Acuña,29.333662, -101.100555
CME,Ciudad del Carmen International Airport,medium_airport,MX,Ciudad del Carmen,18.65369987487793, -91.79900360107422
NCG,Nuevo Casas Grandes Municipal Airport,small_airport,MX,Nuevo Casas Grandes,30.3974, -107.875
CUL,Bachigualato Federal International Airport,medium_airport,MX,Culiacán,24.76504, -107.475228
CTM,Chetumal International Airport,medium_airport,MX,Chetumal,18.50469970703125, -88.32679748535156
CEN,Ciudad Obregón International Airport,medium_airport,MX,Ciudad Obregón,27.39259910583496, -109.83300018310547
CJT,San Antonio Copalar Airport,small_airport,MX,Comitán,16.176701, -92.050598
CPE,Ingeniero Alberto Acuña Ongay International Airport,medium_airport,MX,Campeche,19.816799163800003, -90.5002975464
CJS,Abraham González International Airport,medium_airport,MX,Ciudad Juárez,31.63610076904297, -106.42900085449219
CZA,Chichen Itza International Airport,medium_airport,MX,Chichen Itza,20.6413002014, -88.4461975098
CUU,General Roberto Fierro Villalobos International Airport,medium_airport,MX,Chihuahua,28.702899932900003, -105.964996338
CVM,General Pedro Jose Mendez International Airport,medium_airport,MX,Ciudad Victoria,23.7033004761, -98.9564971924
CYW,Captain Rogelio Castillo National Airport,medium_airport,MX,Celaya,20.546, -100.887001
CZM,Aeropuerto Internacional de Cozumel,large_airport,MX,Ciudad de Cozumel,20.511425, -86.930287
CUA,Ciudad Constitución National Airport,medium_airport,MX,Comondú,25.053801, -111.614998
MMC,Ciudad Mante National Airport,small_airport,MX,Ciudad Mante,22.743177, -99.017372
DGO,"Aeropuerto Internacional Gral, Guadalupe Victoria",large_airport,MX,Ciudad de Durango,24.125908, -104.533904
TPQ,Amado Nervo National Airport,medium_airport,MX,Tepic,21.419833, -104.842472
ESE,Ensenada International Airport / El Cipres Air Base,small_airport,MX,Ensenada,31.7953, -116.602997
GDL,Aeropuerto Internacional Miguel Hidalgo,large_airport,MX,Ciudad de Tlajomulco de Zúñiga,20.52504, -103.301557
GYM,General José María Yáñez International Airport,medium_airport,MX,Guaymas,27.9689998626709, -110.92500305175781
GUB,Guerrero Negro Airport,small_airport,MX,San Quintín,28.0261, -114.024002
TCN,Tehuacan Airport,small_airport,MX,,18.49720001220703, -97.4198989868164
HMO,General Ignacio P. Garcia International Airport,large_airport,MX,Hermosillo,29.095899581900003, -111.047996521
CLQ,Licenciado Miguel de la Madrid Airport,medium_airport,MX,Colima,19.277, -103.577002
ISJ,Isla Mujeres Airport,small_airport,MX,Isla Mujeres,21.245962, -86.740365
SLW,Plan De Guadalupe International Airport,medium_airport,MX,Saltillo,25.54949951171875, -100.92900085449219
IZT,Ixtepec Airport,medium_airport,MX,Ixtepec,16.449301, -95.093697
JAL,El Lencero Airport,medium_airport,MX,Xalapa,19.4750995636, -96.7975006104
AZP,Aeropuerto Nacional Jorge Jiménez Cantú,small_airport,MX,Atizapán de Zaragoza,19.574155, -99.291183
LZC,Lázaro Cárdenas Airport,medium_airport,MX,Lázaro Cárdenas,18.0016994476, -102.221000671
LMM,Valle del Fuerte International Airport,medium_airport,MX,Los Mochis,25.685447, -109.081055
BJX,Aeropuerto Internacional Del Bajío,large_airport,MX,Ciudad de Silao,20.985813, -101.478825
LAP,Manuel Márquez de León International Airport,medium_airport,MX,La Paz,24.072700500499998, -110.361999512
LTO,Loreto International Airport,medium_airport,MX,Loreto,25.989200592041016, -111.3479995727539
MAM,General Servando Canales International Airport,medium_airport,MX,Matamoros,25.7698993683, -97.5252990723
MID,Aeropuerto Internacional Manuel Crescencio Rejón,large_airport,MX,Ciudad de Mérida,20.933384, -89.662621
MUG,Mulege Airport,small_airport,MX,Mulege,26.905347, -111.970725
MXL,General Rodolfo Sánchez Taboada International Airport,medium_airport,MX,Mexicali,32.6306, -115.241997
MLM,General Francisco J. Mujica International Airport,medium_airport,MX,Morelia,19.849899, -101.025002
MTT,Minatitlán/Coatzacoalcos International Airport,medium_airport,MX,Cosoleacaque,18.103399, -94.580704
LOV,Monclova International Airport,medium_airport,MX,,26.9557, -101.470001
MEX,Aeropuerto Internacional Lic. Benito Juárez,large_airport,MX,Ciudad de México,19.435433, -99.082432
MTY,Aeropuerto Internacional Gral. Mariano Escobedo,large_airport,MX,Ciudad de Apodaca,25.778561, -100.113602
MZT,Aeropuerto Internacional Gral. Rafael Buelna,large_airport,MX,Ciudad de Mazatlàn,23.166689, -106.270151
NOG,Nogales International Airport,small_airport,MX,Nogales,31.225756, -110.976934
NLD,Quetzalcóatl International Airport,medium_airport,MX,Nuevo Laredo,27.443899, -99.570503
OAX,Xoxocotlán International Airport,medium_airport,MX,Oaxaca,16.9999008179, -96.726600647
PAZ,El Tajín National Airport,medium_airport,MX,Poza Rica,20.6026992798, -97.46080017090001
PBC,Hermanos Serdán International Airport,medium_airport,MX,Puebla,19.1581001282, -98.3713989258
PDS,Piedras Negras International Airport,medium_airport,MX,Piedras Negras,28.627873, -100.53524
PCO,Punta Colorada Airport,small_airport,MX,La Ribera,23.575011, -109.535826
UPN,Uruapan - Licenciado y General Ignacio Lopez Rayon International Airport,medium_airport,MX,Uruapan,19.3967, -102.039001
PQM,Palenque International Airport,small_airport,MX,Palenque,17.533153, -92.015484
PVR,Aeropuerto Internacional Lic. Gustavo Díaz Ordaz,large_airport,MX,Ciudad de Puerto Vallarta,20.679746, -105.246685
PXM,Puerto Escondido International Airport,medium_airport,MX,Puerto Escondido,15.8769, -97.089103
QRO,Querétaro Intercontinental Airport,medium_airport,MX,Querétaro,20.6173, -100.185997
REX,General Lucio Blanco International Airport,medium_airport,MX,Reynosa,26.0089, -98.2285
SJD,Aeropuerto Internacional de Los Cabos,large_airport,MX,Ciudad de San José del Cabo,23.15642, -109.716811
SFH,San Felipe International Airport,small_airport,MX,Mexicali,30.929912, -114.808388
CSL,Cabo San Lucas International Airport,medium_airport,MX,Cabo San Lucas,22.948211, -109.938155
NLU,General Felipe Ángeles International Airport,large_airport,MX,Mexico City,19.7458, -99.0145
SLP,Ponciano Arriaga International Airport,medium_airport,MX,San Luis Potosí,22.254299163800003, -100.930999756
TRC,Francisco Sarabia Tinoco International Airport,medium_airport,MX,Torreón,25.5683, -103.411003
TGZ,Angel Albino Corzo International Airport,medium_airport,MX,Tuxtla Gutiérrez,16.5636005402, -93.02249908450001
TIJ,Aeropuerto Internacional Gral. Abelardo Rodriguez,large_airport,MX,Ciudad de Tijuana,32.545963, -116.975856
TAM,General Francisco Javier Mina International Airport,medium_airport,MX,Tampico,22.2964000702, -97.8658981323
TSL,Tamuin Airport,small_airport,MX,Tamuin,22.0383, -98.806502
TLC,Aeropuerto Internacional Adolfo López Mateos,large_airport,MX,Ciudad de Toluca,19.338196, -99.570358
TAP,Tapachula International Airport,medium_airport,MX,Tapachula,14.7943000793, -92.3700027466
CUN,Aeropuerto Internacional de Cancún,large_airport,MX,Ciudad de Cancún,21.039444, -86.874304
MMV,Mal Airport,small_airport,PG,Mal Island,-1.39139, 144.17131
VSA,Carlos Rovirosa Pérez International Airport,medium_airport,MX,Villahermosa,17.996999740600586, -92.81739807128906
VER,General Heriberto Jara International Airport,medium_airport,MX,Veracruz,19.1459007263, -96.1873016357
ZCL,General Leobardo C. Ruiz International Airport,medium_airport,MX,Zacatecas,22.8971004486, -102.68699646
ZIH,Ixtapa Zihuatanejo International Airport,medium_airport,MX,Ixtapa,17.601601, -101.460999
ZMM,Zamora Airport,small_airport,MX,,20.045, -102.276001
ZLO,Playa De Oro International Airport,medium_airport,MX,Manzanillo,19.1448, -104.558998
MXW,Mandalgobi Airport,small_airport,MN,Mandalgobi,45.7380981445, 106.268997192
BEF,Bluefields Airport,medium_airport,NI,Bluefileds,11.991, -83.774101
BZA,San Pedro Airport,small_airport,NI,Bonanza,14.031524, -84.624311
ECI,Costa Esmeralda Airport,small_airport,NI,Tola,11.427542, -86.033361
RNI,Corn Island Airport,small_airport,NI,Corn Island,12.174785, -83.059445
MGA,Augusto C. Sandino (Managua) International Airport,medium_airport,NI,Managua,12.141500473022461, -86.16819763183594
PUZ,Puerto Cabezas Airport,medium_airport,NI,Puerto Cabezas,14.047200202941895, -83.38670349121094
RFS,Rosita Airport,small_airport,NI,La Rosita,13.889699935913086, -84.40889739990234
NCR,San Carlos Airport,small_airport,NI,San Carlos,11.13556, -84.768727
SIU,Siuna,small_airport,NI,Siuna,13.727222442626953, -84.77777862548828
WSP,Waspam Airport,small_airport,NI,Waspam,14.7391996383667, -83.96939849853516
MOH,Maleo Airport,small_airport,ID,Morowali,-2.203333, 121.660278
MOS,Moses Point Airport,small_airport,US,Elim,64.694116, -162.060699
BOC,Bocas del Toro International Airport,medium_airport,PA,Isla Colón,9.34085, -82.250801
CTD,Alonso Valderrama Airport,medium_airport,PA,Chitré,7.98784, -80.409837
CHX,Changuinola Captain Manuel Niño International Airport,medium_airport,PA,Changuinola,9.458962, -82.515062
DAV,Enrique Malek International Airport,medium_airport,PA,David,8.391, -82.434998
ONX,Enrique Adolfo Jimenez Airport,medium_airport,PA,Colón,9.356639862060547, -79.86740112304688
MPG,Makini Airport,small_airport,PG,Makini,-6.532222222220001, 147.651166667
BLB,Panamá Pacífico International Airport,small_airport,PA,Panamá City,8.91479, -79.599602
MPI,Mamitupu Airport,small_airport,PA,Mamitupu,9.1851, -77.9841
JQE,Jaqué Airport,small_airport,PA,Jaqué,7.51778, -78.157204
PAC,Marcos A. Gelabert International Airport,medium_airport,PA,Albrook,8.973340034484863, -79.55560302734375
PUE,Puerto Obaldía Airport,small_airport,PA,Puerto Obaldía,8.668639, -77.417393
PDM,Capt. J. Montenegro Airport,small_airport,PA,Pedasí,7.534801, -80.043347
RIH,Scarlett Martinez International Airport,small_airport,PA,Río Hato,8.375880241394, -80.127899169922
SYP,Ruben Cantu Airport,medium_airport,PA,Santiago,8.085599899291992, -80.94529724121094
PTY,Tocumen International Airport,large_airport,PA,Tocumen,9.0713596344, -79.3834991455
MPU,Mapua(Mabua) Airport,small_airport,PG,Tatau Island,-2.81138888889, 151.991111111
PVE,El Porvenir Airport,small_airport,PA,El Porvenir,9.559212, -78.946631
NBL,San Blas Airport,small_airport,PA,Warsobtugua,9.452863, -78.978917
MPX,Miyanmin Airport,small_airport,PG,Miyanmin,-4.903055555560001, 141.620833333
MQO,Malam Airport,small_airport,PG,Malam,-8.70916666667, 142.649722222
FON,La Fortuna Arenal Airport,small_airport,CR,La Fortuna,10.469311, -84.579073
TTQ,Aerotortuguero Airport,medium_airport,CR,Roxana,10.42, -83.6095
BAI,Buenos Aires Airport,medium_airport,CR,Punta Arenas,9.163949, -83.330171
BCL,Barra del Colorado Airport,medium_airport,CR,Pococi,10.768699645996094, -83.58560180664062
OTR,Coto 47 Airport,medium_airport,CR,Corredores,8.60155963897705, -82.96859741210938
JAP,Chacarita Airport,small_airport,CR,Puntarenas,9.98141002655, -84.7726974487
PLD,Playa Samara/Carrillo Airport,small_airport,CR,Carrillo,9.8705101013184, -85.481399536133
DRK,Drake Bay Airport,small_airport,CR,Puntarenas,8.71889019012, -83.6417007446
FMG,Flamingo Airport,small_airport,CR,Brasilito,10.418600082397461, -85.78269958496094
GLF,Golfito Airport,medium_airport,CR,Golfito,8.654009819030762, -83.18219757080078
GPL,Guapiles Airport,medium_airport,CR,Pococi,10.2172002792, -83.79699707030001
PBP,Islita Airport,small_airport,CR,Nandayure,9.856109619140625, -85.37079620361328
LIR,Guanacaste Airport,large_airport,CR,Liberia,10.5933, -85.544403
LSL,Los Chiles Airport,medium_airport,CR,Los Chiles,11.035300254821777, -84.70610046386719
LIO,Limon International Airport,medium_airport,CR,Puerto Limon,9.95796012878418, -83.02200317382812
CSC,Mojica Airport,small_airport,CR,Cañas,10.4307003021, -85.17459869380001
NCT,Guanacaste Airport,small_airport,CR,Nicoya/Guanacate,10.139399528503418, -85.44580078125
NOB,Nosara Airport,medium_airport,CR,Nicoya,9.976490020750001, -85.65299987790002
SJO,Juan Santamaría International Airport,medium_airport,CR,San José (Alajuela),9.99386, -84.208801
PJM,Puerto Jimenez Airport,medium_airport,CR,Puerto Jimenez,8.533329963684082, -83.30000305175781
PMZ,Palmar Sur Airport,medium_airport,CR,Palmar Sur,8.95103, -83.468597
SYQ,Tobías Bolaños International Airport,medium_airport,CR,San Jose,9.95705, -84.139801
XQP,Quepos Managua Airport,medium_airport,CR,Quepos,9.443160057067871, -84.12979888916016
RFR,Rio Frio / Progreso Airport,small_airport,CR,Rio Frio / Progreso,10.327400207519531, -83.88760375976562
IPZ,San Isidro del General Airport,small_airport,CR,Pérez Zeledón,9.35262, -83.713097
TOO,San Vito De Java Airport,medium_airport,CR,Coto Brus,8.826109886169434, -82.95890045166016
MRT,Moroak Airport,small_airport,AU,Moroak,-14.818133, 133.700594
TNO,Tamarindo Airport,small_airport,CR,Tamarindo,10.313500404358, -85.815498352051
TMU,Tambor Airport,small_airport,CR,Nicoya,9.739307, -85.016199
UPL,Upala Airport,medium_airport,CR,Upala,10.8922, -85.016197
MSB,Marigot Seaplane Base,seaplane_base,MF,Saint Martin,18.0696, -63.087
SAL,Monseñor Óscar Arnulfo Romero International Airport,large_airport,SV,San Salvador (San Luis Talpa),13.4409, -89.055702
ILS,Ilopango International Airport,medium_airport,SV,San Salvador,13.6995, -89.119904
CYA,Les Cayes Airport,medium_airport,HT,Les Cayes,18.271099090576172, -73.78829956054688
CAP,Cap Haitien International Airport,medium_airport,HT,Cap Haitien,19.726734, -72.199576
MTX,Metro Field,small_airport,US,Fairbanks,64.80680084229999, -147.761993408
JAK,Jacmel Airport,medium_airport,HT,Jacmel,18.241100311279297, -72.51850128173828
JEE,Jérémie Airport,medium_airport,HT,Jeremie,18.66309928894043, -74.17030334472656
PAP,Toussaint Louverture International Airport,large_airport,HT,Port-au-Prince,18.58, -72.292503
PAX,Port-de-Paix Airport,medium_airport,HT,Port-de-Paix,19.934045, -72.84801
MTU,Montepuez Airport,small_airport,MZ,Montepuez,-13.121899604797363, 39.052799224853516
BCA,Gustavo Rizo Airport,medium_airport,CU,Baracoa,20.365299224853516, -74.5062026977539
BWW,Las Brujas Airport,small_airport,CU,Cayo Santa Maria,22.6213, -79.147202
BYM,Carlos Manuel de Cespedes Airport,medium_airport,CU,Bayamo,20.3964, -76.621399
AVI,Maximo Gomez Airport,medium_airport,CU,Ciego de Avila,22.027099609375, -78.78959655761719
CCC,Jardines Del Rey Airport,medium_airport,CU,Cayo Coco,22.461000442499998, -78.32839965820001
CFG,Jaime Gonzalez Airport,medium_airport,CU,Cienfuegos,22.149999618530273, -80.41419982910156
CYO,Vilo Acuña International Airport,medium_airport,CU,Cayo Largo del Sur,21.6165008545, -81.5459976196
CMW,Ignacio Agramonte International Airport,medium_airport,CU,Camaguey,21.420299530029297, -77.84750366210938
SCU,Antonio Maceo International Airport,medium_airport,CU,Santiago,19.96980094909668, -75.83540344238281
NBW,Leeward Point Field,medium_airport,CU,Guantanamo Bay Naval Station,19.9065, -75.2071
GAO,Mariana Grajales Airport,medium_airport,CU,Guantánamo,20.08530044555664, -75.1583023071289
HAV,José Martí International Airport,large_airport,CU,Havana,22.989200592041016, -82.40910339355469
HOG,Frank Pais International Airport,medium_airport,CU,Holguin,20.785600662231445, -76.31510162353516
VRO,Kawama Airport,medium_airport,CU,Santa Marta,23.124001, -81.301598
LCL,La Coloma Airport,medium_airport,CU,Pinar del Rio,22.3361, -83.641899
UMA,Alfredo Noa Díaz Airport,small_airport,CU,Maisí,20.242374, -74.148268
MJG,Mayajigua Airport,small_airport,CU,Mayajigua,22.23080062866211, -79.06220245361328
MOA,Orestes Acosta Airport,medium_airport,CU,Moa,20.653900146484375, -74.92220306396484
MZO,Sierra Maestra International Airport,medium_airport,CU,Manzanillo,20.288605, -77.087545
ICR,Nicaro Airport,small_airport,CU,Nicaro,20.688600540161133, -75.53150177001953
GER,Rafael Cabrera Airport,medium_airport,CU,Nueva Gerona,21.834699630737305, -82.78379821777344
UPB,Playa Baracoa Airport,medium_airport,CU,Havana,23.032800674399997, -82.5793991089
SNU,Abel Santamaria Airport,medium_airport,CU,Santa Clara,22.49220085144043, -79.943603515625
SNJ,San Julián Air Base,medium_airport,CU,Sandino,22.100525, -84.157376
SZJ,Siguanea Airport,medium_airport,CU,Isla de la Juventud,21.642499923706055, -82.9551010131836
USS,Sancti Spiritus Airport,small_airport,CU,Sancti Spiritus,21.9704, -79.442703
TND,Alberto Delgado Airport,medium_airport,CU,Trinidad,21.788299560546875, -79.99720001220703
VRA,Juan Gualberto Gomez International Airport,large_airport,CU,Matanzas,23.034401, -81.435303
VTU,Hermanos Ameijeiras Airport,medium_airport,CU,Las Tunas,20.987600326538086, -76.93579864501953
FMT,Faresmaathoda Airport,small_airport,MV,Faresmaathodaa,0.192647, 73.196755
CYB,Charles Kirkconnell International Airport,medium_airport,KY,West End,19.687, -79.882797
LYB,Edward Bodden Little Cayman Airfield,medium_airport,KY,Blossom Village,19.660161, -80.088826
GCM,Owen Roberts International Airport,large_airport,KY,George Town,19.292801, -81.357697
MWR,Motswari Airport,small_airport,ZA,Motswari Private Game Reserve,-24.1903, 31.3864
MWU,Mussau Airport,small_airport,PG,Mussau Island,-1.45, 149.7
AJS,Punta Abreojos Airport,small_airport,MX,Mulegé,26.7272, -113.558998
AZG,Apatzingán - Pablo L. Sidar Airport,small_airport,MX,Apatzingán,19.093399, -102.393997
PCM,Playa del Carmen Airport,small_airport,MX,Solidaridad,20.622499465942, -87.08219909668
PCV,Punta Chivato Airport,small_airport,MX,Mulegé,27.069201, -111.961998
SCX,Salina Cruz Naval Air Station,small_airport,MX,Salina Cruz,16.212600708, -95.20159912110002
SGM,San Ignacio Airport,small_airport,MX,Mulegé,27.2966, -112.938004
TUY,Tulum Naval Air Station,small_airport,MX,Tulum,20.227301, -87.438203
UAC,San Luis Río Colorado Airport,small_airport,MX,San Luis Río Colorado,32.445301, -114.797997
XAL,Álamos Airport,small_airport,MX,Álamos,27.035701, -108.947998
MXC,Monticello Airport,small_airport,US,Monticello,37.93243, -109.341225
MXK,Mindik Airport,small_airport,PG,Mindik,-6.47166666667, 147.441138889
GTK,Sungai Tekai Airport,small_airport,MY,Sungai Tekai,2.64118, 102.89297
LBP,Long Banga Airport,small_airport,MY,Long Banga,3.202138, 115.401811
LLM,Long Lama Airport,small_airport,MY,Long Lama,3.766669988632202, 114.46666717529297
MZS,Mostyn Airport,small_airport,MY,Mostyn,4.616666793823242, 118.1500015258789
SPT,Sipitang Airport,small_airport,MY,Sipitang,5.0833330154418945, 115.55000305175781
MAY,Clarence A. Bain Airport,medium_airport,BS,Mangrove Cay,24.287701, -77.684601
ASD,Andros Town Airport,medium_airport,BS,,24.697900772094727, -77.79560089111328
TZN,Congo Town Airport,medium_airport,BS,Andros,24.158701, -77.589798
MHH,Leonard M Thompson International Airport,medium_airport,BS,Marsh Harbour,26.510711, -77.084262
SAQ,San Andros Airport,medium_airport,BS,Andros Island,25.053800582885742, -78.04900360107422
AXP,Spring Point Airport,medium_airport,BS,Spring Point,22.441799163800003, -73.97090148930002
TCB,Treasure Cay Airport,medium_airport,BS,Treasure Cay,26.745300293, -77.3912963867
WKR,Walkers Cay Airport,small_airport,BS,Walkers Cay,27.259656, -78.400455
CCZ,Chub Cay Airport,medium_airport,BS,,25.41710090637207, -77.88089752197266
GHC,Great Harbour Cay Airport,medium_airport,BS,Bullocks Harbour,25.7383, -77.840103
BIM,South Bimini Airport,medium_airport,BS,South Bimini,25.6998996735, -79.2647018433
ATC,Arthur's Town Airport,medium_airport,BS,Arthur's Town,24.6294, -75.673797
TBI,New Bight Airport,medium_airport,BS,Cat Island,24.3153, -75.452301
CXY,Cat Cay Airport,small_airport,BS,North Cat Cay,25.554425, -79.275404
CRI,Colonel Hill Airport,medium_airport,BS,Colonel Hill,22.7456, -74.182404
PWN,Pitts Town Airport,small_airport,BS,Pitts Town,22.8297, -74.3461
GGT,Exuma International Airport,medium_airport,BS,Moss Town,23.562599, -75.877998
ELH,North Eleuthera Airport,medium_airport,BS,North Eleuthera,25.474899292, -76.6835021973
GHB,Governor's Harbour Airport,medium_airport,BS,Governor's Harbour,25.2847, -76.331001
NMC,Normans Cay Airport,medium_airport,BS,Normans Cay,24.594299, -76.820198
RSD,Rock Sound Airport,medium_airport,BS,Rock Sound,24.8950787333, -76.1768817902
TYM,Staniel Cay Airport,medium_airport,BS,,24.169099807739258, -76.43910217285156
FPO,Grand Bahama International Airport,medium_airport,BS,Freeport,26.5587005615, -78.695602417
WTD,West End Airport,small_airport,BS,West End,26.685301, -78.974998
IGA,Inagua Airport,medium_airport,BS,Matthew Town,20.975000381469727, -73.66690063476562
MYK,May Creek Airport,small_airport,US,May Creek,61.3357009888, -142.68699646
LGI,Deadman's Cay Airport,medium_airport,BS,Deadman's Cay,23.1790008545, -75.09359741210001
SML,Stella Maris Airport,medium_airport,BS,Stella Maris,23.582317, -75.268621
MYG,Mayaguana Airport,medium_airport,BS,Abrahams Bay,22.379499, -73.013494
NAS,Lynden Pindling International Airport,large_airport,BS,Nassau,25.039, -77.466202
DCT,Duncan Town Airport,medium_airport,BS,,22.181800842285156, -75.72949981689453
RCY,Rum Cay Airport,small_airport,BS,,23.68440055847168, -74.83619689941406
MYS,Moyale Airport,small_airport,ET,Moyale,3.5623, 39.0433
ZSA,San Salvador Airport,medium_airport,BS,San Salvador,24.063299, -74.524002
MYX,Menyamya Airport,small_airport,PG,Menyamya,-7.21166666667, 146.019361111
NTC,Paradise Island Airport,small_airport,MZ,Santa Carolina,-21.614999771118, 35.338001251221
IBO,Ibo Airport,small_airport,MZ,Ibo,-12.350174, 40.602297
TGS,Chokwé Airport,small_airport,MZ,Chokwé,-24.520599365234375, 32.965301513671875
BZE,Philip S. W. Goldson International Airport,large_airport,BZ,Belize City,17.539951, -88.303556
MZE,Manatee Airport,small_airport,BZ,,17.27846, -89.0238
CYD,San Ignacio Town (Maya Flats) Airstrip,small_airport,BZ,Maya Flats,17.104872, -89.101129
IMI,Ine Airport,small_airport,MH,Arno Atoll,7.005553, 171.656959
BQI,Bagani Airport,small_airport,NA,Bagani,-18.11848, 21.623296
NBS,Changbaishan Airport,medium_airport,CN,Baishan,42.066944, 127.602222
AIT,Aitutaki Airport,small_airport,CK,Aitutaki,-18.8309, -159.764008
AIU,Enua Airport,small_airport,CK,Atiu Island,-19.96780014038086, -158.11900329589844
MGS,Mangaia Island Airport,small_airport,CK,Mangaia Island,-21.895986557006836, -157.9066619873047
MHX,Manihiki Island Airport,small_airport,CK,Manihiki Island,-10.376700401306152, -161.0019989013672
MUK,Mauke Airport,small_airport,CK,Mauke Island,-20.13610076904297, -157.34500122070312
MOI,Mitiaro Island Airport,small_airport,CK,Mitiaro Island,-19.842501, -157.703003
PZK,Pukapuka Island Airport,small_airport,CK,Pukapuka Atoll,-10.9145, -165.8393
PYE,Tongareva Airport,small_airport,CK,Penrhyn Island,-9.01436996459961, -158.03240966796875
RAR,Rarotonga International Airport,medium_airport,CK,Avarua,-21.2027, -159.806
NDI,Namudi Airport,small_airport,PG,Namudi,-9.47375, 148.329416667
NDN,Nadunumu Airport,small_airport,PG,Nadunumu,-9.14355555556, 147.68425
EPG,Browns Airport,small_airport,US,Weeping Water,40.8675003052, -96.1100006104
ICI,Cicia Airport,small_airport,FJ,Cicia,-17.7432994843, -179.341995239
CST,Castaway Island Seaplane Base,seaplane_base,FJ,Castaway Island,-17.7358, 177.129
NAN,Nadi International Airport,medium_airport,FJ,Nadi,-17.755399703979492, 177.4429931640625
PTF,Malolo Lailai Island Airport,small_airport,FJ,Malolo Lailai Island,-17.778448, 177.196996
RBI,Rabi Island Airport,small_airport,FJ,Rabi Island,-16.5337, 179.9757
KDV,Vunisea Airport,small_airport,FJ,Vunisea,-19.058099746699998, 178.156997681
MNF,Mana Island Airport,small_airport,FJ,Mana Island,-17.672844, 177.0985
MFJ,Moala Airport,small_airport,FJ,Moala,-18.566699981699998, 179.951004028
SUV,Nausori International Airport,medium_airport,FJ,Nausori,-18.04330062866211, 178.5590057373047
LEV,Levuka Airfield,small_airport,FJ,Bureta,-17.7110996246, 178.759002686
NGI,Ngau Airport,small_airport,FJ,Ngau,-18.115600585899998, 179.339996338
LUC,Laucala Island Airport,small_airport,FJ,Laucala Island,-16.74810028076172, -179.66700744628906
LKB,Lakeba Island Airport,small_airport,FJ,Lakeba Island,-18.1991996765, -178.817001343
LBS,Labasa Airport,medium_airport,FJ,Labasa,-16.4667, 179.339996
TVU,Matei Airport,small_airport,FJ,Matei,-16.690599, -179.876999
KXF,Koro Island Airport,small_airport,FJ,Koro Island,-17.3458003998, 179.42199707
RTA,Rotuma Airport,small_airport,FJ,Rotuma,-12.482500076293945, 177.0709991455078
SVU,Savusavu Airport,small_airport,FJ,Savusavu,-16.803394, 179.340587
KAY,Wakaya Island Airport,small_airport,FJ,Wakaya Island,-17.617000579833984, 179.01699829101562
ONU,Ono-i-Lau Airport,small_airport,FJ,Ono-i-Lau,-20.6589, -178.7411
YAS,Yasawa Island Airport,small_airport,FJ,Yasawa Island,-16.7589, 177.544998
EUA,Kaufana Airport,small_airport,TO,Eua Island,-21.378299713100002, -174.957992554
TBU,Fua'amotu International Airport,medium_airport,TO,Nuku'alofa,-21.241199493408203, -175.14999389648438
HPA,Lifuka Island Airport,medium_airport,TO,Lifuka,-19.777000427246094, -174.34100341796875
NFO,Mata'aho Airport,small_airport,TO,"Angaha, Niuafo'ou Island",-15.5708, -175.632996
NTT,Kuini Lavenia Airport,small_airport,TO,Niuatoputapu,-15.977297, -173.791089
VAV,Vava'u International Airport,medium_airport,TO,Vava'u Island,-18.58530044555664, -173.96200561523438
TTL,Turtle Island Seaplane Base,seaplane_base,FJ,Nanuya Levu Island,-16.966, 177.368
VBV,Vanua Balavu Airport,small_airport,FJ,Vanua Balavu,-17.268999099731445, -178.9759979248047
VTF,Vatulele Airport,small_airport,FJ,Vatulele,-18.512500762939453, 177.63900756835938
GMO,Gombe Lawanti International Airport,medium_airport,NG,Gombe,10.298889, 10.9
PHG,Port Harcourt City Airport / Port Harcourt Air Force Base,small_airport,NG,Port Harcourt,4.846111, 7.021389
QRW,Warri Airport,medium_airport,NG,Warri,5.59611, 5.81778
ABF,Abaiang Airport,small_airport,KI,Abaiang,1.79861, 173.041
BEZ,Beru Airport,small_airport,KI,Beru,-1.3547199964523315, 176.0070037841797
FUN,Funafuti International Airport,medium_airport,TV,Funafuti,-8.525, 179.195999
KUC,Kuria Airport,small_airport,KI,Kuria,0.2186110019683838, 173.44200134277344
MNK,Maiana Airport,small_airport,KI,Maiana,1.0036100149154663, 173.031005859375
MZK,Marakei Airport,small_airport,KI,Marakei,2.058609962463379, 173.27099609375
MTK,Makin Island Airport,small_airport,KI,Makin Island,3.3744399547576904, 172.99200439453125
NIG,Nikunau Airport,small_airport,KI,Nikunau,-1.31444001198, 176.410003662
OOT,Onotoa Airport,small_airport,KI,Onotoa,-1.7961100339889526, 175.5260009765625
TRW,Bonriki International Airport,medium_airport,KI,Tarawa,1.38164, 173.147003
AEA,Abemama Airport,small_airport,KI,Abemama,0.490759, 173.830287
TBF,Tabiteuea North Airport,medium_airport,KI,,-1.2244700193405151, 174.7760009765625
TMN,Tamana Island Airport,small_airport,KI,Tamana Island,-2.485830068588257, 175.97000122070312
NON,Nonouti Airport,small_airport,KI,Nonouti,-0.6397219896316528, 174.42799377441406
AIS,Arorae Island Airport,small_airport,KI,Arorae Island,-2.61611008644104, 176.80299377441406
TSU,Tabiteuea South Airport,small_airport,KI,Tabiteuea South,-1.4744399785995483, 175.06399536132812
BBG,Butaritari Airport,small_airport,KI,Butaritari,3.08583, 172.811005
AAK,Aranuka Airport,small_airport,KI,Buariki,0.185278, 173.636993
NIK,Niokolo-Koba Airport,small_airport,SN,Niokolo-Koba National Park,13.052014, -12.727162
IUE,Niue International Airport,medium_airport,NU,Alofi,-19.079030990600586, -169.92559814453125
NJJ,Nenjiang Melgen Airport,small_airport,CN,Heihe,49.236372, 125.337052
NKD,Sinak Airport,small_airport,ID,Sinak,-3.822249, 137.839208
NLH,Ninglang Luguhu Airport,medium_airport,CN,Ninglang,27.5403, 100.7593
FUT,Pointe Vele Airport,medium_airport,WF,Futuna Island,-14.3114004135, -178.065994263
WLS,Hihifo Airport,medium_airport,WF,Wallis Island,-13.2383003235, -176.199005127
HBB,Industrial Airpark,small_airport,US,Hobbs,32.7668, -103.209
NND,Nangade Airport,small_airport,MZ,Nangade,-11.073, 39.68
NOM,Nomad River Airport,small_airport,PG,Nomad River,-6.294, 142.234166667
NOO,Naoro Airport,small_airport,PG,Naoro Vilage,-9.254455, 147.621352
NPG,Nipa Airport,small_airport,PG,Nipa,-6.1454, 143.4531
NRY,Newry Airport,small_airport,AU,Newry,-16.0442, 129.2638
OFU,Ofu Airport,small_airport,AS,Ofu,-14.1844, -169.669998
AAU,Asau Airport,small_airport,WS,Asau,-13.505132, -172.627888
APW,Faleolo International Airport,medium_airport,WS,Apia,-13.829999923706055, -172.00799560546875
FTI,Fitiuta Airport,medium_airport,AS,Fitiuta Village,-14.215622, -169.424254
MXS,Maota Airport,small_airport,WS,Maota,-13.742300033569336, -172.25799560546875
PPG,Pago Pago International Airport,medium_airport,AS,Pago Pago,-14.331, -170.710007
PPT,Faa'a International Airport,large_airport,PF,Papeete,-17.553699, -149.606995
RMT,Rimatara Airport,small_airport,PF,Rimatara Island,-22.63725, -152.8059
RUR,Rurutu Airport,medium_airport,PF,,-22.434099197387695, -151.36099243164062
TUB,Tubuai Airport,medium_airport,PF,,-23.365400314331055, -149.5240020751953
RVV,Raivavae Airport,small_airport,PF,,-23.885200500499998, -147.662002563
AAA,Anaa Airport,medium_airport,PF,Anaa,-17.3526, -145.509995
FGU,Fangatau Airport,medium_airport,PF,Fangatau,-15.81995, -140.88729
TIH,Tikehau Airport,medium_airport,PF,,-15.119600296020508, -148.2310028076172
APK,Apataki Airport,small_airport,PF,Apataki,-15.5736, -146.414993
REA,Reao Airport,medium_airport,PF,Reao,-18.46652, -136.43855
FAV,Fakarava Airport,medium_airport,PF,,-16.054100036621094, -145.65699768066406
HHZ,Hikueru Airport,small_airport,PF,Hikueru,-17.548297, -142.612037
XMH,Manihi Airport,medium_airport,PF,,-14.436800003051758, -146.07000732421875
GMR,Totegegie Airport,medium_airport,PF,,-23.07990074157715, -134.88999938964844
KKR,Kaukura Airport,medium_airport,PF,Raitahiti,-15.6633, -146.884995
MKP,Makemo Airport,medium_airport,PF,Makemo,-16.5839, -143.658005
NAU,Napuka Island Airport,small_airport,PF,Napuka Island,-14.176799774169922, -141.26699829101562
TKV,Tatakoto Airport,small_airport,PF,Tatakoto,-17.355226, -138.44734
PKP,Puka Puka Airport,medium_airport,PF,,-14.809499740600586, -138.81300354003906
PUK,Pukaruha Airport,small_airport,PF,Pukaruha,-18.295726, -137.016291
TKP,Takapoto Airport,medium_airport,PF,,-14.709500312805176, -145.24600219726562
AXR,Arutua Airport,medium_airport,PF,,-15.248299598693848, -146.61700439453125
MVT,Mataiva Airport,medium_airport,PF,,-14.8681001663208, -148.7169952392578
NUK,Nukutavake Airport,small_airport,PF,Nukutavake,-19.284613, -138.768367
ZTA,Tureia Airport,small_airport,PF,Tureia,-20.784262, -138.56796
AHE,Ahe Airport,medium_airport,PF,Ahe Atoll,-14.428099632263184, -146.2570037841797
KHZ,Kauehi Airport,small_airport,PF,Kauehi,-15.780622, -145.128443
FAC,Faaite Airport,small_airport,PF,Faaite,-16.68657, -145.329394
FHZ,Fakahina Airport,small_airport,PF,Fakahina,-15.992259, -140.164246
RKA,Aratika Nord Airport,small_airport,PF,,-15.4853000641, -145.470001221
TJN,Takume Airport,small_airport,PF,Takume,-15.857434, -142.266469
NIU,Naiu Airport,small_airport,PF,Naiu Atoll,-16.1191, -146.3683
RRR,Raroia Airport,small_airport,PF,Raroia,-16.050485, -142.476568
TKX,Takaroa Airport,medium_airport,PF,,-14.45580005645752, -145.02499389648438
KXU,Katiu Airport,small_airport,PF,Katiu,-16.3393993378, -144.402999878
NKP,Nukutepipi Airport,small_airport,PF,Nukutepipi,-20.700054, -143.045933
NHV,Nuku Hiva Airport,medium_airport,PF,Nuku Hiva,-8.7956, -140.229004
AUQ,Hiva Oa-Atuona Airport,medium_airport,PF,Hiva Oa Island,-9.76879024506, -139.011001587
UAP,Ua Pou Airport,small_airport,PF,Ua Pou,-9.35167, -140.078003
UAH,Ua Huka Airport,small_airport,PF,Ua Huka,-8.936228, -139.554062
BOB,Bora Bora Airport,medium_airport,PF,Motu Mute,-16.444400787353516, -151.75100708007812
TTI,Tetiaroa Airport,small_airport,PF,Tetiaroa,-17.015095, -149.589372
RGI,Rangiroa Airport,medium_airport,PF,,-14.954299926757812, -147.66099548339844
HUH,Huahine-Fare Airport,medium_airport,PF,Fare,-16.687084, -151.021593
MOZ,Moorea Temae Airport,medium_airport,PF,Moorea-Maiao,-17.48979, -149.761777
HOI,Hao Airport,medium_airport,PF,Otepa,-18.0748, -140.945999
MAU,Maupiti Airport,medium_airport,PF,,-16.42650032043457, -152.24400329589844
RFP,Raiatea Airport,medium_airport,PF,Uturoa,-16.7229, -151.466003
TPX,Tupai Airport,small_airport,PF,Tupai Atoll,-16.2423, -151.8338
UOA,Moruroa Airport,small_airport,PF,Moruroa Atoll,-21.80978, -138.813385
VHZ,Vahitahi Airport,small_airport,PF,Vahitahi,-18.780697, -138.85568
NUF,Castlereagh Lake Seaplane Base,seaplane_base,LK,Hatton,6.86, 80.584
NUG,Nuguria Airstrip,small_airport,PG,Nuguria Island,-3.4075, 154.7383
UCC,Yucca Airstrip,small_airport,US,Mercury,36.934661, -116.00596
MTV,Mota Lava Airport,small_airport,VU,Ablow,-13.6660003662, 167.712005615
SLH,Sola Airport,small_airport,VU,Sola,-13.8516998291, 167.537002563
TOH,Torres Airstrip,small_airport,VU,Loh/Linua,-13.3280000687, 166.638000488
EAE,Siwo Airport,small_airport,VU,Emae Island,-17.0902996063, 168.343002319
CCV,Craig Cove Airport,small_airport,VU,Craig Cove,-16.264999, 167.923996
LOD,Longana Airport,small_airport,VU,Longana,-15.3066997528, 167.966995239
SSR,Sara Airport,small_airport,VU,Pentecost Island,-15.4708003998, 168.151992798
PBJ,Tavie Airport,small_airport,VU,Paama Island,-16.438999176, 168.257003784
LPM,Lamap Airport,small_airport,VU,Lamap,-16.4611228, 167.829253
LNB,Lamen Bay Airport,small_airport,VU,Lamen Bay,-16.584199905400002, 168.158996582
MWF,Maewo-Naone Airport,small_airport,VU,Maewo Island,-15, 168.082992554
LNE,Lonorore Airport,small_airport,VU,Lonorore,-15.865599632299999, 168.17199707
NUS,Norsup Airport,small_airport,VU,Norsup,-16.0797, 167.401001
ZGU,Gaua Island Airport,medium_airport,VU,Gaua Island,-14.218099594099998, 167.587005615
RCL,Redcliffe Airport,small_airport,VU,Redcliffe,-15.472000122099999, 167.835006714
SON,Santo Pekoa International Airport,medium_airport,VU,Luganville,-15.505000114399998, 167.220001221
TGH,Tongoa Airport,small_airport,VU,Tongoa Island,-16.8910999298, 168.550994873
ULB,Uléi Airport,small_airport,VU,Ambrym Island,-16.3297, 168.3011
VLS,Valesdir Airport,small_airport,VU,Epi Island,-16.796100616500002, 168.177001953
WLH,Walaha Airport,small_airport,VU,Walaha,-15.411999702500001, 167.690994263
SWJ,Southwest Bay Airport,small_airport,VU,Malekula Island,-16.4864, 167.4472
OLJ,North West Santo Airport,small_airport,VU,Olpoi,-14.881699562099998, 166.557998657
AUY,Aneityum Airport,small_airport,VU,Anatom Island,-20.2492008209, 169.770996094
AWD,Aniwa Airport,small_airport,VU,Aniwa,-19.2346, 169.6009
DLY,Dillon's Bay Airport,small_airport,VU,Dillon's Bay,-18.7693996429, 169.00100708
FTA,Futuna Airport,small_airport,VU,Futuna Island,-19.516399383499998, 170.231994629
IPA,Ipota Airport,small_airport,VU,Ipota,-18.856389, 169.283333
VLI,Bauerfield International Airport,large_airport,VU,Port Vila,-17.699301, 168.320007
TAH,Tanna Airport,medium_airport,VU,,-19.45509910583496, 169.2239990234375
NWT,Nowata Airport,small_airport,PG,Nowata,-9.984166666669998, 149.729166667
TGJ,Tiga Airport,medium_airport,NC,Tiga,-21.096099853515625, 167.8040008544922
BMY,Île Art - Waala Airport,medium_airport,NC,Waala,-19.720521, 163.661077
KNQ,Koné Airport,medium_airport,NC,Koné,-21.053551, 164.838768
ILP,Île des Pins Airport,medium_airport,NC,Île des Pins,-22.588899612426758, 167.45599365234375
HLU,Nesson Airport,small_airport,NC,Houailou,-21.257288, 165.61821
KOC,Koumac Airport,medium_airport,NC,Koumac,-20.546323, 164.255648
LIF,Lifou Airport,medium_airport,NC,Lifou,-20.774799346923828, 167.24000549316406
GEA,Nouméa Magenta Airport,large_airport,NC,Nouméa,-22.258301, 166.473007
PUV,Poum / Malabou Airport,small_airport,NC,Malabou,-20.289155, 164.09935
PDC,Mueo Airport,small_airport,NC,Népoui,-21.316456, 164.999399
MEE,Maré Airport,medium_airport,NC,Maré,-21.481700897216797, 168.03799438476562
TOU,Touho Airport,medium_airport,NC,Touho,-20.790127, 165.259524
UVE,Ouvéa Airport,medium_airport,NC,Ouvéa,-20.640600204467773, 166.572998046875
NOU,La Tontouta International Airport,medium_airport,NC,Nouméa (La Tontouta),-22.014601, 166.212997
FGL,Fox Glacier Aerodrome,small_airport,NZ,Fox Glacier,-43.46111, 170.01702
AKL,Auckland International Airport,large_airport,NZ,Auckland,-37.01199, 174.786331
TUO,Taupo Airport,medium_airport,NZ,Taupo,-38.73970031738281, 176.08399963378906
AMZ,Ardmore Airport,medium_airport,NZ,Manurewa,-37.029701232910156, 174.97300720214844
ASG,Ashburton Aerodrome,small_airport,NZ,,-43.90330123901367, 171.7969970703125
CHC,Christchurch International Airport,large_airport,NZ,Christchurch,-43.48939895629883, 172.53199768066406
CHT,Chatham Islands / Tuuta Airport,medium_airport,NZ,Te One,-43.81189, -176.46514
CMV,Coromandel Aerodrome,small_airport,NZ,,-36.79169845581055, 175.50900268554688
DGR,Dargaville Aerodrome,small_airport,NZ,,-35.939701080322266, 173.8939971923828
DUD,Dunedin International Airport,medium_airport,NZ,Dunedin,-45.928101, 170.197998
WHO,Franz Josef Aerodrome,small_airport,NZ,,-43.36309814453125, 170.13400268554688
GBZ,Great Barrier Aerodrome,small_airport,NZ,Claris,-36.24140167236328, 175.4720001220703
GMN,Greymouth Airport,small_airport,NZ,,-42.461700439453125, 171.19000244140625
GIS,Gisborne Airport,medium_airport,NZ,Gisborne,-38.663299560546875, 177.97799682617188
GTN,Glentanner Airport,medium_airport,NZ,Glentanner Station,-43.906700134277344, 170.1280059814453
HKK,Hokitika Airfield,medium_airport,NZ,,-42.713600158691406, 170.98500061035156
HLZ,Hamilton International Airport,medium_airport,NZ,Hamilton,-37.8666992188, 175.332000732
WIK,Waiheke Reeve Airport,small_airport,NZ,,-36.80889892578125, 175.08599853515625
KBZ,Kaikoura Airport,small_airport,NZ,,-42.42499923706055, 173.60499572753906
KKE,Kerikeri Airport,medium_airport,NZ,Kerikeri,-35.259148, 173.913317
KKO,Kaikohe Airport,small_airport,NZ,Kaikohe,-35.451099, 173.817001
KAT,Kaitaia Airport,medium_airport,NZ,Awanui,-35.069837, 173.287053
ALR,Alexandra Aerodrome,medium_airport,NZ,Alexandra,-45.210495, 169.371113
MTA,Matamata Glider Airport,small_airport,NZ,,-37.73440170288086, 175.74200439453125
MHB,Mechanics Bay Heliport,heliport,NZ,Auckland City,-36.846525628100004, 174.787872434
MON,Mount Cook Airport,medium_airport,NZ,,-43.76499938964844, 170.13299560546875
MFN,Milford Sound Airport,small_airport,NZ,,-44.673301696777344, 167.92300415039062
MZP,Motueka Airport,small_airport,NZ,,-41.12329864501953, 172.98899841308594
TEU,Manapouri Airport,medium_airport,NZ,,-45.53310012817383, 167.64999389648438
MRO,Hood Airport,medium_airport,NZ,Masterton,-40.974634, 175.63454
NPL,New Plymouth Airport,medium_airport,NZ,New Plymouth,-39.00859832763672, 174.1790008544922
NPE,Hawke's Bay Airport,medium_airport,NZ,Napier,-39.465801, 176.869995
NSN,Nelson Airport,medium_airport,NZ,Nelson,-41.298302, 173.220993
IVC,Invercargill Airport,medium_airport,NZ,Invercargill,-46.41239929199219, 168.31300354003906
OHA,RNZAF Base Ohakea,medium_airport,NZ,,-40.20600128173828, 175.38800048828125
OAM,Oamaru Airport,medium_airport,NZ,,-44.970001220703125, 171.08200073242188
PMR,Palmerston North Airport,medium_airport,NZ,Palmerston North,-40.320599, 175.617004
PCN,Picton Aerodrome,small_airport,NZ,Koromiko,-41.346099853516, 173.95599365234
PPQ,Paraparaumu Airport,medium_airport,NZ,,-40.904701232910156, 174.98899841308594
ZQN,Queenstown International Airport,medium_airport,NZ,Queenstown,-45.021099, 168.738998
RAG,Raglan Aerodrome,small_airport,NZ,Raglan,-37.804699, 174.860001
SZS,Ryan's Creek Aerodrome,small_airport,NZ,Oban,-46.8997, 168.100998
ROT,Rotorua Regional Airport,medium_airport,NZ,Rotorua,-38.10919952392578, 176.31700134277344
TRG,Tauranga Airport,medium_airport,NZ,Tauranga,-37.67190170288086, 176.1959991455078
TMZ,Thames Aerodrome,small_airport,NZ,,-37.156700134277344, 175.5500030517578
KTF,Takaka Airport,small_airport,NZ,,-40.81330108642578, 172.77499389648438
TKZ,Tokoroa Airfield,small_airport,NZ,Tokoroa,-38.236698150634766, 175.89199829101562
THH,Taharoa Aerodrome,small_airport,NZ,Taharoa,-38.18109893798828, 174.70799255371094
TIU,Timaru Airport,medium_airport,NZ,,-44.302799224853516, 171.22500610351562
TWZ,Pukaki Airport,medium_airport,NZ,Twitzel,-44.2350006104, 170.117996216
BHE,Woodbourne Airport,medium_airport,NZ,Blenheim,-41.5182991027832, 173.8699951171875
WKA,Wanaka Airport,medium_airport,NZ,Wanaka,-44.722954, 169.248419
WHK,Whakatane Airport,medium_airport,NZ,,-37.92060089111328, 176.91400146484375
WLG,Wellington International Airport,large_airport,NZ,Wellington,-41.3272018433, 174.804992676
WIR,Wairoa Airport,medium_airport,NZ,Wairoa,-39.006900787353516, 177.40699768066406
WRE,Whangarei Airport,medium_airport,NZ,Whangarei,-35.769253, 174.363713
WSZ,Westport Airport,medium_airport,NZ,Westport,-41.737111, 171.579033
WTZ,Whitianga Airport,small_airport,NZ,Whitianga,-36.828731, 175.682802
WAG,Wanganui Airport,medium_airport,NZ,Wanganui,-39.96220016479492, 175.02499389648438
NLN,Kneeland Airport,small_airport,US,Kneeland,40.718639, -123.927298
BZF,Benton Field,small_airport,US,Redding,40.5749015808, -122.407997131
OAA,Shank Air Base,small_airport,AF,Baraki Barak,33.922217, 69.07794
BIN,Bamyan Airport,small_airport,AF,Bamyan,34.808916, 67.816629
BST,Bost Airport,small_airport,AF,Lashkar Gah,31.5597, 64.364998
CCN,Chaghcharan Airport,small_airport,AF,Chaghcharan,34.526465, 65.27102
SBF,Sardeh Band Airport,small_airport,AF,Sardeh Band,33.3207015991, 68.6364974976
DAZ,Darwaz Airport,small_airport,AF,Darwaz,38.461708, 70.881608
FAH,Farah Airport,small_airport,AF,Farah,32.366667, 62.165347
FBD,Fayzabad Airport,small_airport,AF,Fayzabad,37.122148, 70.5201
GRG,Gardez Airport,small_airport,AF,Gardez,33.627366, 69.237023
KWH,Khwahan Airport,small_airport,AF,Khwahan,37.890021, 70.20383
HEA,Herat - Khwaja Abdullah Ansari International Airport,medium_airport,AF,Guzara,34.209999, 62.228298
OAI,Bagram Airfield,medium_airport,AF,Bagram,34.946098, 69.264999
JAA,Jalalabad Airport,medium_airport,AF,Jalalabad,34.399799, 70.498596
KBL,Kabul International Airport,medium_airport,AF,Kabul,34.565899, 69.212303
KDH,Ahmad Shah Baba International Airport / Kandahar Airfield,medium_airport,AF,Khvoshab,31.5058, 65.847801
MMZ,Maymana Zahiraddin Faryabi Airport,medium_airport,AF,Maymana,35.930801, 64.760902
MZR,Mazar-i-Sharif International Airport,medium_airport,AF,Mazar-i-Sharif,36.706902, 67.209702
URN,Urgun Airport,small_airport,AF,Urgun,32.939933, 69.150064
LQN,Qala-i-Naw Airport,small_airport,AF,Qala-i-Naw,34.985472, 63.117404
OAS,Sharana Airstrip,small_airport,AF,Sharana,33.12575, 68.838517
OAH,Shindand Air Base,small_airport,AF,Shindand,33.3913, 62.261002
SGA,Sheghnan Airport,small_airport,AF,Shiveh,37.497642, 71.508484
TII,Tarinkot Airport,small_airport,AF,Tarinkot,32.604198, 65.865799
TQN,Taleqan Airport,small_airport,AF,Taleqan,36.770699, 69.531998
UND,Kunduz Airport,medium_airport,AF,Kunduz,36.6651, 68.910797
OAZ,Camp Shorabak Airfield,small_airport,AF,Lashkar Gah,31.848735, 64.223175
ZAJ,Zaranj Airport,small_airport,AF,Zaranj,30.972222, 61.865833
BAH,Bahrain International Airport,large_airport,BH,Manama,26.267295, 50.63764
OCS,Corisco International Airport,small_airport,GQ,Corisco Island,0.9125, 9.3304
AHB,Abha International Airport,medium_airport,SA,Abha,18.2404, 42.656601
HOF,Al-Ahsa International Airport,medium_airport,SA,Hofuf,25.285299, 49.485199
ABT,King Saud Bin Abdulaziz (Al Baha) Airport,medium_airport,SA,Al-Baha,20.298506, 41.636153
BHH,Bisha Airport,medium_airport,SA,Bisha,19.9844, 42.620899
DMM,King Fahd International Airport,large_airport,SA,Ad Dammam,26.471200942993164, 49.79790115356445
DWD,King Salman Abdulaziz Airport,medium_airport,SA,Dawadmi,24.4499, 44.121201
DHA,King Abdulaziz Air Base,large_airport,SA,Dhahran,26.2654, 50.152
GIZ,Jizan Regional Airport / King Abdullah bin Abdulaziz Airport,medium_airport,SA,Jizan,16.9011, 42.5858
ELQ,Gassim Airport,medium_airport,SA,Buraidah,26.302799, 43.774399
URY,Gurayat Domestic Airport,medium_airport,SA,Gurayat,31.412413, 37.278898
HAS,Ha'il Airport,medium_airport,SA,Ha'il,27.437901, 41.686298
QJB,Jubail Airport,medium_airport,SA,Jubail,27.038999557495117, 49.40510177612305
JED,King Abdulaziz International Airport,large_airport,SA,Jeddah,21.6796, 39.156502
KMC,King Khaled Military City Airport,medium_airport,SA,King Khaled Military City,27.9009, 45.528198
KMX,King Khalid Air Base,medium_airport,SA,Khamis Mushait,18.2973, 42.803501
MED,Prince Mohammad Bin Abdulaziz Airport,large_airport,SA,Medina,24.5534, 39.705101
EAM,Najran Domestic Airport,medium_airport,SA,Najran,17.611401, 44.419201
NUM,Neom Bay Airport,medium_airport,SA,Sharma,27.927598, 35.28874
AQI,Al Qaisumah/Hafr Al Batin Airport,medium_airport,SA,Qaisumah,28.335199, 46.125099
AKH,Prince Sultan Air Base,medium_airport,SA,,24.062700271606445, 47.580501556396484
RAH,Rafha Domestic Airport,medium_airport,SA,Rafha,29.626399993896484, 43.4906005859375
RUH,King Khaled International Airport,large_airport,SA,Riyadh,24.957599639892578, 46.69879913330078
RAE,Arar Domestic Airport,medium_airport,SA,Arar,30.906600952148438, 41.13819885253906
SHW,Sharurah Domestic Airport,medium_airport,SA,Sharurah,17.4669, 47.121399
AJF,Al-Jawf Domestic Airport,medium_airport,SA,Al-Jawf,29.78510093688965, 40.099998474121094
SLF,As-Sulayyil Airport,small_airport,SA,As-Sulayyil,20.464701, 45.619598
TUU,Tabuk Airport,medium_airport,SA,Tabuk,28.3654, 36.6189
TIF,Ta’if Regional Airport,medium_airport,SA,Ta’if,21.483001, 40.543442
TUI,Turaif Domestic Airport,medium_airport,SA,Turaif,31.692188, 38.731544
WAE,Wadi Al Dawasir Domestic Airport,medium_airport,SA,Wadi Al Dawasir,20.504299, 45.1996
EJH,Al Wajh Domestic Airport,medium_airport,SA,Al Wajh,26.198601, 36.476398
YNB,Yanbu Airport / Prince Abdul Mohsin bin Abdulaziz international Airport,medium_airport,SA,Yanbu,24.144199, 38.0634
ZUL,Zilfi Airport,small_airport,SA,Zilfi,26.350000381469727, 44.83300018310547
OGE,Ogeranang Airport,small_airport,PG,,-6.46675, 147.364166667
OGM,Ogobsucum Airport,small_airport,PA,Ustupu,9.1383, -77.93385
IAQ,Bahregan Airport,small_airport,IR,Imam Hassan,29.840099, 50.272701
ABD,Abadan Airport,medium_airport,IR,Abadan,30.367887, 48.230075
DEF,Dezful Airport,medium_airport,IR,Dezful,32.434399, 48.397598
AKW,Aghajari Airport,medium_airport,IR,Aghajari,30.7444, 49.6772
GCH,Gachsaran Airport,medium_airport,IR,Gachsaran,30.333869, 50.833796
QMJ,Shahid Asiyaee Airport,medium_airport,IR,Masjed Soleyman,32.001719, 49.268599
OMI,Omidiyeh Airport,small_airport,IR,Omidiyeh,30.8351993560791, 49.5349006652832
MRX,Mahshahr Airport,medium_airport,IR,Mahshahr,30.5562, 49.151901
AWZ,Lieutenant General Qasem Soleimani International Airport,medium_airport,IR,Ahvaz,31.3374, 48.762001
AEU,Abu Musa Island Airport,medium_airport,IR,Abu Musa,25.8757, 55.033001
BUZ,Bushehr Airport,medium_airport,IR,Bushehr,28.9447994232, 50.8345985413
KNR,Jam Airport,medium_airport,IR,Jam,27.820499, 52.3522
KIH,Kish International Airport,medium_airport,IR,Kish Island,26.5261993408, 53.980201721200004
BDH,Bandar Lengeh International Airport,medium_airport,IR,Bandar Lengeh,26.532283, 54.82484
PGU,Persian Gulf International Airport,medium_airport,IR,Khiyaroo,27.379601, 52.737701
KHK,Khark Airport,medium_airport,IR,Khark,29.260503, 50.322193
SXI,Siri Airport,medium_airport,IR,Siri,25.908899, 54.539398
LVP,Lavan Airport,medium_airport,IR,Lavan Airport,26.810742, 53.354302
KSH,Shahid Ashrafi Esfahani Airport,medium_airport,IR,Kermanshah,34.3459014893, 47.1581001282
IIL,Ilam Airport,medium_airport,IR,Ilam,33.58660125732422, 46.40480041503906
KHD,Khoram Abad Airport,medium_airport,IR,,33.43539810180664, 48.282901763916016
SDG,Sanandaj Airport,medium_airport,IR,,35.24589920043945, 47.00920104980469
IFH,Hesa Airport,small_airport,IR,Hesa,32.92890167236328, 51.561100006103516
KKS,Kashan Airport,medium_airport,IR,Kashan,33.895302, 51.577
IFN,Isfahan Shahid Beheshti International Airport,medium_airport,IR,Isfahan,32.750755, 51.861483
CQD,Shahrekord Airport,medium_airport,IR,Shahrekord,32.2971992493, 50.842201232899995
RAS,Sardar-e-Jangal Airport,medium_airport,IR,Rasht,37.323333, 49.617778
HDM,Hamadan Airport,medium_airport,IR,Hamadan,34.869202, 48.552502
AJK,Arak Airport,small_airport,IR,Araak,34.138099670410156, 49.8473014831543
NUJ,Nojeh Air Base,medium_airport,IR,Amirabad,35.211601, 48.6534
IKA,Imam Khomeini International Airport,large_airport,IR,Tehran,35.416099548339844, 51.152198791503906
THR,Mehrabad International Airport,large_airport,IR,Tehran,35.68920135498047, 51.31340026855469
GZW,Qazvin Airport,medium_airport,IR,Qazvin,36.240101, 50.0471
PYK,Payam Karaj International Airport,medium_airport,IR,Karaj,35.7761, 50.826698
SNX,Semnan Municipal Airport,small_airport,IR,Semnan,35.591099, 53.495098
BND,Bandar Abbas International Airport,medium_airport,IR,Bandar Abbas,27.218299865722656, 56.37779998779297
JYR,Jiroft Airport,medium_airport,IR,Jiroft,28.723519, 57.675037
KER,Ayatollah Hashemi Rafsanjani International Airport,medium_airport,IR,Kerman,30.271276, 56.949692
BXR,Bam Airport,medium_airport,IR,Bam,29.0842, 58.450001
HDR,Havadarya Airport,small_airport,IR,Bandar Abbas,27.1583, 56.172501
GSM,Qeshm Dayrestan International Airport,small_airport,IR,Dayrestan,26.754639, 55.902353
RJN,Rafsanjan Airport,medium_airport,IR,Rafsanjan,30.298345, 56.048979
SYJ,Sirjan Airport,medium_airport,IR,Sirjan,29.5509, 55.672699
XBJ,Birjand International Airport,medium_airport,IR,Birjand,32.896525, 59.281258
CKT,Sarakhs Airport,medium_airport,IR,Sarakhs,36.50120162963867, 61.06489944458008
RUD,Shahrud International Airport,small_airport,IR,Shahrud,36.425301, 55.104198
MHD,Mashhad International Airport,large_airport,IR,Mashhad,36.235198974609375, 59.64099884033203
BJB,Bojnord Airport,medium_airport,IR,Bojnord,37.49300003051758, 57.30820083618164
AFZ,Sabzevar National Airport,medium_airport,IR,Sabzevar,36.16809844970703, 57.59519958496094
TCX,Tabas Airport,medium_airport,IR,Tabas,33.6678009033, 56.8927001953
KLM,Kalaleh Airport,small_airport,IR,Kalaleh,37.383301, 55.452
GBT,Gorgan Airport,medium_airport,IR,Gorgan,36.909400939899996, 54.4012985229
BSM,Bishe Kola Air Base,small_airport,IR,Amol,36.65510177612305, 52.34960174560547
NSH,Nowshahr Airport,medium_airport,IR,Nowshahr,36.664286, 51.46273
RZR,Ramsar Airport,medium_airport,IR,Ramsar,36.90701, 50.687316
SRY,Sari Dasht-e Naz International Airport,medium_airport,IR,Sari,36.644408, 53.188761
FAZ,Fasa Airport,medium_airport,IR,Fasa,28.8918, 53.723301
JAR,Jahrom Airport,small_airport,IR,Jahrom,28.586700439499996, 53.5791015625
LRR,Lar Airport,medium_airport,IR,Lar,27.6747, 54.383301
LFM,Lamerd Airport,medium_airport,IR,Lamerd,27.3727, 53.188801
SYZ,Shiraz Shahid Dastghaib International Airport,large_airport,IR,Shiraz,29.5392, 52.589802
YES,Yasuj Airport,medium_airport,IR,Yasuj,30.702238, 51.542988
KHY,Khoy Airport,small_airport,IR,Khoy,38.4275016784668, 44.97359848022461
ADU,Ardabil Airport,medium_airport,IR,Ardabil,38.3256988525, 48.4244003296
ACP,Sahand Airport,small_airport,IR,Maragheh,37.347999572753906, 46.127899169921875
PFQ,Parsabad-Moghan Airport,small_airport,IR,Parsabad,39.6036, 47.8815
OMH,Urmia Airport,medium_airport,IR,Urmia,37.6680984497, 45.0686988831
TBZ,Tabriz International Airport,medium_airport,IR,Tabriz,38.1339, 46.235001
IMQ,Maku National Airport,small_airport,IR,Showt,39.330002, 44.43
JWN,Zanjan Airport,medium_airport,IR,Zanjan,36.7737007141, 48.3594017029
AZD,Shahid Sadooghi Airport,medium_airport,IR,Yazd,31.9048995972, 54.2765007019
ACZ,Zabol Airport,medium_airport,IR,Zabol,31.098301, 61.5439
ZBR,Chabahar Konarak International Airport,medium_airport,IR,Konarak,25.44319, 60.382167
ZAH,Zahedan International Airport,medium_airport,IR,Zahedan,29.47570037841797, 60.90620040893555
IHR,Iranshahr Airport,medium_airport,IR,Iranshahr,27.236099, 60.720001
JSK,Jask Airport,small_airport,IR,Bandar-e-Jask,25.654757, 57.801718
AMM,Queen Alia International Airport,large_airport,JO,Amman,31.7226009369, 35.9931983948
ADJ,Amman Civil (Marka International) Airport,medium_airport,JO,Amman,31.9727, 35.9916
AQJ,Aqaba King Hussein International Airport,medium_airport,JO,Aqaba,29.611600875854492, 35.01810073852539
OMF,King Hussein Air College,small_airport,JO,Mafraq,32.3564, 36.259201
XIJ,Ahmed Al Jaber Air Base,medium_airport,KW,Ahmed Al Jaber AB,28.9347991943, 47.791900634799994
KWI,Kuwait International Airport,large_airport,KW,Kuwait City,29.226601, 47.968899
OKV,Okao Airport,small_airport,PG,Okao,-5.55666666667, 141.032777778
BEY,Beirut Rafic Hariri International Airport,large_airport,LB,Beirut,33.820899963378906, 35.488399505615234
OLH,Old Harbor Airport,small_airport,US,Old Harbor,57.218102, -153.270004
KYE,Rene Mouawad Air Base / Kleyate Airport,medium_airport,LB,Tripoli,34.589298, 36.011299
OLQ,Olsobip Airport,small_airport,PG,Olsobip,-5.3897222222200005, 141.515277778
BYB,Dibba Airport,small_airport,OM,Dibba al Baya,25.614229, 56.2444
AOM,Adam Airport,small_airport,OM,Adam,22.4919444444, 57.3838888889
DQM,Duqm International Airport,large_airport,OM,Duqm,19.501944, 57.634167
MNH,Mussanah Airport,medium_airport,OM,Al Masna'ah,23.640556, 57.4875
AUH,Abu Dhabi International Airport,large_airport,AE,Abu Dhabi,24.443764, 54.651718
AZI,Al Bateen Executive Airport,medium_airport,AE,Abu Dhabi,24.428301, 54.458099
AAN,Al Ain International Airport,medium_airport,AE,Al Ain,24.261699676513672, 55.60919952392578
DHF,Al Dhafra Air Base,medium_airport,AE,,24.248199462900004, 54.547698974599996
XSB,Sir Bani Yas Airport,medium_airport,AE,Sir Bani Yas,24.283611, 52.580278
DXB,Dubai International Airport,large_airport,AE,Dubai,25.2527999878, 55.3643989563
NHD,Al Minhad Air Base,medium_airport,AE,Dubai,25.0268001556, 55.3661994934
DWC,Al Maktoum International Airport,large_airport,AE,Jebel Ali,24.896356, 55.161389
FJR,Fujairah International Airport,medium_airport,AE,,25.112199783325195, 56.32400131225586
OMN,Osmanabad Airport,small_airport,IN,Osmanabad,18.281, 76.0574
RKT,Ras Al Khaimah International Airport,medium_airport,AE,Ras Al Khaimah,25.613500595092773, 55.93880081176758
SHJ,Sharjah International Airport,large_airport,AE,Sharjah,25.32859992980957, 55.5172004699707
OMY,Preah Vinhear Airport,small_airport,KH,Tbeng Meanchey,13.7597, 104.97173
ONB,Ononge Airport,small_airport,PG,Onange Mission,-8.67436111111, 147.262416667
RMB,Buraimi Airport,small_airport,OM,Buraimi,24.241626, 55.783674
FAU,Fahud Airport,small_airport,OM,Fahud,22.354759, 56.484146
RNM,Qarn Alam Airport,small_airport,OM,Ghaba,21.3829994202, 57.0499992371
JNJ,Ja'Aluni Airport,small_airport,OM,Duqm,19.4749, 57.3083
KHS,Khasab Airport,medium_airport,OM,Khasab,26.171, 56.240601
LKW,Lekhwair Airport,small_airport,OM,Lekhwair,22.804866, 55.372801
MSH,RAFO Masirah,medium_airport,OM,Masirah,20.6754, 58.890499
MCT,Muscat International Airport,large_airport,OM,Muscat,23.593299865722656, 58.284400939941406
OMM,Marmul Airport,small_airport,OM,Marmul,18.138999, 55.179005
SLL,Salalah Airport,medium_airport,OM,Salalah,17.038700103759766, 54.09130096435547
OHS,Sohar Airport,small_airport,OM,Sohar,24.38604, 56.62541
TTH,Thumrait Air Base,medium_airport,OM,Thumrait,17.666000366210938, 54.024600982666016
DDU,Dadu West Airport,small_airport,PK,Dadu,26.740800857543945, 67.6666030883789
BHW,Bhagatanwala Airport,small_airport,PK,Bhagatanwala,32.056098938, 72.94840240479999
BNP,Bannu Airport,small_airport,PK,Bannu,32.9729, 70.527901
WGB,Bahawalnagar Airport,small_airport,PK,Bahawalnagar,29.946300506591797, 73.24909973144531
BHV,Bahawalpur Airport,medium_airport,PK,Bahawalpur,29.348100662231445, 71.71800231933594
CJL,Chitral Airport,medium_airport,PK,Chitral,35.886213, 71.799922
CHB,Chilas Airport,small_airport,PK,Chilas,35.426700592, 74.081703186
DBA,Dalbandin Airport,small_airport,PK,Dalbandin,28.878299713100002, 64.3998031616
DEA,Dera Ghazi Khan Airport,medium_airport,PK,Dera Ghazi Khan,29.961000442504883, 70.48590087890625
DSK,Dera Ismael Khan Airport,medium_airport,PK,Dera Ismael Khan,31.909400939941406, 70.89659881591797
LYP,Faisalabad International Airport,medium_airport,PK,Faisalabad,31.364999771118164, 72.99479675292969
GWD,Gwadar International Airport,medium_airport,PK,Gwadar,25.232391, 62.327671
GIL,Gilgit Airport,medium_airport,PK,Gilgit,35.918800354003906, 74.33360290527344
ISB,Islamabad International Airport,large_airport,PK,Attock,33.549, 72.82566
JAG,Shahbaz Air Base,medium_airport,PK,Jacobabad,28.28420066833496, 68.44969940185547
JIW,Jiwani Airport,small_airport,PK,Jiwani,25.067800521900004, 61.8054008484
KHI,Jinnah International Airport,large_airport,PK,Karachi,24.9065, 67.160797
HDD,Hyderabad Airport,small_airport,PK,Hyderabad,25.3181, 68.366096
KDD,Khuzdar Airport,small_airport,PK,Khuzdar,27.790599823, 66.6473007202
OHT,Kohat Airport,small_airport,PK,Kohat,33.5699996948, 71.4400024414
LHE,Allama Iqbal International Airport,large_airport,PK,Lahore,31.521601, 74.403603
LRG,Loralai Airport,small_airport,PK,Loralai,30.355499267578125, 68.6135025024414
XJM,Mangla Airport,medium_airport,PK,Mangla,33.05009841918945, 73.63839721679688
MFG,Muzaffarabad Airport,medium_airport,PK,Muzaffarabad,34.3390007019043, 73.50859832763672
MWD,Mianwali Air Base,medium_airport,PK,Mianwali,32.5630989074707, 71.5707015991211
MJD,Moenjodaro Airport,medium_airport,PK,Moenjodaro,27.3351993560791, 68.14309692382812
MPD,Sindhri Tharparkar Airport,small_airport,PK,Sindhri,25.68280029296875, 69.07279968261719
ATG,Minhas Air Base,medium_airport,PK,Kamra,33.8690986633, 72.4009017944
MUX,Multan International Airport,medium_airport,PK,Multan,30.20319938659668, 71.41909790039062
WNS,Shaheed Benazirabad Airport,medium_airport,PK,Nawabashah,26.2194, 68.390099
ORW,Ormara Airport,small_airport,PK,Ormara Raik,25.276625, 64.588343
PAJ,Parachinar Airport,small_airport,PK,Parachinar,33.902099609400004, 70.0716018677
PJG,Panjgur Airport,medium_airport,PK,Panjgur,26.954500198364258, 64.13249969482422
PSI,Pasni Airport,medium_airport,PK,Pasni,25.29050064086914, 63.34510040283203
PEW,Peshawar International Airport,medium_airport,PK,Peshawar,33.993900299072266, 71.51460266113281
UET,Quetta International Airport,medium_airport,PK,Quetta,30.251399993896484, 66.93779754638672
RYK,Shaikh Zaid Airport,medium_airport,PK,Rahim Yar Khan,28.383899688720703, 70.27960205078125
RAZ,Rawalakot Airport,medium_airport,PK,Rawalakot,33.849700927734375, 73.79810333251953
SBQ,Sibi Airport,small_airport,PK,Sibi,29.571199417114258, 67.847900390625
KDU,Skardu Airport,medium_airport,PK,Skardu,35.33549880981445, 75.53600311279297
SKZ,Sukkur Airport,medium_airport,PK,Mirpur Khas,27.722000122070312, 68.79170227050781
SYW,Sehwan Sharif Airport,medium_airport,PK,Sehwan Sharif,26.473100662231445, 67.71720123291016
SGI,Mushaf Air Base,medium_airport,PK,Sargodha,32.04859924316406, 72.66500091552734
SDT,Saidu Sharif Airport,medium_airport,PK,Saidu Sharif,34.8135986328125, 72.35279846191406
SKT,Sialkot International Airport,medium_airport,PK,Sialkot,32.535557, 74.363892
SUL,Sui Airport,medium_airport,PK,Sui,28.645099639892578, 69.1769027709961
RZS,Sawan Airport,small_airport,PK,Sawan Gas Field,26.9662, 68.878098
TLB,Tarbela Dam Airport,small_airport,PK,Tarbela,33.9860992432, 72.61139678960001
BDN,Talhar Airport,small_airport,PK,Badin,24.84149932861328, 68.8384017944336
TFT,Taftan Airport,small_airport,PK,Taftan,28.96419906616211, 61.595401763916016
TUK,Turbat International Airport,medium_airport,PK,Turbat,25.986400604248047, 63.03020095825195
WAF,Wana Airport,small_airport,PK,Waana,32.3046989440918, 69.57039642333984
PZH,Zhob Airport,medium_airport,PK,Fort Sandeman,31.358400344848633, 69.4636001586914
IQA,Al Asad Air Base,medium_airport,IQ,Hīt,33.7855987549, 42.4412002563
TQD,Al Taqaddum Air Base,medium_airport,IQ,Al Habbaniyah,33.33810043335, 43.597099304199
BMN,Bamarni Airport,small_airport,IQ,Bamarni,37.09880065917969, 43.2666015625
BGW,Baghdad International Airport / New Al Muthana Air Base,large_airport,IQ,Baghdad,33.262501, 44.2346
OSM,Mosul International Airport,medium_airport,IQ,Mosul,36.305801, 43.1474
EBL,Erbil International Airport,medium_airport,IQ,Arbil,36.23759841918945, 43.963199615478516
ORI,Port Lions Airport,small_airport,US,Port Lions,57.884905, -152.847719
KIK,Kirkuk Air Base,medium_airport,IQ,Kirkuk,35.46950149536133, 44.348899841308594
BSR,Basra International Airport,medium_airport,IQ,Basra,30.549101, 47.662102
NJF,Al Najaf International Airport,medium_airport,IQ,Najaf,31.989853, 44.404317
RQW,Qayyarah West Airport,medium_airport,IQ,Qayyarah,35.76720047, 43.125099182099994
ISU,Sulaymaniyah International Airport,medium_airport,IQ,Sulaymaniyah,35.5617485046, 45.316738128699996
XNH,Ali Air Base,medium_airport,IQ,Nasiriyah,30.935801, 46.090099
ALP,Aleppo International Airport,medium_airport,SY,Aleppo,36.180698, 37.2244
DAM,Damascus International Airport,large_airport,SY,Damascus,33.4114990234375, 36.51559829711914
DEZ,Deir ez-Zor Airport,medium_airport,SY,Deir ez-Zor,35.2854, 40.175999
OSE,Omora Airport,small_airport,PG,Omora,-7.82777777778, 147.080638889
OSG,Ossima Airport,small_airport,PG,Ossima,-2.91555555556, 141.297305556
KAC,Qamishli Airport,medium_airport,SY,Qamishly,37.020599, 41.191399
LTK,Bassel Al-Assad International Airport,medium_airport,SY,Latakia,35.4011, 35.9487
PMS,Palmyra Airport,medium_airport,SY,Tadmur,34.5574, 38.316898
DIA,Doha International Airport,medium_airport,QA,Doha,25.261101, 51.565102
XJD,Al Udeid Air Base,medium_airport,QA,Ar Rayyan,25.1173000336, 51.3149986267
DOH,Hamad International Airport,large_airport,QA,Doha,25.273056, 51.608056
OTT,Andre Maggi Airport,small_airport,BR,Cotriguaçu,-9.898611, -58.581944
OUM,Oum Hadjer Airport,small_airport,TD,Oum Hadjer,13.278244, 19.710256
OXO,Orientos Airport,small_airport,AU,Orientos,-28.0598, 141.5361
ADE,Aden International Airport,medium_airport,YE,Aden,12.8295, 45.028801
EAB,Abs Airport,small_airport,YE,Abs,16.010983, 43.176771
AXK,Ataq Airport,medium_airport,YE,Ataq,14.5513, 46.826199
BYD,Al-Bayda Airport,small_airport,YE,Al-Bayda,14.105974, 45.441079
BHN,Beihan Airport,small_airport,YE,Beihan,14.781714, 45.719703
BUK,Al-Bough Airport,small_airport,YE,Al-Bough,17.3467006683, 44.621700286899994
AAY,Al Ghaydah International Airport,medium_airport,YE,Al Ghaydah,16.193341, 52.174186
HOD,Hodeidah International Airport,medium_airport,YE,Hodeida,14.753000259399414, 42.97629928588867
KAM,Kamaran Airport,small_airport,YE,Kamaran,15.368755, 42.612515
MYN,Marib Airport,small_airport,YE,Marib,15.469228, 45.327272
UKR,Mukeiras Airport,small_airport,YE,Mukayras,13.9368, 45.657
IHN,Qishn Airport,small_airport,YE,Qishn,15.417, 51.682999
RIY,Riyan Mukalla International Airport,medium_airport,YE,Riyan,14.6626, 49.375
SYE,Sadah Airport,small_airport,YE,Sa'dah,16.967542, 43.728103
SAH,Sana'a International Airport,medium_airport,YE,Sana'a,15.476300239562988, 44.21969985961914
SCT,Socotra International Airport,medium_airport,YE,Socotra Islands,12.63070011138916, 53.905799865722656
GXF,Seiyun Hadhramaut International Airport,medium_airport,YE,Seiyun,15.9661, 48.7883
TAI,Ta'izz International Airport,medium_airport,YE,Ta'izz,13.6859998703, 44.139099121099996
OZG,Zagora Airport,medium_airport,MA,Zagora,30.263858, -5.853341
ACU,Achutupu Airport,small_airport,PA,Mamitupu,9.188481, -77.994153
AIL,Ailigandí Airport,small_airport,PA,Isla Lorenzo Bello,9.2226, -78.0236
CTE,Carti Airport,small_airport,PA,Carti,9.31346988678, -79.101600647
MPP,Mulatupo Airport,small_airport,PA,Mulatupo,8.945487, -77.733486
PYC,Playón Chico Airport,small_airport,PA,Ukupseni,9.30692, -78.235273
NMG,San Miguel Airport,small_airport,PA,Isla del Rey,8.456507, -78.934214
PYV,Yaviza Airport,small_airport,PA,Yaviza,8.1528, -77.687
AML,Puerto Armuelles Airport,small_airport,PA,Puerto Armuelles,8.267667, -82.864537
BFQ,Bahia Piña Airport,small_airport,PA,Bahia Piña,7.586764, -78.180251
ELE,EL Real Airport,small_airport,PA,El Real de Santa María,8.1072, -77.7252
OTD,Raul Arias Espinoza Airport,small_airport,PA,Contadora Island,8.62876, -79.034698
SAX,Sambú Airport,small_airport,PA,Boca de Sábalo,8.026279, -78.209555
AKB,Atka Airport,small_airport,US,Atka,52.22029877, -174.2059937
PML,Port Moller Airport,small_airport,US,Cold Bay,56.0060005188, -160.561004639
PTD,Port Alexander Seaplane Base,seaplane_base,US,Port Alexander,56.246799, -134.647995
PAQ,"Warren ""Bud"" Woods Palmer Municipal Airport",medium_airport,US,Palmer,61.594898, -149.08901
BTI,Barter Island Long Range Radar Station Airport,medium_airport,US,Barter Island,70.134003, -143.582001
BET,Bethel Airport,medium_airport,US,Bethel,60.77980042, -161.8379974
BVU,Beluga Airport,small_airport,US,Beluga,61.1721992493, -151.044006348
BIG,Allen Army Airfield,medium_airport,US,Delta Junction Ft Greely,63.9944992065, -145.722000122
BKC,Buckland Airport,medium_airport,US,Buckland,65.981598, -161.149002
BMX,Big Mountain Airport,small_airport,US,Big Mountain,59.362274, -155.260148
BRW,Wiley Post Will Rogers Memorial Airport,medium_airport,US,Utqiaġvik,71.285402, -156.766008
BTT,Bettles Airport,medium_airport,US,Bettles,66.91390228, -151.529007
CDB,Cold Bay Airport,medium_airport,US,Cold Bay,55.2061, -162.725006
CEM,Central Airport,small_airport,US,Central,65.57379913, -144.7830048
CIK,Chalkyitsik Airport,small_airport,US,Chalkyitsik,66.6449966431, -143.740005493
CYF,Chefornak Airport,small_airport,US,Chefornak,60.136667, -164.279167
SCM,Scammon Bay Airport,medium_airport,US,Scammon Bay,61.845298767100005, -165.570999146
IRC,Circle City (New) Airport,small_airport,US,Circle,65.827673, -144.076195
CDV,Merle K (Mudhole) Smith Airport,medium_airport,US,Cordova,60.491798, -145.477997
CXF,Coldfoot Airport,small_airport,US,Coldfoot,67.25219726559999, -150.203994751
CYT,Yakataga Airport,small_airport,US,Yakataga,60.080974, -142.494541
CZF,Cape Romanzof LRRS Airport,medium_airport,US,Cape Romanzof,61.78030014, -166.0390015
DRG,Deering Airport,medium_airport,US,Deering,66.069603, -162.766006
RDB,Red Dog Airport,small_airport,US,Red Dog,68.032097, -162.899002
ADK,Adak Airport,medium_airport,US,Adak,51.883564, -176.642783
DLG,Dillingham Airport,medium_airport,US,Dillingham,59.04470062, -158.5050049
MLL,Marshall Don Hunter Sr Airport,medium_airport,US,Marshall,61.8642997742, -162.026000977
ADQ,Kodiak Airport,medium_airport,US,Kodiak,57.75, -152.4940033
DUT,Tom Madsen (Dutch Harbor) Airport,medium_airport,US,Unalaska,53.89881, -166.544996
KKH,Kongiganak Airport,small_airport,US,Kongiganak,59.960800170899994, -162.880996704
EDF,Elmendorf Air Force Base,medium_airport,US,Anchorage,61.251709, -149.807097
EEK,Eek Airport,small_airport,US,Eek,60.21367264, -162.0438843
EAA,Eagle Airport,small_airport,US,Eagle,64.77639771, -141.151001
EHM,Cape Newenham LRRS Airport,medium_airport,US,Cape Newenham,58.646400451699996, -162.06300354
EIL,Eielson Air Force Base,medium_airport,US,Fairbanks,64.66570282, -147.102005
ELV,Elfin Cove Seaplane Base,seaplane_base,US,Elfin Cove,58.195201873799995, -136.347000122
EMK,Emmonak Airport,medium_airport,US,Emmonak,62.78609848, -164.4909973
ENA,Kenai Municipal Airport,medium_airport,US,Kenai,60.57310104370117, -151.2449951171875
FAI,Fairbanks International Airport,large_airport,US,Fairbanks,64.81510162, -147.8560028
FBK,Ladd Army Airfield,medium_airport,US,Fairbanks,64.837502, -147.613998
ABL,Ambler Airport,medium_airport,US,Ambler,67.107043, -157.854308
FRN,Bryant Army Airfield,small_airport,US,Fort Richardson,61.266399, -149.653
NIB,Nikolai Airport,small_airport,US,Nikolai,63.0186, -154.358002
FWL,Farewell Airport,small_airport,US,Farewell,62.509327, -153.892279
GAL,Edward G. Pitka Sr Airport,medium_airport,US,Galena,64.73619843, -156.9369965
GBH,Galbraith Lake Airport,small_airport,US,Galbraith Lake,68.4796981812, -149.490005493
KWK,Kwigillingok Airport,small_airport,US,Kwigillingok,59.876499, -163.169005
SHG,Shungnak Airport,small_airport,US,Shungnak,66.88809967041, -157.16200256348
GKN,Gulkana Airport,medium_airport,US,Gulkana,62.155859, -145.454662
GLV,Golovin Airport,small_airport,US,Golovin,64.5504989624, -163.007003784
GAM,Gambell Airport,medium_airport,US,Gambell,63.76679992675781, -171.73300170898438
AGN,Angoon Seaplane Base,seaplane_base,US,Angoon,57.497097, -134.56722
BGQ,Big Lake Airport,small_airport,US,Big Lake,61.534658, -149.812936
GST,Gustavus Airport,medium_airport,US,Gustavus,58.4253006, -135.7070007
NME,Nightmute Airport,small_airport,US,Nightmute,60.469129, -164.70407
SGY,Skagway Airport,small_airport,US,Skagway,59.460343, -135.316651
HCR,Holy Cross Airport,medium_airport,US,Holy Cross,62.18830108642578, -159.77499389648438
HSL,Huslia Airport,medium_airport,US,Huslia,65.69789886, -156.3509979
HNS,Haines Airport,medium_airport,US,Haines,59.24380111694336, -135.5240020751953
HOM,Homer Airport,medium_airport,US,Homer,59.645599365234375, -151.4770050048828
HPB,Hooper Bay Airport,medium_airport,US,Hooper Bay,61.52389908, -166.1470032
HUS,Hughes Airport,small_airport,US,Hughes,66.04109955, -154.2630005
SHX,Shageluk Airport,small_airport,US,Shageluk,62.6922988892, -159.569000244
HYG,Hydaburg Seaplane Base,seaplane_base,US,Hydaburg,55.206298828125, -132.8280029296875
IGG,Igiugig Airport,small_airport,US,Igiugig,59.32400131225586, -155.90199279785156
EGX,Egegik Airport,medium_airport,US,Egegik,58.184386, -157.374873
IAN,Bob Baker Memorial Airport,medium_airport,US,Kiana,66.9759979248, -160.43699646
ILI,Iliamna Airport,medium_airport,US,Iliamna,59.75439835, -154.9109955
UTO,Indian Mountain LRRS Airport,medium_airport,US,Utopia Creek,65.99279785, -153.7039948
MCL,Denali National Park Airport,small_airport,US,Denali Park,63.732465, -148.911266
WAA,Wales Airport,small_airport,US,Wales,65.622593, -168.095
JNU,Juneau International Airport,medium_airport,US,Juneau,58.35499954223633, -134.5760040283203
KGK,Koliganek Airport,small_airport,US,Koliganek,59.726600647, -157.259002686
KDK,Kodiak Municipal Airport,small_airport,US,Kodiak,57.8059005737, -152.37399292
KFP,False Pass Airport,small_airport,US,False Pass,54.8474006652832, -163.41000366210938
AKK,Akhiok Airport,small_airport,US,Akhiok,56.9387016296, -154.182998657
KPN,Kipnuk Airport,small_airport,US,Kipnuk,59.932998657199995, -164.031005859
KKA,Koyuk Alfred Adams Airport,small_airport,US,Koyuk,64.9394989014, -161.154006958
LKK,Kulik Lake Airport,small_airport,US,Kulik Lake,58.9821014404, -155.121002197
AKN,King Salmon Airport,medium_airport,US,King Salmon,58.677845, -156.651965
IKO,Nikolski Air Station,small_airport,US,Nikolski,52.94160079956055, -168.8489990234375
AKP,Anaktuvuk Pass Airport,medium_airport,US,Anaktuvuk Pass,68.13359833, -151.7429962
KTN,Ketchikan International Airport,medium_airport,US,Ketchikan,55.35559845, -131.7140045
UUK,Ugnu-Kuparuk Airport,small_airport,US,Kuparuk,70.33080291750001, -149.598007202
KAL,Kaltag Airport,small_airport,US,Kaltag,64.31909943, -158.7409973
KLW,Klawock Airport,medium_airport,US,Klawock,55.579201, -133.076004
KYK,Karluk Airport,small_airport,US,Karluk,57.5671005249, -154.449996948
KLN,Larsen Bay Airport,small_airport,US,Larsen Bay,57.535099, -153.977993
KLG,Kalskag Airport,small_airport,US,Kalskag,61.53630065917969, -160.34100341796875
WCR,Chandalar Lake Airport,small_airport,US,Chandalar Lake,67.5045013428, -148.483001709
LUR,Cape Lisburne LRRS Airport,medium_airport,US,Cape Lisburne,68.87509918, -166.1100006
KMO,Manokotak Airport,small_airport,US,Manokotak,58.990200042699996, -159.050003052
MCG,McGrath Airport,medium_airport,US,McGrath,62.95289993, -155.6060028
MDO,Middleton Island Airport,small_airport,US,Middleton Island,59.4499015808, -146.307006836
LMA,Minchumina Airport,small_airport,US,Minchumina,63.886002, -152.302002
SMK,St Michael Airport,small_airport,US,St Michael,63.49010086, -162.1100006
MLY,Manley Hot Springs Airport,small_airport,US,Manley Hot Springs,64.99759674069999, -150.643997192
MTM,Metlakatla Seaplane Base,seaplane_base,US,Metlakatla,55.131001, -131.578003
MOU,Mountain Village Airport,small_airport,US,Mountain Village,62.095401763916016, -163.6820068359375
MRI,Merrill Field,medium_airport,US,Anchorage,61.2135009765625, -149.843994140625
MXY,Mc Carthy Airport,small_airport,US,Mccarthy,61.4370994568, -142.904006958
MYU,Mekoryuk Airport,medium_airport,US,Mekoryuk,60.37139892578125, -166.27099609375
WNA,Napakiak Airport,small_airport,US,Napakiak,60.69029998779297, -161.97900390625
ANC,Ted Stevens Anchorage International Airport,large_airport,US,Anchorage,61.1744, -149.996002
ANI,Aniak Airport,medium_airport,US,Aniak,61.581600189208984, -159.54299926757812
ENN,Nenana Municipal Airport,medium_airport,US,Nenana,64.548772, -149.074516
NNL,Nondalton Airport,small_airport,US,Nondalton,59.980201721191, -154.8390045166
FNR,Funter Bay Seaplane Base,seaplane_base,US,Funter Bay,58.2543983459, -134.897994995
ANN,Annette Island Airport,medium_airport,US,Metlakatla,55.037026, -131.572695
NUL,Nulato Airport,small_airport,US,Nulato,64.729301, -158.074005
ANV,Anvik Airport,medium_airport,US,Anvik,62.646702, -160.190994
KNW,New Stuyahok Airport,small_airport,US,New Stuyahok,59.4499015808, -157.32800293
OBU,Kobuk Airport,small_airport,US,Kobuk,66.9123001099, -156.897003174
PCA,Portage Creek Airport,small_airport,US,Portage Creek,58.9065, -157.714
HNH,Hoonah Airport,small_airport,US,Hoonah,58.0961, -135.410111
OME,Nome Airport,medium_airport,US,Nome,64.51219940185547, -165.44500732421875
OOK,Toksook Bay Airport,small_airport,US,Toksook Bay,60.54140091, -165.0870056
ORT,Northway Airport,medium_airport,US,Northway,62.9612999, -141.9290009
OTZ,Ralph Wien Memorial Airport,medium_airport,US,Kotzebue,66.88469696, -162.598999
NLG,Nelson Lagoon Airport,small_airport,US,Nelson Lagoon,56.007499694824, -161.16000366211
STG,St George Airport,medium_airport,US,St George,56.577345, -169.663823
KPC,Port Clarence Coast Guard Station,medium_airport,US,Port Clarence,65.2537002563, -166.85899353
KPV,Perryville Airport,small_airport,US,Perryville,55.905725, -159.162188
PSG,Petersburg James A Johnson Airport,medium_airport,US,Petersburg,56.80170059, -132.9450073
PTH,Port Heiden Airport,medium_airport,US,Port Heiden,56.959359, -158.62106
PKA,Napaskiak Airport,small_airport,US,Napaskiak,60.70289993, -161.7779999
PTU,Platinum Airport,medium_airport,US,Platinum,59.01139831542969, -161.82000732421875
PIP,Pilot Point Airport,small_airport,US,Pilot Point,57.5803985596, -157.572006226
PHO,Point Hope Airport,small_airport,US,Point Hope,68.34880065917969, -166.7989959716797
PPC,Prospect Creek Airport,small_airport,US,Prospect Creek,66.814102172852, -150.64399719238
KWN,Quinhagak Airport,small_airport,US,Quinhagak,59.7551, -161.845
NUI,Nuiqsut Airport,medium_airport,US,Nuiqsut,70.209999, -151.005998
ARC,Arctic Village Airport,medium_airport,US,Arctic Village,68.1147, -145.578995
RSH,Russian Mission Airport,small_airport,US,Russian Mission,61.7788848877, -161.319458008
RBY,Ruby Airport,medium_airport,US,Ruby,64.72720337, -155.4700012
SVA,Savoonga Airport,medium_airport,US,Savoonga,63.686401, -170.492996
SCC,Deadhorse Airport,medium_airport,US,Deadhorse,70.19470215, -148.4649963
SDP,Sand Point Airport,medium_airport,US,Sand Point,55.314998626708984, -160.5229949951172
SHH,Shishmaref Airport,medium_airport,US,Shishmaref,66.249604, -166.089112
SIT,Sitka Rocky Gutierrez Airport,medium_airport,US,Sitka,57.04710006713867, -135.36199951171875
WLK,Selawik Airport,small_airport,US,Selawik,66.600098, -159.985992
SLQ,Sleetmute Airport,small_airport,US,Sleetmute,61.7005004883, -157.166000366
KSM,St Mary's Airport,medium_airport,US,St Mary's,62.0605011, -163.302002
SNP,St Paul Island Airport,medium_airport,US,St Paul Island,57.166311, -170.222555
SOV,Seldovia Airport,small_airport,US,Seldovia,59.442401885986, -151.70399475098
SMU,Sheep Mountain Airport,small_airport,US,Sheep Mountain,61.812000274700004, -147.507003784
UMM,Summit Airport,small_airport,US,Cantwell,63.331501, -149.126999
SVW,Sparrevohn LRRS Airport,medium_airport,US,Sparrevohn,61.09740067, -155.5740051
SKW,Skwentna Airport,small_airport,US,Skwentna,61.9653015137, -151.190994263
SXQ,Soldotna Airport,medium_airport,US,Soldotna,60.474935, -151.038471
SYA,Eareckson Air Station,medium_airport,US,Shemya,52.71229935, 174.1139984
TAL,Ralph M Calhoun Memorial Airport,small_airport,US,Tanana,65.1744003296, -152.10899353
TNC,Tin City Long Range Radar Station Airport,small_airport,US,Tin City,65.56310272, -167.9219971
TLA,Teller Airport,small_airport,US,Teller,65.2404022217, -166.339004517
TOG,Togiak Airport,medium_airport,US,Togiak Village,59.052799224853516, -160.39700317382812
TKA,Talkeetna Airport,medium_airport,US,Talkeetna,62.320499420166, -150.09399414062
TLJ,Tatalina LRRS Airport,medium_airport,US,Takotna,62.894401550299996, -155.977005005
ATK,Atqasuk Edward Burnell Sr Memorial Airport,medium_airport,US,Atqasuk,70.46704, -157.436013
AUK,Alakanuk Airport,small_airport,US,Alakanuk,62.680042266799994, -164.659927368
UMT,Umiat Airport,small_airport,US,Umiat,69.37110138, -152.1360016
UNK,Unalakleet Airport,small_airport,US,Unalakleet,63.88840103, -160.798996
WOW,Willow Airport,small_airport,US,Willow,61.7542, -150.052002
KQA,Akutan Airport,small_airport,US,Akutan,54.14459, -165.604332
VAK,Chevak Airport,small_airport,US,Chevak,61.5409, -165.6005
KVC,King Cove Airport,small_airport,US,King Cove,55.11629867553711, -162.26600646972656
VDZ,Valdez Pioneer Field,medium_airport,US,Valdez,61.1339, -146.248001
VEE,Venetie Airport,small_airport,US,Venetie,67.0086975098, -146.365997314
KVL,Kivalina Airport,medium_airport,US,Kivalina,67.73619842529297, -164.56300354003906
WBQ,Beaver Airport,small_airport,US,Beaver,66.362197876, -147.406997681
SWD,Seward Airport,medium_airport,US,Seward,60.130478, -149.418612
WRG,Wrangell Airport,medium_airport,US,Wrangell,56.48429871, -132.3699951
AIN,Wainwright Airport,medium_airport,US,Wainwright,70.638, -159.994995
WMO,White Mountain Airport,small_airport,US,White Mountain,64.689201355, -163.412994385
WTK,Noatak Airport,medium_airport,US,Noatak,67.56610107421875, -162.97500610351562
WWA,Wasilla Airport,medium_airport,US,Wasilla,61.5717010498, -149.539993286
YAK,Yakutat Airport,medium_airport,US,Yakutat,59.508717, -139.660435
CIS,Canton Island Airport,medium_airport,KI,Abariringa,-2.7681200504300003, -171.710006714
PCQ,Boun Neau Airport,small_airport,LA,Phongsaly,21.6475, 101.9
PDI,Pindiu Airport,small_airport,PG,Pindiu,-6.445138888890001, 147.515833333
PDR,Presidente José Sarney Airport,small_airport,BR,Presidente Dutra,-5.3098, -44.481
PEB,Pebane Airport,small_airport,MZ,Pebane,-17.27276, 38.18073
PEC,Pelican Seaplane Base,seaplane_base,US,Pelican,57.955200195312, -136.23599243164
AKI,Akiak Airport,small_airport,US,Akiak,60.9029006958, -161.231002808
AET,Allakaket Airport,small_airport,US,Allakaket,66.5518035889, -152.621994019
PFC,Pacific City State Airport,small_airport,US,Pacific City,45.199798584, -123.961997986
NCN,Chenega Bay Airport,small_airport,US,Chenega,60.077602, -147.99468
CLP,Clarks Point Airport,small_airport,US,Clarks Point,58.83369827, -158.529007
ELI,Elim Airport,small_airport,US,Elim,64.61470032, -162.2720032
KUK,Kasigluk Airport,small_airport,US,Kasigluk,60.87440109, -162.5240021
KNK,Kokhanok Airport,small_airport,US,Kokhanok,59.433200836199994, -154.804000854
KOT,Kotlik Airport,small_airport,US,Kotlik,63.0306015015, -163.533004761
KTS,Brevig Mission Airport,small_airport,US,Brevig Mission,65.3312988281, -166.466003418
KYU,Koyukuk Airport,small_airport,US,Koyukuk,64.8760986328, -157.727005005
KWT,Kwethluk Airport,small_airport,US,Kwethluk,60.790298461899994, -161.444000244
ORV,Robert (Bob) Curtis Memorial Airport,small_airport,US,Noorvik,66.817902, -161.018997
SKK,Shaktoolik Airport,small_airport,US,Shaktoolik,64.37110138, -161.223999
TKJ,Tok Junction Airport,small_airport,US,Tok,63.32949829, -142.9539948
WSN,South Naknek Number 2 Airport,small_airport,US,South Naknek,58.703202, -157.006373
FYU,Fort Yukon Airport,medium_airport,US,Fort Yukon,66.57150268554688, -145.25
CPN,Cape Rodney Airport,small_airport,PG,Cape Rodney,-10.179823004, 148.379030228
EMI,Emirau Airport,small_airport,PG,Emirau Island,-1.653949991, 149.9757667
ERE,Erave Airport,small_airport,PG,Erave,-6.60646315446, 143.900213242
ESA,Esa'ala Airport,small_airport,PG,Esa'ala,-9.874327023180001, 150.954208374
GAR,Garaina Airport,small_airport,PG,Garaina,-7.875625027460001, 147.141265869
GOE,Gonaili Airport,small_airport,PG,Gonaili,-5.527716614, 151.5733333
BPD,Bapi Airstrip,small_airport,PG,Bapi,-7.743611111110001, 147.020555556
BPK,Biangabip Airport,small_airport,PG,Biangabip,-5.526388888890001, 141.744583333
MZN,Minj Airport,small_airport,PG,Minj,-5.902962, 144.686586
SGK,Sengapi Airstrip,small_airport,PG,Sengapi,-5.12583333333, 144.323611111
KII,Kibuli Airstrip,small_airport,PG,Kibuli,-9.006528, 142.698056
SMP,Stockholm Landing Strip,small_airport,PG,Stockholm,-4.35, 151.55
AKG,Anguganak Airport,small_airport,PG,Anguganak,-3.560504, 142.217307
TAJ,Tadji Airport,small_airport,PG,Aitape,-3.19819180354, 142.430963516
AWB,Awaba Airport,small_airport,PG,Awaba,-8.00611019135, 142.748352051
BAA,Bialla Airport,small_airport,PG,"Bialla, Matalilu, Ewase",-5.3305602073700005, 151.007995605
CVB,Chungribu Airport,small_airport,PG,Chungribu,-4.806620121, 144.714996338
GMI,Gasmata Island Airport,small_airport,PG,Gasmata Island,-6.27111005783, 150.330993652
GVI,Green River Airport,small_airport,PG,Green River,-3.9022428989400004, 141.170516968
HYF,Hayfields Airport,small_airport,PG,Bainyik,-3.69838, 143.057902
IHU,Ihu Airport,small_airport,PG,Ihu,-7.8975601196300005, 145.395996094
IIS,Nissan Island Airport,small_airport,PG,Nissan Island,-4.49972009659, 154.225997925
JAQ,Jacquinot Bay Airport,small_airport,PG,Jacquinot Bay,-5.65250015259, 151.507003784
KDR,Kandrian Airport,small_airport,PG,Kandrian,-6.19217, 149.54783
KKD,Kokoda Airport,small_airport,PG,Kokoda,-8.88467884064, 147.730957031
KUY,Kamusi Airport,small_airport,PG,Kamusi,-7.420347, 143.121811
KWO,Kawito Airport,small_airport,PG,Kawito,-7.977006912229999, 142.823577881
LMI,Lumi Airport,small_airport,PG,Lumi,-3.47683951134, 142.041292191
LMY,Lake Murray Airport,small_airport,PG,Lake Murray,-7.00992012024, 141.494003296
OBX,Obo Airport,small_airport,PG,Obo,-7.590622421369999, 141.324262619
OPU,Balimo Airport,medium_airport,PG,Balimo,-8.05000019073, 142.932998657
SKC,Suki Airport,small_airport,PG,Suki,-8.0466, 141.7222
TFI,Tufi Airport,small_airport,PG,Tufi,-9.07595443726, 149.319839478
TFM,Telefomin Airport,small_airport,PG,Telefomin,-5.12608, 141.641922
TLO,Tol Airport,small_airport,PG,Tol,-4.98083019257, 152.009994507
UKU,Nuku Airport,small_airport,PG,Nuku,-3.676651, 142.484334
ULE,Sule Airport,small_airport,PG,Sule,-4.974720001220703, 151.2969970703125
VMU,Baimuru Airport,medium_airport,PG,Baimuru,-7.49686002731, 144.819900513
WPM,Wipim Airport,small_airport,PG,Wipim,-8.788220405579999, 142.882003784
PGE,Yegepa Airport,small_airport,PG,,-7.134444444440001, 146.156388889
PGM,Port Graham Airport,small_airport,US,Port Graham,59.348300933838, -151.83200073242
ROP,Rota International Airport,medium_airport,MP,Rota Island,14.1743, 145.242996
SPN,Saipan International Airport,medium_airport,MP,"I Fadang, Saipan",15.119, 145.729004
UAM,Andersen Air Force Base,medium_airport,GU,Yigo,13.584, 144.929998
GUM,Antonio B. Won Pat International Airport,large_airport,GU,Hagåtña,13.4834, 144.796005
TIQ,Tinian International Airport,medium_airport,MP,Tinian Island,14.9992, 145.619003
CGY,Laguindingan International Airport,medium_airport,PH,Cagayan de Oro,8.612203, 124.456496
LLC,Cagayan North International Airport,medium_airport,PH,Lal-lo,18.182388, 121.745853
ENI,El Nido Airport,small_airport,PH,El Nido,11.202399, 119.416087
BKH,Barking Sands Airport,medium_airport,US,Kekaha,22.0228, -159.785004
HDH,Kawaihapai Airfield,small_airport,US,Mokuleia,21.5795, -158.197006
HHI,Wheeler Army Airfield,small_airport,US,Wahiawa,21.481637, -158.037048
HNM,Hana Airport,medium_airport,US,Hana,20.795601, -156.014008
HIK,Hickam Air Force Base,medium_airport,US,Honolulu,21.335278, -157.948333
JHM,Kapalua Airport,medium_airport,US,Lahaina,20.9629, -156.673004
JRF,Kalaeloa Airport,medium_airport,US,Kapolei,21.3074, -158.070009
KOA,Ellison Onizuka Kona International Airport at Keahole,medium_airport,US,Kailua-Kona,19.738783, -156.045603
LIH,Lihue Airport,medium_airport,US,Lihue,21.976, -159.339005
LUP,Kalaupapa Airport,small_airport,US,Kalaupapa,21.211, -156.973999
MKK,Molokai Airport,medium_airport,US,Kaunakakai,21.152901, -157.095993
MUE,Waimea Kohala Airport,medium_airport,US,Waimea (Kamuela),20.001301, -155.667999
NGF,Kaneohe Bay MCAS (Marion E. Carl Field) Airport,medium_airport,US,Kaneohe,21.4505, -157.768005
HNL,Daniel K Inouye International Airport,large_airport,US,Honolulu,21.32062, -157.924228
LNY,Lanai Airport,medium_airport,US,Lanai City,20.785675, -156.951324
OGG,Kahului International Airport,medium_airport,US,Kahului,20.898543, -156.431212
PAK,Port Allen Airport,small_airport,US,Hanapepe,21.8969, -159.602997
BSF,Bradshaw Army Airfield,small_airport,US,Waimea (Kamuela),19.760099, -155.554001
ITO,Hilo International Airport,medium_airport,US,Hilo,19.721399, -155.048004
UPP,Upolu Airport,small_airport,US,Hawi,20.265301, -155.860001
BHC,Bhurban Heliport,small_airport,PK,Bhurban,33.96099853515625, 73.4520034790039
CWP,Campbellpore Airport,small_airport,PK,Campbellpore,33.766700744628906, 72.36689758300781
GRT,Gujrat Airport,small_airport,PK,Gujrat,32.62826, 74.067287
KCF,Kadanwari Airport,small_airport,PK,Kadanwari,27.1667003632, 69.31670379639999
REQ,Reko Diq Airport,small_airport,PK,Chagai,29.04692, 62.196819
ENT,Eniwetok Airport,small_airport,MH,Eniwetok Atoll,11.340700149536133, 162.3280029296875
MAJ,Marshall Islands International Airport,medium_airport,MH,Majuro Atoll,7.064760208129883, 171.27200317382812
KAI,Kaieteur International Airport,medium_airport,GY,Kaieteur Falls,5.17275476456, -59.491481781
KWA,Bucholz Army Air Field,medium_airport,MH,Kwajalein,8.720120429992676, 167.73199462890625
CXI,Cassidy International Airport,medium_airport,KI,Kiritimati,1.986278, -157.350011
PLE,Paiela Airport,small_airport,PG,Paiela,-5.372407, 142.975774
TNV,Tabuaeran Island Airport,small_airport,KI,Tabuaeran Island,3.899440050125122, -159.38900756835938
TNQ,Washington Island Airstrip,small_airport,KI,Teraina,4.698359, -160.394376
MDY,Henderson Field,medium_airport,UM,Sand Island,28.2017, -177.380997
PMP,Pimaga Airport,small_airport,PG,Pimaga,-6.49916666667, 143.510277778
PIZ,Point Lay LRRS Airport,medium_airport,US,Point Lay,69.73290253, -163.0050049
PPX,Param Airport,small_airport,PG,Nepesi,-9.99, 149.477
PQD,Passikudah Helipad,heliport,LK,Batticaloa,7.92310659595, 81.567735672
HUC,Humacao Airport,small_airport,PR,Humacao,18.1380996704, -65.8013000488
XSO,Siocon Airport,small_airport,PH,Siocon,7.710035, 122.161989
TKK,Chuuk International Airport,medium_airport,FM,Weno Island,7.461870193481445, 151.84300231933594
PNI,Pohnpei International Airport,medium_airport,FM,Pohnpei Island,6.985099792480469, 158.20899963378906
ROR,Babelthuap Airport,medium_airport,PW,Babelthuap Island,7.36731, 134.544236
KSA,Kosrae International Airport,medium_airport,FM,Okat,5.35698, 162.957993
YAP,Yap International Airport,medium_airport,FM,Yap Island,9.49891, 138.082993
PUA,Puas Airport,small_airport,PG,Puas Mission,-2.395, 150.2361
AWK,Wake Island Airfield,medium_airport,UM,Wake Island,19.282437, 166.636637
PWR,Port Walter Seaplane Base,seaplane_base,US,Port Walter,56.381001, -134.651001
BFA,Aeródromo de Bahía Negra,small_airport,PY,Bahía Negra,-20.2246, -58.179528
OLK,Aeropuerto Nacional de Fuerte Olimpo,medium_airport,PY,Fuerte Olimpo,-21.045874, -57.881223
PBT,Aeródromo de Puerto Leda,small_airport,PY,Puerto Leda,-20.9046, -57.927101
PCJ,Aeródromo de Puerto La Victoria,small_airport,PY,Puerto La Victoria,-22.289298, -57.860484
PYL,Perry Island Seaplane Base,seaplane_base,US,Perry Island,60.685298919699996, -147.919006348
KIO,Kili Airport,small_airport,MH,Kili Island,5.64386, 169.124586
QFX,Igaliku Heliport,heliport,GL,Igaliku,60.99229, -45.431428
QJP,Pocheon (G-217) Airport,small_airport,KR,Pocheon,37.864555, 127.176633
RAA,Rakanda Airport,small_airport,PG,Rakanda,-4.2096, 152.4385
RAW,Arawa Airport,small_airport,PG,Arawa,-6.220555555560001, 155.571388889
RAX,Oram Airport,small_airport,PG,,-9.632916666669997, 148.048055556
RBP,Raba Raba Airport,small_airport,PG,Rabaraba,-9.97111111111, 149.832222222
KNH,Kinmen Airport,medium_airport,TW,Shang-I,24.4279, 118.359001
LZN,Matsu Nangan Airport,medium_airport,TW,Matsu (Nangan),26.1598, 119.958
TTT,Taitung Airport,medium_airport,TW,Taitung City,22.7549991607666, 121.10199737548828
GNI,Lyudao Airport,small_airport,TW,Lyudao,22.673900604248047, 121.46600341796875
KHH,Kaohsiung International Airport,large_airport,TW,Kaohsiung (Xiaogang),22.577101, 120.349998
CYI,Chiayi Airport,medium_airport,TW,Chiayi City,23.46179962158203, 120.39299774169922
HCN,Hengchun Airport,medium_airport,TW,Hengchung,22.041099548339844, 120.7300033569336
KYD,Lanyu Airport,medium_airport,TW,Orchid Island,22.027000427246094, 121.53500366210938
RMQ,Taichung International Airport / Ching Chuang Kang Air Base,medium_airport,TW,Taichung (Qingshui),24.2647, 120.621002
MFK,Matsu Beigan Airport,medium_airport,TW,Matsu (Beigan),26.224199, 120.002998
TNN,Tainan International Airport / Tainan Air Base,medium_airport,TW,Tainan (Rende),22.950399, 120.206001
HSZ,Hsinchu Air Base,medium_airport,TW,Hsinchu City,24.8180007935, 120.939002991
MZG,Penghu Magong Airport,medium_airport,TW,Huxi,23.568701, 119.627998
PIF,Pingtung North Airport,medium_airport,TW,Pingtung,22.700199127197266, 120.48200225830078
TSA,Taipei Songshan Airport,medium_airport,TW,Taipei City,25.069400787353516, 121.552001953125
TPE,Taiwan Taoyuan International Airport,large_airport,TW,Taoyuan (Dayuan),25.0777, 121.233002
WOT,Wang'an Airport,small_airport,TW,Wang'an,23.369108, 119.503598
HUN,Hualien Airport,medium_airport,TW,Hualien City,24.023099899291992, 121.61799621582031
RDV,Red Devil Airport,small_airport,US,Red Devil,61.7881011963, -157.350006104
RHR,Ras al Khaimah Al Hamra Seaplane Base,seaplane_base,AE,Ras Al Khaimah,25.691, 55.778
RHT,Alxa Right Banner Badanjilin Airport,small_airport,CN,Badanjilin,39.225, 101.546
NRT,Narita International Airport,large_airport,JP,Narita,35.764702, 140.386002
MMJ,Shinshu-Matsumoto Airport,medium_airport,JP,Matsumoto,36.166801, 137.923004
IBR,Ibaraki Airport / JASDF Hyakuri Air Base,medium_airport,JP,Omitama,36.181099, 140.414993
MUS,JMSDF Minami Torishima Air Base,small_airport,JP,Ogasawara,24.2897, 153.979004
IWO,Iwo Jima Airbase,medium_airport,JP,Ogasawara,24.784153, 141.32261
KIX,Kansai International Airport,large_airport,JP,Osaka,34.427299, 135.244003
SHM,Nanki Shirahama Airport,medium_airport,JP,Shirahama,33.6622009277, 135.363998413
UKB,Kobe Airport,medium_airport,JP,Kobe,34.6328010559082, 135.2239990234375
HIW,Hiroshima Heliport,heliport,JP,Hiroshima,34.371451, 132.417666
TJH,Konotori Tajima Airport,medium_airport,JP,Toyooka,35.512798, 134.787003
OBO,Tokachi-Obihiro Airport,medium_airport,JP,Obihiro,42.7332992554, 143.216995239
CTS,New Chitose Airport,large_airport,JP,Sapporo,42.7752, 141.692001
HKD,Hakodate Airport,medium_airport,JP,Hakodate,41.77, 140.822006
KUH,Kushiro Airport,medium_airport,JP,Kushiro,43.041000366199995, 144.192993164
MMB,Memanbetsu Airport,medium_airport,JP,Ōzora,43.8805999756, 144.164001465
SHB,Nakashibetsu Airport,medium_airport,JP,Nakashibetsu,43.5774993896, 144.960006714
OKD,Sapporo Okadama Airport,medium_airport,JP,Sapporo,43.117447, 141.38134
RBJ,Rebun Airport,small_airport,JP,Rebun,45.4550018311, 141.039001465
WKJ,Wakkanai Airport,medium_airport,JP,Wakkanai,45.4042015076, 141.800994873
AXJ,Amakusa Airport,small_airport,JP,Amakusa,32.482498, 130.158997
IKI,Iki Airport,medium_airport,JP,Iki,33.7490005493, 129.785003662
UBJ,Yamaguchi Ube Airport,medium_airport,JP,Ube,33.930000305200004, 131.279006958
TSJ,Tsushima Airport,medium_airport,JP,Tsushima,34.2849006653, 129.330993652
OMJ,JMSDF Omura Air Base,small_airport,JP,Nagasaki,32.928046, 129.934168
MBE,Monbetsu Airport,medium_airport,JP,Monbetsu,44.303901672399995, 143.404006958
AKJ,Asahikawa Airport,medium_airport,JP,Higashikagura,43.670799, 142.447006
OIR,Okushiri Airport,medium_airport,JP,Okushiri Island,42.0717010498, 139.432998657
RIS,Rishiri Airport,medium_airport,JP,Rishiri,45.2420005798, 141.186004639
KUM,Yakushima Airport,medium_airport,JP,Yakushima,30.385599, 130.658997
FUJ,Fukue Airport,medium_airport,JP,Goto,32.66630172729492, 128.83299255371094
FUK,Fukuoka Airport,large_airport,JP,Fukuoka,33.585899353027344, 130.4510040283203
TNE,New Tanegashima Airport,medium_airport,JP,Tanegashima,30.605100631699997, 130.990997314
KOJ,Kagoshima Airport,large_airport,JP,Kagoshima,31.80340003967285, 130.718994140625
KMI,Miyazaki Airport,medium_airport,JP,Miyazaki,31.877199173, 131.449005127
OIT,Oita Airport,medium_airport,JP,Oita,33.479400634799994, 131.736999512
KKJ,Kitakyushu Airport,medium_airport,JP,Kitakyushu,33.845901, 131.035004
HSG,Saga Airport,medium_airport,JP,Saga,33.149700164799995, 130.302001953
KMJ,Kumamoto Airport,medium_airport,JP,Kumamoto,32.83729934692383, 130.85499572753906
NGS,Nagasaki Airport,medium_airport,JP,Nagasaki,32.916900634799994, 129.914001465
NGO,Chubu Centrair International Airport,large_airport,JP,Tokoname,34.8583984375, 136.80499267578125
ASJ,Amami Airport,medium_airport,JP,Amami,28.430599212646484, 129.71299743652344
OKE,Okinoerabu Airport,medium_airport,JP,Wadomari,27.425501, 128.701004
KKX,Kikai Airport,medium_airport,JP,Kikai,28.321300506599997, 129.927993774
TKN,Tokunoshima Airport,medium_airport,JP,Amagi,27.836399, 128.880997
NKM,Nagoya Airport / JASDF Komaki Air Base,medium_airport,JP,Nagoya,35.255759, 136.924095
FKJ,Fukui Airport,medium_airport,JP,,36.1427993774, 136.223999023
QGU,Gifu Airport,medium_airport,JP,Gifu,35.394100189208984, 136.8699951171875
KMQ,Komatsu Airport / JASDF Komatsu Air Base,medium_airport,JP,Kanazawa,36.3946, 136.406998
OKI,Oki Global Geopark Airport,medium_airport,JP,Okinoshima,36.178388, 133.323566
FSZ,Mount Fuji Shizuoka Airport,medium_airport,JP,Makinohara / Shimada,34.796043, 138.187752
TOY,Toyama Airport,medium_airport,JP,Toyama,36.64830017089844, 137.18800354003906
NTQ,Noto Satoyama Airport,medium_airport,JP,Wajima,37.293098, 136.962006
HIJ,Hiroshima Airport,medium_airport,JP,Hiroshima,34.4361, 132.919006
OKJ,Okayama Momotaro Airport,medium_airport,JP,Okayama,34.756901, 133.854996
IZO,Izumo Enmusubi Airport,medium_airport,JP,Izumo,35.413601, 132.889999
YGJ,Yonago Kitaro Airport / JASDF Miho Air Base,medium_airport,JP,Yonago,35.492199, 133.235992
IWK,Iwakuni Kintaikyo Airport / Marine Corps Air Station Iwakuni,medium_airport,JP,Iwakuni,34.146333, 132.247238
KCZ,Kochi Ryoma Airport,medium_airport,JP,Nankoku,33.546101, 133.669006
MYJ,Matsuyama Airport,medium_airport,JP,Matsuyama,33.82720184326172, 132.6999969482422
ITM,Osaka International Airport,large_airport,JP,Osaka,34.785499572753906, 135.43800354003906
TTJ,Tottori Sand Dunes Conan Airport,medium_airport,JP,Tottori,35.530102, 134.167007
TKS,Tokushima Awaodori Airport / JMSDF Tokushima Air Base,medium_airport,JP,Tokushima,34.132801, 134.606995
TAK,Takamatsu Airport,medium_airport,JP,Takamatsu,34.214199066199996, 134.01600647
IWJ,Iwami Airport,medium_airport,JP,Masuda,34.676399231, 131.789993286
AOJ,Aomori Airport,medium_airport,JP,Aomori,40.73469924926758, 140.6909942626953
GAJ,Yamagata Airport,medium_airport,JP,Higashine,38.4119, 140.371002
SDS,Sado Airport,medium_airport,JP,Sado,38.0601997375, 138.414001465
FKS,Fukushima Airport,medium_airport,JP,Sukagawa,37.22740173339844, 140.43099975585938
HHE,JMSDF Hachinohe Air Base / Hachinohe Airport,medium_airport,JP,Hachinohe,40.551181, 141.465428
HNA,Iwate Hanamaki Airport,medium_airport,JP,Hanamaki,39.4286, 141.134995
AXT,Akita Airport,medium_airport,JP,Akita,39.615601, 140.218994
MSJ,Misawa Air Base / Misawa Airport,medium_airport,JP,Misawa,40.703201, 141.367996
KIJ,Niigata Airport,medium_airport,JP,Niigata,37.9558982849, 139.121002197
ONJ,Odate Noshiro Airport,medium_airport,JP,Kitaakita,40.191898, 140.371002
SDJ,Sendai Airport,large_airport,JP,Natori,38.139702, 140.917007
SYO,Shonai Airport,medium_airport,JP,Shonai,38.812199, 139.787003
NJA,JMSDF Atsugi Air Base / Naval Air Facility Atsugi,medium_airport,JP,Ayase / Yamato,35.454601, 139.449997
HAC,Hachijojima Airport,medium_airport,JP,Hachijojima,33.115002, 139.785995
OIM,Oshima Airport,medium_airport,JP,Izu Oshima,34.782001495399996, 139.36000061
MYE,Miyakejima Airport,medium_airport,JP,Miyakejima,34.073600769, 139.559997559
HND,Tokyo Haneda International Airport,large_airport,JP,Tokyo,35.552299, 139.779999
OKO,Yokota Air Base,large_airport,JP,Fussa,35.748501, 139.348007
MWX,Muan International Airport,large_airport,KR,Piseo-ri (Muan),34.991406, 126.382814
KWJ,Gwangju Airport,medium_airport,KR,Gwangju,35.123173, 126.805444
KUV,Kunsan Air Base,medium_airport,KR,Kunsan,35.903801, 126.615997
CHN,Jeonju (G 703) Air Base,small_airport,KR,Jeonju,35.878289, 127.11894
RSU,Yeosu Airport,medium_airport,KR,Yeosu,34.84230041503906, 127.61699676513672
KAG,Gangneung Airport (K-18),medium_airport,KR,Gangneung,37.753601, 128.943915
WJU,Wonju Airport / Hoengseong Air Base (K-38/K-46),medium_airport,KR,Wonju,37.437113, 127.960051
YNY,Yangyang International Airport,medium_airport,KR,Gonghang-ro,38.061298, 128.669006
CJU,Jeju International Airport,large_airport,KR,Jeju City,33.512058, 126.492548
JDG,Jeongseok Airport,medium_airport,KR,Jeju Island,33.3996009827, 126.711997986
CHF,Jinhae Air Base,small_airport,KR,Jinhae,35.140248, 128.696229
PUS,Gimhae International Airport,large_airport,KR,Busan,35.179501, 128.938004
HIN,Sacheon Airport / Sacheon Air Base,medium_airport,KR,Sacheon,35.088591, 128.071747
USN,Ulsan Airport,medium_airport,KR,Ulsan,35.59349823, 129.352005005
ICN,Incheon International Airport,large_airport,KR,Seoul,37.46910095214844, 126.45099639892578
SSN,Seoul Air Base (K-16),medium_airport,KR,Seongnam,37.444744, 127.112718
OSN,Osan Air Base,medium_airport,KR,,37.090599, 127.029999
GMP,Gimpo International Airport,large_airport,KR,Seoul,37.5583, 126.791
SWU,Suwon Airport,medium_airport,KR,Suwon,37.239399, 127.007004
QDY,Taean Airport,small_airport,KR,Taean,36.593781, 126.29662
KPO,Pohang Airport (G-815/K-3),medium_airport,KR,Pohang,35.987955, 129.420383
TAE,Daegu Airport,medium_airport,KR,Daegu,35.896872, 128.65531
HMY,Seosan Air Base,small_airport,KR,Seosan,36.703999, 126.486
CJJ,Cheongju International Airport/Cheongju Air Base (K-59/G-513),medium_airport,KR,Cheongju,36.717008, 127.498741
YEC,Yecheon Airbase,medium_airport,KR,Yecheon-ri,36.630373, 128.34971
RKU,Kairuku Airport,small_airport,PG,Yule Island,-8.817000054, 146.5243833
RKY,Rokeby Airport,small_airport,AU,Rokeby,-13.6434, 142.641
RLP,Rosella Plains Airport,small_airport,AU,Rosella Plains,-18.4253, 144.4587
RMP,Rampart Airport,small_airport,US,Rampart,65.507896, -150.141007
OKA,Naha Airport / JASDF Naha Air Base,large_airport,JP,Naha,26.195801, 127.646004
DNA,Kadena Air Base,large_airport,JP,,26.351667, 127.769444
UEO,Kumejima Airport,medium_airport,JP,Kumejima,26.363445, 126.71384
KJP,Kerama Airport,small_airport,JP,Zamami,26.168337, 127.293423
MMD,Minamidaito Airport,medium_airport,JP,Minamidaito,25.8465, 131.263
MMY,Miyako Airport,medium_airport,JP,Miyako City,24.782800674399997, 125.294998169
AGJ,Aguni Airport,small_airport,JP,Aguni,26.592755, 127.240335
IEJ,Iejima Airport,medium_airport,JP,Ie,26.722537, 127.786801
HTR,Hateruma Airport,small_airport,JP,Taketomi,24.059751, 123.80558
KTD,Kitadaito Airport,medium_airport,JP,Kitadaitōjima,25.9447002411, 131.32699585
SHI,Miyako Shimojishima Airport,medium_airport,JP,Miyakojima,24.8267, 125.144997
TRA,Tarama Airport,medium_airport,JP,Tarama,24.653900146499996, 124.675003052
RNJ,Yoron Airport,medium_airport,JP,Yoron,27.044001, 128.401993
OGN,Yonaguni Airport,medium_airport,JP,Yonaguni,24.467298, 122.979827
BSI,Balesin Island Airport,small_airport,PH,Balesin,14.419365, 122.039402
SFS,Subic Bay International Airport / Naval Air Station Cubi Point,medium_airport,PH,Olongapo,14.7944, 120.271004
CRK,Clark International Airport / Clark Air Base,medium_airport,PH,Mabalacat,15.186, 120.559998
LAO,Laoag International Airport,medium_airport,PH,Laoag City,18.176121, 120.531034
MNL,Ninoy Aquino International Airport,large_airport,PH,Manila,14.5086, 121.019997
CYU,Cuyo Airport,small_airport,PH,Cuyo,10.858099937438965, 121.06900024414062
SGL,Danilo Atienza Air Base,medium_airport,PH,Cavite,14.4954, 120.903999
LBX,Lubang Airport,medium_airport,PH,,13.855400085449219, 120.1050033569336
AAV,Allah Valley Airport,medium_airport,PH,Surallah,6.367903, 124.752431
CBO,Cotabato (Awang) Airport,medium_airport,PH,Datu Odin Sinsuat,7.164753, 124.209938
DVO,Francisco Bangoy International Airport,large_airport,PH,Davao,7.12552, 125.646004
BXU,Bancasi Airport,medium_airport,PH,Butuan,8.9515, 125.4788
BPH,Bislig Airport,medium_airport,PH,Bislig,8.195052, 126.321015
DPL,Dipolog Airport,medium_airport,PH,Dipolog,8.601983, 123.341875
CGM,Camiguin Airport,medium_airport,PH,Mambajao,9.253894, 124.709115
IGN,Maria Cristina (Iligan) Airport,small_airport,PH,Balo-i,8.13049, 124.214996
JOL,Jolo Airport,medium_airport,PH,,6.0536699295043945, 121.01100158691406
MLP,Malabang Airport,small_airport,PH,Malabang,7.616911, 124.057961
TWT,Sanga Sanga Airport,medium_airport,PH,Bongao,5.048196, 119.743338
OZC,Labo Airport,medium_airport,PH,Ozamiz,8.17851, 123.842003
PAG,Pagadian Airport,medium_airport,PH,Pagadian,7.825632, 123.459635
MXI,Mati National Airport,medium_airport,PH,Mati,6.949091, 126.27368
GES,General Santos International Airport,medium_airport,PH,General Santos,6.05800008774, 125.096000671
SUG,Surigao Airport,medium_airport,PH,Surigao City,9.755838325629998, 125.480947495
CDY,Cagayan de Sulu Airport,small_airport,PH,Mapun,7.013999938964844, 118.49600219726562
IPE,Ipil Airport,small_airport,PH,Ipil,7.784898, 122.6015
TDG,Tandag Airport,medium_airport,PH,Tandag,9.072002, 126.17132
ZAM,Zamboanga International Airport,medium_airport,PH,Zamboanga City,6.922420024871826, 122.05999755859375
IAO,Siargao Airport,small_airport,PH,Del Carmen,9.8591, 126.014
RZP,Cesar Lim Rodriguez (Taytay-Sandoval) Airport,small_airport,PH,Taytay,11.05065, 119.519266
TAG,Bohol-Panglao International Airport,medium_airport,PH,Panglao,9.573045, 123.770143
SWL,San Vicente Airport,small_airport,PH,San Vicente,10.524298, 119.272899
BAG,Loakan Airport,medium_airport,PH,Baguio City,16.375099182128906, 120.62000274658203
DTE,Daet Airport,medium_airport,PH,Daet,14.129199981689453, 122.9800033569336
SJI,San Jose Airport,medium_airport,PH,San Jose,12.361499786399998, 121.04699707
MBO,Mamburao Airport,medium_airport,PH,Mamburao,13.208048, 120.605457
WNP,Naga Airport,medium_airport,PH,Naga,13.58489990234375, 123.2699966430664
BSO,Basco Airport,medium_airport,PH,Basco,20.4513, 121.980003
BQA,Dr Juan C Angara Airport,medium_airport,PH,Baler,15.729309, 121.500034
SFE,San Fernando Airport,medium_airport,PH,,16.595600128173828, 120.3030014038086
TUG,Tuguegarao Airport,medium_airport,PH,Tuguegarao City,17.6433676823, 121.733150482
VRC,Virac Airport,medium_airport,PH,Virac,13.576399803161621, 124.20600128173828
MRQ,Marinduque Airport,medium_airport,PH,Gasan,13.361000061035156, 121.82599639892578
CYZ,Cauayan Airport,medium_airport,PH,Cauayan City,16.9298992157, 121.752998352
RPV,Roper Valley Airport,small_airport,AU,Roper Valley,-14.9215, 134.05
TAC,Daniel Z. Romualdez Airport,medium_airport,PH,Tacloban City,11.227761, 125.027783
BCD,Bacolod-Silay Airport,medium_airport,PH,Bacolod City,10.7764, 123.014999
CYP,Calbayog Airport,medium_airport,PH,Calbayog City,12.072699546813965, 124.54499816894531
DGT,Sibulan Airport,medium_airport,PH,Dumaguete City,9.334183, 123.30191
MPH,Godofredo P. Ramos Airport,medium_airport,PH,Malay,11.9245, 121.954002
CRM,Catarman National Airport,medium_airport,PH,Catarman,12.50161, 124.635258
ILO,Iloilo International Airport,medium_airport,PH,Cabatuan,10.833017, 122.493358
MBT,Moises R. Espinosa Airport,medium_airport,PH,Masbate,12.369682, 123.630095
KLO,Kalibo International Airport,medium_airport,PH,Kalibo,11.679400444, 122.375999451
CEB,Mactan Cebu International Airport,large_airport,PH,Lapu-Lapu City,10.309261, 123.97974
OMC,Ormoc Airport,medium_airport,PH,Ormoc City,11.057999610900879, 124.56500244140625
PPS,Puerto Princesa International Airport / PAF Antonio Bautista Air Base,medium_airport,PH,Puerto Princesa,9.74212, 118.759003
RXS,Roxas Airport,medium_airport,PH,Roxas City,11.597700119018555, 122.75199890136719
EUQ,Evelio Javier Airport,medium_airport,PH,San Jose,10.766644, 121.932506
TBH,Tugdan Airport,medium_airport,PH,Tablas Island,12.3109998703, 122.084999084
USU,Francisco B. Reyes (Busuanga) Airport,medium_airport,PH,Coron,12.121865, 120.100801
BPA,Borongan Airport,small_airport,PH,Borongan City,11.674262, 125.479259
RRM,Marromeu Airport,small_airport,MZ,Marromeu,-18.319259, 35.949501
RSE,Rose Bay Seaplane Base,seaplane_base,AU,Sydney,-33.869, 151.262
NGK,Nogliki Airport,small_airport,RU,Nogliki,51.782337, 143.140783
GRV,Grozny Airport,medium_airport,RU,Grozny,43.388106, 45.699772
NOI,Krymsk Air Base,medium_airport,RU,Krymsk,44.959999, 38
KDY,Typliy Klyuch Airport,small_airport,RU,Khandyga,62.7890014648, 136.854995728
UHS,Aleksandrovsk-Sakhalinskiy Airport,small_airport,RU,Aleksandrovsk-Sakhalinskiy,50.878037, 142.174682
VUS,Velikiy Ustyug Airport,small_airport,RU,Velikiy Ustyug,60.788299560546875, 46.2599983215332
RUU,Ruti Airport,small_airport,PG,Kawbenaberi,-5.334444444440001, 144.256666667
RVC,River Cess Airport and Heliport,small_airport,LR,River Cess,5.472469, -9.58546
LPS,Lopez Island Airport,small_airport,US,Lopez,48.4838981628418, -122.93800354003906
KEH,Kenmore Air Harbor Inc Seaplane Base,seaplane_base,US,Kenmore,47.7547988892, -122.259002686
MJR,Miramar Airport,small_airport,AR,Miramar,-38.2271, -57.8697
COC,Comodoro Pierrestegui Airport,medium_airport,AR,Concordia,-31.2969, -57.9966
GHU,Gualeguaychu Airport,medium_airport,AR,Gualeguaychu,-33.005567, -58.612833
PRA,General Urquiza Airport,medium_airport,AR,Parana,-31.7948, -60.4804
ROS,Rosario Islas Malvinas International Airport,medium_airport,AR,Rosario,-32.9036, -60.785
SFN,Sauce Viejo Airport,medium_airport,AR,Santa Fe,-31.7117, -60.8117
AEP,Jorge Newbery Airpark,large_airport,AR,Buenos Aires,-34.5592, -58.4156
LCM,La Cumbre Airport,small_airport,AR,La Cumbre,-31.005800247199996, -64.5318984985
COR,Ingeniero Ambrosio Taravella Airport,medium_airport,AR,Cordoba,-31.323601, -64.208
LPG,La Plata Airport,medium_airport,AR,La Plata,-34.9722, -57.8947
EPA,El Palomar Airport,medium_airport,AR,El Palomar,-34.6099, -58.6126
EZE,Minister Pistarini International Airport,large_airport,AR,Buenos Aires (Ezeiza),-34.8222, -58.5358
RAF,Rafaela Airport,small_airport,AR,Rafaela,-31.2825, -61.5017
HOS,Chos Malal Airport,small_airport,AR,Chos Malal,-37.444698333699996, -70.2225036621
CVH,Caviahue Airport,small_airport,AR,Lafontaine,-37.851398, -71.009201
GNR,Dr. Arturo H. Illia Airport,small_airport,AR,General Roca,-39.0007019043, -67.6204986572
RDS,Rincon De Los Sauces Airport,medium_airport,AR,Rincon de los Sauces,-37.3905982971, -68.9041976929
APZ,Zapala Airport,medium_airport,AR,Zapala,-38.975498, -70.113602
SAM,Salamo Airport,small_airport,PG,Salamo,-9.6701, 150.7903
MDZ,El Plumerillo Airport,medium_airport,AR,Mendoza,-32.8316993713, -68.7929000854
LGS,Comodoro D.R. Salomón Airport,medium_airport,AR,Malargue,-35.493598938, -69.5743026733
AFA,Suboficial Ay Santiago Germano Airport,medium_airport,AR,San Rafael,-34.588299, -68.4039
CTC,Catamarca Airport,medium_airport,AR,Catamarca,-28.5956001282, -65.751701355
SDE,Vicecomodoro Angel D. La Paz Aragonés Airport,medium_airport,AR,Santiago del Estero,-27.765556335399996, -64.3099975586
IRJ,Capitan V A Almonacid Airport,medium_airport,AR,La Rioja,-29.3815994263, -66.7957992554
RHD,Termas de Río Hondo international Airport,medium_airport,AR,Termas de Río Hondo,-27.4966, -64.93595
TUC,Teniente Benjamin Matienzo Airport,medium_airport,AR,San Miguel de Tucumán,-26.8409, -65.104897
UAQ,Domingo Faustino Sarmiento Airport,medium_airport,AR,San Juan,-31.571501, -68.418198
CRR,Ceres Airport,small_airport,AR,Ceres,-29.872292, -61.927925
RCU,Area De Material Airport,medium_airport,AR,Rio Cuarto,-33.0850982666, -64.2612991333
VDR,Villa Dolores Airport,medium_airport,AR,Villa Dolores,-31.9451999664, -65.1463012695
VME,Villa Reynolds Airport,medium_airport,AR,Villa Mercedes,-33.7299003601, -65.3873977661
RLO,Valle Del Conlara International Airport,small_airport,AR,Merlo,-32.3847007751, -65.1865005493
LUQ,Brigadier Mayor D Cesar Raul Ojeda Airport,medium_airport,AR,San Luis,-33.2732009888, -66.3563995361
CNQ,Corrientes Airport,medium_airport,AR,Corrientes,-27.4455, -58.7619
RES,Resistencia International Airport,medium_airport,AR,Resistencia,-27.45, -59.0561
FMA,Aeropuerto Nacional de Formosa,medium_airport,AR,Formosa,-26.2127, -58.2281
IGR,Cataratas Del Iguazú International Airport,medium_airport,AR,Puerto Iguazu,-25.737301, -54.4734
AOL,Paso De Los Libres Airport,medium_airport,AR,Paso de los Libres,-29.6894, -57.1521
MCS,Monte Caseros Airport,medium_airport,AR,Monte Caseros,-30.2719, -57.6402
PSS,Libertador Gral D Jose De San Martin Airport,medium_airport,AR,Posadas,-27.3858, -55.9707
SAS,Salton Sea Airport,small_airport,US,Salton City,33.2414016724, -115.952003479
SLA,Martin Miguel De Guemes International Airport,medium_airport,AR,Salta,-24.856000900299996, -65.4861984253
JUJ,Gobernador Horacio Guzman International Airport,medium_airport,AR,San Salvador de Jujuy,-24.392799, -65.097801
ORA,Orán Airport,medium_airport,AR,Orán,-23.1527996063, -64.3292007446
TTG,General Enrique Mosconi Airport,medium_airport,AR,Tartagal,-22.6196, -63.793701
CLX,Aeródromo de Clorinda,small_airport,AR,Clorinda,-25.3036, -57.7344
ELO,El Dorado Airport,small_airport,AR,El Dorado,-26.3974990845, -54.5746994019
OYA,Goya Airport,medium_airport,AR,Goya,-29.1058, -59.2189
LLS,Alferez Armando Rodriguez Airport,small_airport,AR,Las Lomitas,-24.7213993073, -60.5488014221
MDX,Mercedes Airport,small_airport,AR,Mercedes,-29.2213993073, -58.0877990723
RCQ,Reconquista Airport,medium_airport,AR,Reconquista,-29.2103, -59.68
UZU,Curuzu Cuatia Airport,medium_airport,AR,Curuzu Cuatia,-29.7706, -57.9789
EHL,El Bolson Airport,medium_airport,AR,El Bolson,-41.9431991577, -71.5323028564
CRD,General E. Mosconi Airport,medium_airport,AR,Comodoro Rivadavia,-45.7853, -67.4655
EMX,El Maiten Airport,small_airport,AR,El Maiten,-42.0292015076, -71.17250061040001
EQS,Brigadier Antonio Parodi Airport,medium_airport,AR,Esquel,-42.908000946, -71.139503479
LHS,Las Heras Airport,medium_airport,AR,Las Heras,-46.538517, -68.965323
IGB,Ingeniero Jacobacci - Captain H R Bordón Airport,small_airport,AR,Ingeniero Jacobacci,-41.3209, -69.574898
OES,Antoine de Saint Exupéry Airport,small_airport,AR,San Antonio Oeste,-40.7512, -65.0343
MQD,Maquinchao Airport,small_airport,AR,Maquinchao,-41.2430992126, -68.7078018188
ARR,D. Casimiro Szlapelis Airport,small_airport,AR,Alto Rio Senguerr,-45.013599, -70.812202
SGV,Sierra Grande Airport,small_airport,AR,Sierra Grande,-41.5917015076, -65.33940124509999
REL,Almirante Marco Andres Zar Airport,medium_airport,AR,Rawson,-43.2105, -65.2703
VDM,Gobernador Castello Airport,medium_airport,AR,Viedma / Carmen de Patagones,-40.8692, -63.0004
PMY,El Tehuelche Airport,medium_airport,AR,Puerto Madryn,-42.7592, -65.1027
FTE,El Calafate - Commander Armando Tola International Airport,medium_airport,AR,El Calafate,-50.2803, -72.053101
PUD,Puerto Deseado Airport,medium_airport,AR,Puerto Deseado,-47.7353, -65.9041
RGA,Gobernador Ramón Trejo Noel International Airport,medium_airport,AR,Rio Grande,-53.7777, -67.7494
RGL,Piloto Civil N. Fernández Airport,medium_airport,AR,Rio Gallegos,-51.6089, -69.3126
USH,Malvinas Argentinas Airport,medium_airport,AR,Ushuaia,-54.8433, -68.2958
ULA,Capitan D Daniel Vazquez Airport,medium_airport,AR,San Julian,-49.306816, -67.802596
ROY,Rio Mayo Airport,small_airport,AR,Rio Mayo,-45.703899383499994, -70.2455978394
PMQ,Perito Moreno Airport,medium_airport,AR,Perito Moreno,-46.537899, -70.978699
GGS,Gobernador Gregores Airport,small_airport,AR,Gobernador Gregores,-48.7831, -70.150002
JSM,Jose De San Martin Airport,small_airport,AR,Chubut,-44.048599243199995, -70.4589004517
RYO,28 de Noviembre Airport,small_airport,AR,Rio Turbio,-51.605, -72.2203
RZA,Santa Cruz Airport,medium_airport,AR,Puerto Santa Cruz,-50.0165, -68.5792
BHI,Comandante Espora Airport,medium_airport,AR,Bahia Blanca,-38.725, -62.1693
CSZ,Brigadier D.H.E. Ruiz Airport,small_airport,AR,Coronel Suarez,-37.446098, -61.889301
OVR,Olavarria Airport,small_airport,AR,Olavarria,-36.889999, -60.216599
GPO,General Pico Airport,medium_airport,AR,General Pico,-35.6962013245, -63.7583007812
OYO,Tres Arroyos Airport,medium_airport,AR,Tres Arroyos,-38.3869, -60.3297
SST,Santa Teresita Airport,medium_airport,AR,Santa Teresita,-36.5423, -56.7218
MDQ,Ástor Piazzola International Airport,medium_airport,AR,Mar del Plata,-37.9342, -57.5733
NQN,Presidente Peron Airport,medium_airport,AR,Neuquen,-38.949001, -68.155701
NEC,Necochea Airport,medium_airport,AR,Necochea,-38.490746, -58.816337
PEH,Comodoro Pedro Zanni Airport,medium_airport,AR,Pehuajó,-35.8446, -61.8576
RSA,Santa Rosa Airport,medium_airport,AR,Santa Rosa,-36.588299, -64.275703
BRC,San Carlos De Bariloche Airport,medium_airport,AR,San Carlos de Bariloche,-41.151199, -71.157501
TDL,Héroes De Malvinas Airport,medium_airport,AR,Tandil,-37.234634, -59.228647
VLG,Villa Gesell Airport,medium_airport,AR,Villa Gesell,-37.2354, -57.0292
CUT,Cutral-Co Airport,medium_airport,AR,Cutral-Co,-38.939701080300004, -69.2646026611
CPC,Aviador C. Campos Airport,medium_airport,AR,Chapelco/San Martin de los Andes,-40.075401, -71.137299
VIU,Viru Harbour Airstrip,small_airport,SB,Viru,-8.5085, 157.69
CDJ,Conceição do Araguaia Airport,medium_airport,BR,Conceição do Araguaia,-8.34835, -49.301498
ARX,Aracati Dragão do Mar Regional Airport,medium_airport,BR,Aracati,-4.568896, -37.805135
AQA,Araraquara Airport,medium_airport,BR,Araraquara,-21.812, -48.132999
AJU,Aracaju - Santa Maria International Airport,medium_airport,BR,Aracaju,-10.984, -37.070301
AFL,Piloto Osvaldo Marques Dias Airport,medium_airport,BR,Alta Floresta,-9.866389, -56.106298
ARU,Araçatuba Airport,medium_airport,BR,Araçatuba,-21.141479, -50.424575
AAX,Romeu Zema Airport,small_airport,BR,Araxá,-19.5632, -46.9604
BEL,Val de Cans/Júlio Cezar Ribeiro International Airport,large_airport,BR,Belém,-1.379279, -48.476207
BGX,Comandante Gustavo Kraemer Airport,medium_airport,BR,Bagé,-31.390499, -54.112202
PLU,Pampulha - Carlos Drummond de Andrade Airport,medium_airport,BR,Belo Horizonte,-19.8512, -43.9506
BFH,Bacacheri Airport,medium_airport,BR,Curitiba,-25.4051, -49.231998
BJP,Estadual Arthur Siqueira Airport,small_airport,BR,Bragança Paulista,-22.978822, -46.537131
BSB,Presidente Juscelino Kubitschek International Airport,large_airport,BR,Brasília,-15.869167, -47.920834
BAT,Chafei Amsei Airport,medium_airport,BR,Barretos,-20.584499359131, -48.594100952148
BAU,Bauru Airport,small_airport,BR,Bauru,-22.344999, -49.053799
BVB,Atlas Brasil Cantanhede Airport,medium_airport,BR,Boa Vista,2.845855, -60.690944
BPG,Barra do Garças Airport,medium_airport,BR,Barra do Garças,-15.861417, -52.389008
BZC,Umberto Modiano Airport,medium_airport,BR,Cabo Frio,-22.770881, -41.96308
CAC,Coronel Adalberto Mendes da Silva Airport,medium_airport,BR,Cascavel,-25.000323, -53.501208
CFB,Cabo Frio Airport,small_airport,BR,Cabo Frio,-22.921485, -42.071874
CFC,Caçador Airport,small_airport,BR,Caçador,-26.787423, -50.939942
CNF,Tancredo Neves International Airport,large_airport,BR,Belo Horizonte,-19.63571, -43.966928
CGR,Campo Grande Airport,medium_airport,BR,Campo Grande,-20.469998, -54.673988
XAP,Serafin Enoss Bertaso Airport,medium_airport,BR,Chapecó,-27.134199, -52.656601
CLN,Brig. Lysias Augusto Rodrigues Airport,medium_airport,BR,Carolina,-7.32044, -47.458698
CKS,Carajás Airport,medium_airport,BR,Parauapebas,-6.117841, -50.003372
CCM,Forquilhinha - Criciúma  Airport,medium_airport,BR,Criciúma,-28.725743, -49.424475
CLV,Nelson Ribeiro Guimarães Airport,small_airport,BR,Caldas Novas,-17.725096, -48.606324
CAW,Bartolomeu Lisandro Airport,medium_airport,BR,Campos Dos Goytacazes,-21.698299, -41.301701
CMG,Corumbá International Airport,medium_airport,BR,Corumbá,-19.01193, -57.672772
CWB,Afonso Pena Airport,medium_airport,BR,Curitiba,-25.5285, -49.1758
CRQ,Caravelas Airport,medium_airport,BR,Caravelas,-17.6523, -39.253101
CXJ,Hugo Cantergiani Regional Airport,medium_airport,BR,Caxias Do Sul,-29.197183, -51.187647
CGB,Marechal Rondon Airport,medium_airport,BR,Cuiabá,-15.6529, -56.116699
CZS,Cruzeiro do Sul Airport,medium_airport,BR,Cruzeiro Do Sul,-7.59991, -72.769501
BYO,Bonito Airport,small_airport,BR,Bonito,-21.2473, -56.452399
PPB,Presidente Prudente Airport,medium_airport,BR,Presidente Prudente,-22.1751, -51.424599
MAO,Eduardo Gomes International Airport,large_airport,BR,Manaus,-3.03861, -60.049702
JCR,Jacareacanga Airport,medium_airport,BR,Jacareacanga,-6.23316, -57.776901
IGU,Cataratas International Airport,medium_airport,BR,Foz do Iguaçu,-25.594167, -54.489444
FLN,Hercílio Luz International Airport,large_airport,BR,Florianópolis,-27.670279, -48.552502
FEN,Fernando de Noronha Airport,medium_airport,BR,Fernando de Noronha,-3.854471, -32.423302
FOR,Pinto Martins International Airport,medium_airport,BR,Fortaleza,-3.77628, -38.5326
GIG,Rio Galeão – Tom Jobim International Airport,large_airport,BR,Rio De Janeiro,-22.809999, -43.250557
GJM,Guajará-Mirim Airport,medium_airport,BR,Guajará-Mirim,-10.78641, -65.28486
GYN,Santa Genoveva Airport,medium_airport,BR,Goiânia,-16.632, -49.220699
GRU,Guarulhos - Governador André Franco Montoro International Airport,large_airport,BR,São Paulo,-23.431944, -46.467778
GPB,Tancredo Thomas de Faria Airport,small_airport,BR,Guarapuava,-25.388327, -51.52349
GVR,Coronel Altino Machado de Oliveira Airport,small_airport,BR,Governador Valadares,-18.895882, -41.982869
GUJ,Guaratinguetá Airport,medium_airport,BR,Guaratinguetá,-22.791599, -45.2048
ATM,Altamira Interstate Airport,medium_airport,BR,Altamira,-3.253144, -52.253938
ITA,Itacoatiara Airport,medium_airport,BR,Itacoatiara,-3.126539, -58.481668
ITB,Itaituba Airport,medium_airport,BR,Itaituba,-4.242131, -56.000651
IOS,Bahia - Jorge Amado Airport,medium_airport,BR,Ilhéus,-14.815929, -39.033458
IPN,Vale do Aço Regional Airport,medium_airport,BR,Ipatinga,-19.470699, -42.487598
ITR,Francisco Vilela do Amaral Airport,small_airport,BR,Itumbiara,-18.4447, -49.213402
IMP,Prefeito Renato Moreira Airport,medium_airport,BR,Imperatriz,-5.53129, -47.459999
JJG,Humberto Ghizzo Bortoluzzi Regional Airport,small_airport,BR,Jaguaruna,-28.6753, -49.0596
QDV,Comte. Rolim Adolfo Amaro–Jundiaí State Airport,small_airport,BR,Jundiaí,-23.180861, -46.943921
JDF,Francisco de Assis Airport,medium_airport,BR,Juiz de Fora,-21.791482, -43.386072
JHF,São Paulo Catarina Executive Airport,medium_airport,BR,São Roque,-23.426886, -47.165658
JPA,Presidente Castro Pinto International Airport,medium_airport,BR,João Pessoa,-7.148691, -34.950554
RRJ,Jacarepaguá - Roberto Marinho Airport,small_airport,BR,Rio De Janeiro,-22.986773, -43.372194
JDO,Orlando Bezerra de Menezes Airport,small_airport,BR,Juazeiro do Norte,-7.21932, -39.269096
JOI,Lauro Carneiro de Loyola Airport,medium_airport,BR,Joinville,-26.224501, -48.797401
CPV,Presidente João Suassuna Airport,medium_airport,BR,Campina Grande,-7.269662, -35.896057
VCP,Viracopos International Airport,medium_airport,BR,Campinas,-23.007404, -47.134502
LEC,Coronel Horácio de Mattos Airport,small_airport,BR,Lençóis,-12.4823, -41.277
LAJ,Lages Airport,medium_airport,BR,Lages,-27.782101, -50.281502
LIP,Lins Airport,medium_airport,BR,Lins,-21.663999557495, -49.730499267578
LDB,Governador José Richa Airport,medium_airport,BR,Londrina,-23.333599, -51.1301
LAZ,Bom Jesus da Lapa Airport,medium_airport,BR,Bom Jesus da Lapa,-13.2621, -43.4081
MAB,João Correa da Rocha Airport,medium_airport,BR,Marabá,-5.36859, -49.138
MQH,Minaçu Airport,medium_airport,BR,Minaçu,-13.5491, -48.195301
MEU,Monte Dourado - Serra do Areão Airport,medium_airport,BR,Almeirim,-0.889839, -52.6022
MEA,Macaé Benedito Lacerda Airport,medium_airport,BR,Macaé,-22.343, -41.765999
MGF,Regional de Maringá - Sílvio Name Júnior Airport,medium_airport,BR,Maringá,-23.47606, -52.016187
MOC,Mário Ribeiro Airport,medium_airport,BR,Montes Claros,-16.706919, -43.818901
MII,Frank Miloye Milenkowichi–Marília State Airport,medium_airport,BR,Marília,-22.196899, -49.926485
PLL,Ponta Pelada Airport / Manaus Air Base,medium_airport,BR,Manaus,-3.14604, -59.986301
MCZ,Zumbi dos Palmares Airport,medium_airport,BR,Maceió,-9.51081, -35.791698
MCP,Macapá - Alberto Alcolumbre International Airport,medium_airport,BR,Macapá,0.050664, -51.072201
MVF,Dix-Sept Rosado Airport,medium_airport,BR,Mossoró,-5.20192, -37.3643
RTE,Campo de Marte Airport,medium_airport,BR,São Paulo,-23.5091, -46.637798
MNX,Manicoré Airport,medium_airport,BR,Manicoré,-5.81138, -61.278301
NVT,Ministro Victor Konder International Airport,medium_airport,BR,Navegantes,-26.879431, -48.650979
GEL,Santo Ângelo Airport,medium_airport,BR,Santo Ângelo,-28.282503, -54.169623
OYK,Oiapoque Airport,medium_airport,BR,Oiapoque,3.85412, -51.797056
POA,Salgado Filho International Airport,medium_airport,BR,Porto Alegre,-29.994712, -51.166592
PHB,Parnaíba - Prefeito Doutor João Silva Filho International Airport,medium_airport,BR,Parnaíba,-2.89375, -41.731998
POO,Poços de Caldas - Embaixador Walther Moreira Salles Airport,medium_airport,BR,Poços De Caldas,-21.842529, -46.569768
PFB,Lauro Kurtz Airport,medium_airport,BR,Passo Fundo,-28.243976, -52.32777
PMW,Brigadeiro Lysias Rodrigues Airport,medium_airport,BR,Palmas,-10.2915, -48.356998
PET,João Simões Lopes Neto International Airport,medium_airport,BR,Pelotas,-31.717253, -52.327952
PNZ,Senador Nilo Coelho Airport,medium_airport,BR,Petrolina,-9.362422, -40.569098
PNB,Porto Nacional Airport,medium_airport,BR,Porto Nacional,-10.719402, -48.3997
PMG,Ponta Porã Airport,medium_airport,BR,Ponta Porã,-22.549601, -55.702599
BPS,Porto Seguro Airport,medium_airport,BR,Porto Seguro,-16.438426, -39.080584
PVH,Governador Jorge Teixeira de Oliveira Airport,medium_airport,BR,Porto Velho,-8.707854, -63.90242
RBR,Rio Branco-Plácido de Castro International Airport,medium_airport,BR,Rio Branco,-9.869031, -67.893984
REC,Recife/Guararapes - Gilberto Freyre International Airport,medium_airport,BR,Recife,-8.125984, -34.923316
SDU,Santos Dumont Airport,medium_airport,BR,Rio de Janeiro,-22.9105, -43.163101
RAO,Leite Lopes Airport,medium_airport,BR,Ribeirão Preto,-21.134314, -47.774053
BRB,Barreirinhas National Airport,small_airport,BR,Barreirinhas,-2.756644, -42.803187
SNZ,Santa Cruz Air Force Base,medium_airport,BR,Rio de Janeiro,-22.9324, -43.719101
NAT,São Gonçalo do Amarante - Governador Aluízio Alves International Airport,medium_airport,BR,Natal,-5.769804, -35.366578
SJK,Professor Urbano Ernesto Stumpf Airport,medium_airport,BR,São José Dos Campos,-23.2292, -45.8615
SLZ,Marechal Cunha Machado International Airport,medium_airport,BR,São Luís,-2.58536, -44.2341
RIA,Santa Maria Airport,medium_airport,BR,Santa Maria,-29.711399, -53.688202
STM,Santarém - Maestro Wilson Fonseca International Airport,medium_airport,BR,Santarém,-2.422423, -54.79306
SMT,Adolino Bedin Regional Airport,small_airport,BR,Sorriso,-12.479177, -55.672341
CGH,Congonhas Airport,medium_airport,BR,São Paulo,-23.627657, -46.654601
SJP,Prof. Eribelto Manoel Reino State Airport,medium_airport,BR,São José do Rio Preto,-20.817113, -49.406963
SSZ,Santos Nero Moura Air Base / Guarujá Airport,medium_airport,BR,Guarujá,-23.928192, -46.300195
SSA,Deputado Luiz Eduardo Magalhães International Airport,large_airport,BR,Salvador,-12.908611, -38.322498
TMT,Trombetas Airport,medium_airport,BR,Oriximiná,-1.4896, -56.396801
UNA,Una-Comandatuba Airport,small_airport,BR,Una,-15.354358, -38.998729
TOW,Toledo - Luiz Dalcanale Filho Municipal Airport,small_airport,BR,Toledo,-24.6863, -53.697498
THE,Senador Petrônio Portela Airport,medium_airport,BR,Teresina,-5.06025, -42.823712
TFF,Tefé Airport,medium_airport,BR,Tefé,-3.38294, -64.724098
TRQ,Tarauacá Airport,medium_airport,BR,Tarauacá,-8.155534, -70.782985
TEC,Telêmaco Borba Airport,medium_airport,BR,Telêmaco Borba,-24.317801, -50.6516
TSQ,Torres Airport,small_airport,BR,Torres,-29.4149, -49.810001
TBT,Tabatinga Airport,medium_airport,BR,Tabatinga,-4.25567, -69.935799
TUR,Tucuruí Airport,medium_airport,BR,Tucuruí,-3.78601, -49.720299
SJL,São Gabriel da Cachoeira Airport,medium_airport,BR,São Gabriel da Cachoeira,-0.14835, -66.9855
PAV,Paulo Afonso Airport,medium_airport,BR,Paulo Afonso,-9.40088, -38.250599
URG,Rubem Berta Airport,medium_airport,BR,Uruguaiana,-29.7822, -57.0382
UDI,Ten. Cel. Aviador César Bombonato Airport,medium_airport,BR,Uberlândia,-18.883579, -48.225936
UBA,Mário de Almeida Franco Airport,medium_airport,BR,Uberaba,-19.764722824097, -47.966110229492
RPU,Urucu Airport,small_airport,BR,Urucu,-4.884263, -65.355421
VAG,Major Brigadeiro Trompowsky Airport,medium_airport,BR,Varginha,-21.591375, -45.474116
BVH,Brigadeiro Camarão Airport,medium_airport,BR,Vilhena,-12.6944, -60.098301
VIX,Eurico de Aguiar Salles Airport,medium_airport,BR,Vitória,-20.258, -40.285
QPS,Campo Fontenelle,medium_airport,BR,Pirassununga,-21.984692, -47.341207
IZA,Presidente Itamar Franco Airport,medium_airport,BR,Juiz de Fora,-21.513086, -43.173069
ZUD,Pupelde Airport,small_airport,CL,Ancud,-41.904251, -73.796571
LOB,San Rafael Airport,small_airport,CL,Los Andes,-32.81420135498047, -70.64669799804688
WAP,Alto Palena Airport,small_airport,CL,Alto Palena,-43.6119003296, -71.806098938
ARI,Chacalluta Airport,medium_airport,CL,Arica,-18.348499, -70.338699
WPA,Cabo 1° Juan Román Airport,small_airport,CL,Puerto Aysen,-45.399200439453125, -72.67030334472656
CPO,Desierto de Atacama Airport,medium_airport,CL,Copiapo,-27.2611999512, -70.7791976929
BBA,Balmaceda Airport,medium_airport,CL,Balmaceda,-45.916099548339844, -71.68949890136719
TOQ,Barriles Airport,medium_airport,CL,Tocopilla,-22.14109992980957, -70.06289672851562
DPB,Pampa Guanaco Airport,small_airport,CL,Bahia Inutil,-54.049977, -68.809193
CCH,Chile Chico Airport,medium_airport,CL,Chile Chico,-46.5831, -71.686323
CJC,El Loa Airport,medium_airport,CL,Calama,-22.498199462890625, -68.90360260009766
YAI,Gral. Bernardo O´Higgins Airport,medium_airport,CL,Chillan,-36.58250045776367, -72.03140258789062
PUQ,President Carlos Ibañez del Campo International Airport,medium_airport,CL,Punta Arenas,-53.002602, -70.854599
COW,Tambillos Airport,small_airport,CL,Coquimbo,-30.198889, -71.246944
GXQ,Teniente Vidal Airport,medium_airport,CL,Coyhaique,-45.5942, -72.106102
IQQ,Diego Aracena Airport,medium_airport,CL,Iquique,-20.535200119018555, -70.1812973022461
SCL,Comodoro Arturo Merino Benítez International Airport,large_airport,CL,Santiago,-33.393001556396484, -70.78579711914062
ESR,Ricardo García Posada Airport,medium_airport,CL,El Salvador,-26.311100006103516, -69.76519775390625
FRT,El Avellano Airport,small_airport,CL,Frutillar,-41.117000579833984, -73.05000305175781
ANF,Andrés Sabella Gálvez International Airport,medium_airport,CL,Antofagasta,-23.444501, -70.445099
WPR,Captain Fuentes Martinez Airport,medium_airport,CL,Porvenir,-53.2537, -70.319199
FFU,Futaleufú Airport,small_airport,CL,Futaleufu,-43.18920135498047, -71.8510971069336
LSQ,María Dolores Airport,small_airport,CL,Los Angeles,-37.40169906616211, -72.42539978027344
WPU,Guardiamarina Zañartu Airport,medium_airport,CL,Puerto Williams,-54.931099, -67.626297
LGR,Cochrane Airport,medium_airport,CL,Cochrane,-47.243591, -72.58815
CCP,Carriel Sur Airport,medium_airport,CL,Concepcion,-36.772701, -73.063103
IPC,Mataveri Airport,medium_airport,CL,Isla De Pascua,-27.1648006439, -109.42199707
ZOS,Cañal Bajo Carlos - Hott Siebert Airport,medium_airport,CL,Osorno,-40.611198, -73.060997
CPP,Coposa Airport,small_airport,CL,Pica,-20.7505, -68.683502
VLR,Vallenar Airport,medium_airport,CL,Vallenar,-28.596399307250977, -70.75599670410156
ZLR,Municipal de Linares Airport,small_airport,CL,Linares,-35.861698150634766, -71.54859924316406
PNT,Lieutenant Julio Gallardo Airport,medium_airport,CL,Puerto Natales,-51.67067, -72.529078
OVL,El Tuqui Airport,small_airport,CL,Ovalle,-30.559200286865234, -71.17559814453125
ZPC,Pucón Airport,small_airport,CL,Pucon,-39.292801, -71.915901
MHC,Mocopulli Airport,small_airport,CL,Dalcahue,-42.340388, -73.715693
PUX,El Mirador Airport,small_airport,CL,Puerto Varas,-41.34939956665039, -72.94670104980469
ZCO,La Araucanía Airport,medium_airport,CL,Temuco,-38.9259, -72.6515
CNR,Chañaral Airport,medium_airport,CL,Chañaral,-26.332500457763672, -70.6072998046875
VAP,Rodelillo Airport,small_airport,CL,Viña Del Mar,-33.06809997558594, -71.55750274658203
TNM,Teniente Rodolfo Marsh Martin Airport,small_airport,AQ,Villa Las Estrellas,-62.191026, -58.98669
SMB,Franco Bianco Airport,small_airport,CL,Cerro Sombrero,-52.736698150634766, -69.33360290527344
LSC,La Florida Airport,medium_airport,CL,La Serena-Coquimbo,-29.916201, -71.199501
WCA,Gamboa Airport,small_airport,CL,Castro,-42.490299224853516, -73.77279663085938
PZS,Maquehue Airport,medium_airport,CL,Temuco,-38.766799926758, -72.637100219727
PMC,El Tepual Airport,medium_airport,CL,Puerto Montt,-41.438899993896484, -73.09400177001953
TLX,Panguilemo Airport,medium_airport,CL,Talca,-35.37779998779297, -71.60169982910156
ZIC,Victoria Airport,medium_airport,CL,Victoria,-38.245601654052734, -72.34860229492188
TTC,Las Breas Airport,medium_airport,CL,Taltal,-25.564300537109375, -70.37590026855469
ZAL,Pichoy Airport,medium_airport,CL,Valdivia,-39.6500015259, -73.0860977173
KNA,Viña del mar Airport,medium_airport,CL,Viña Del Mar,-32.9496, -71.4786
OLC,Senadora Eunice Micheles Airport,small_airport,BR,São Paulo De Olivença,-3.46907, -68.921056
SOD,Sorocaba Airport,small_airport,BR,Sorocaba,-23.478001, -47.490002
SDI,Saidor Airport,small_airport,PG,Saidor,-5.62713888889, 146.462777778
JTN,Itanhaém Airport,small_airport,BR,Itanhaém,-24.159729, -46.790604
JLS,Jales Airport,small_airport,BR,Jales,-20.292999267578125, -50.5463981628418
QOA,Mococa Airport,small_airport,BR,Mococa,-21.48780059814453, -47.034400939941406
QGC,Lençóis Paulista Airport,small_airport,BR,Lençóis Paulista,-22.578399658203125, -48.774600982666016
NVM,Brigadeiro Eduardo Gomes Airport,small_airport,BR,Nova Mutum,-13.821021, -56.038591
OUS,Ourinhos Airport,small_airport,BR,Ourinhos,-22.96649932861328, -49.913299560546875
OIA,Ourilândia do Norte Airport,small_airport,BR,Ourilândia do Norte,-6.763100147250001, -51.0499000549
QHB,Piracicaba Airport,small_airport,BR,Piracicaba,-22.71150016784668, -47.61819839477539
REZ,Resende Airport,small_airport,BR,Resende,-22.4785, -44.480301
QSC,Mário Pereira Lopes–São Carlos Airport,small_airport,BR,São Carlos,-21.875401, -47.903703
JPY,Paraty Airport,small_airport,BR,Paraty,-23.224044, -44.7234
UBT,Ubatuba Gastão Madeira State Airport,small_airport,BR,Ubatuba,-23.440628, -45.074057
ITP,Itaperuna Airport,small_airport,BR,Itaperuna,-21.219299316399997, -41.8759002686
VOT,Votuporanga Airport,small_airport,BR,Votuporanga,-20.463199615478516, -50.00450134277344
JTA,Pedro Teixeira Castelo Airport,small_airport,BR,Tauá,-5.9334, -40.2975
ATF,Chachoán Regional Airport,medium_airport,EC,Ambato,-1.21207, -78.5746
OCC,Francisco De Orellana Airport,medium_airport,EC,Coca,-0.4628860056400299, -76.98680114746094
CUE,Mariscal Lamar Airport,medium_airport,EC,Cuenca,-2.88947, -78.984398
GPS,Seymour Galapagos Ecological Airport,small_airport,EC,Isla Baltra,-0.453758, -90.2659
GYE,José Joaquín de Olmedo International Airport,large_airport,EC,Guayaquil,-2.15742, -79.883598
IBB,General Villamil Airport,small_airport,EC,Puerto Villamil,-0.942628, -90.953003
JIP,Jipijapa Airport,small_airport,EC,Jipijapa,-1, -80.66666412353516
LTX,Cotopaxi International Airport,medium_airport,EC,Latacunga,-0.906833, -78.615799
MRR,Jose Maria Velasco Ibarra Airport,medium_airport,EC,Macará,-4.37823009491, -79.94100189210002
XMS,Coronel E Carvajal Airport,medium_airport,EC,Macas,-2.2991700172424316, -78.12079620361328
MEC,Eloy Alfaro International Airport,medium_airport,EC,Manta,-0.9460780024528503, -80.67880249023438
LGQ,Nueva Loja Airport,small_airport,EC,Lago Agrio,0.0930560007691, -76.86750030520001
PYO,Putumayo Airport,small_airport,EC,Puerto Putumayo,0.115949, -75.85022
PVO,Reales Tamarindos Airport,medium_airport,EC,Portoviejo,-1.0416500568389893, -80.47219848632812
UIO,Mariscal Sucre International Airport,large_airport,EC,Quito,-0.125399, -78.354306
ETR,Santa Rosa - Artillery Colonel Victor Larrea International Airport,medium_airport,EC,Santa Rosa,-3.441986, -79.996957
SNC,General Ulpiano Paez Airport,medium_airport,EC,Salinas,-2.20499, -80.988899
SUQ,Sucua Airport,small_airport,EC,Sucua,-2.4830000400543213, -78.16699981689453
PTZ,Rio Amazonas Airport,small_airport,EC,Shell Mera,-1.5052399635299998, -78.0626983643
SCY,San Cristóbal Airport,small_airport,EC,Puerto Baquerizo Moreno,-0.910206, -89.617401
BHA,Los Perales Airport,small_airport,EC,Bahía de Caraquez,-0.6081110239028931, -80.40270233154297
TSC,Taisha Airport,small_airport,EC,Taisha,-2.3816699981689453, -77.50279998779297
TPN,Tiputini Airport,small_airport,EC,Tiputini,-0.7761110067367554, -75.52639770507812
LOH,Camilo Ponce Enriquez Airport,small_airport,EC,La Toma (Catamayo),-3.99589, -79.371902
ESM,General Rivadeneira Airport,small_airport,EC,Tachina,0.9785190224647522, -79.62660217285156
TPC,Tarapoa Airport,medium_airport,EC,Tarapoa,-0.12295600026845932, -76.33779907226562
TUA,Lieutenant Colonel Luis A. Mantilla International Airport,medium_airport,EC,Tulcán,0.809506, -77.708099
PSY,Port Stanley Airport,medium_airport,FK,Stanley,-51.685699462891, -57.777599334717
SFU,Safia Airport,small_airport,PG,Safia,-9.59305555556, 148.636111111
ASU,Aeropuerto Internacional Silvio Pettirossi,large_airport,PY,Luque,-25.241736, -57.514104
AYO,Aeropuerto Nacional de Juan De Ayolas,medium_airport,PY,Ayolas,-27.378379, -56.856791
CIO,Aeropuerto Nacional Tte. Cnel. Carmelo Peralta,medium_airport,PY,Concepción,-23.440334, -57.429206
ENO,Aeropuerto Nacional Tte. Amin Ayub González,small_airport,PY,Encarnación,-27.221691, -55.833807
AGT,Aeropuerto Internacional Guaraní,large_airport,PY,Ciudad del Este,-25.457186, -54.839544
FLM,Aeródromo de Filadelfia,small_airport,PY,Filadelfia,-22.354611, -60.053211
ESG,Aeropuerto Internacional Dr. Luis Maria Argaña,large_airport,PY,Mariscal Estigarribia,-22.032463, -60.620284
PIL,Aeropuerto Nacional Carlos Miguel Gimenez,medium_airport,PY,Pilar,-26.882086, -58.318809
PJC,Aeropuerto Internacional Dr. Augusto Roberto Fuster,large_airport,PY,Pedro Juan Caballero,-22.640946, -55.832005
SIC,San José Island Airport,small_airport,PA,Las Perlas,8.2622, -79.078
LVR,Municipal Bom Futuro Airport,small_airport,BR,Lucas do Rio Verde,-13.037861, -55.95025
FRC,Tenente Lund Pressoto Airport,small_airport,BR,Franca,-20.592199, -47.3829
SIZ,Sissano Airport,small_airport,PG,Sissano,-2.99944444444, 142.0445
JUA,Inácio Luís do Nascimento Airport,small_airport,BR,Juara,-11.2966, -57.5495
SJF,Cruz Bay Seaplane Base,seaplane_base,VI,Saint John Island,18.3315, -64.796
CFO,Confresa Airport,small_airport,BR,Confresa,-10.633296, -51.565836
NPR,Novo Progresso Airport,small_airport,BR,Novo Progresso,-7.125833, -55.400833
AQM,Ariquemes Airport,small_airport,BR,Ariquemes,-9.880436, -63.047115
JRT,Juruti Airport,small_airport,BR,Juruti,-2.186667, -56.090279
RIG,Rio Grande Regional Airport,small_airport,BR,Rio Grande,-32.083065, -52.167184
JTC,Bauru/Arealva–Moussa Nakhal Tobias State Airport,medium_airport,BR,Bauru,-22.160755, -49.070325
ARS,Aragarças Airport,small_airport,BR,Aragarças,-15.8994, -52.2411
ECO,El Encanto Airport,small_airport,CO,El Encanto,-1.7533333333299999, -73.20472222219999
ARO,Arboletes Airport,small_airport,CO,Arboletes,8.855118, -76.422676
SJR,San Juan De Uraba Airport,small_airport,CO,San Juan De Uraba,8.766667, -76.533333
NPU,San Pedro Airport,small_airport,CO,San Pedro de Urabá,8.289325, -76.375006
PCC,Puerto Rico Airport,small_airport,CO,Puerto Rico,1.916667, -75.166667
SQF,Solano Airport,small_airport,CO,Solano,0.702022, -75.2505
AYI,Yari Airport,small_airport,CO,Yari,-0.383333, -72.266667
CUI,Currillo Airport,small_airport,CO,Currillo,4.666667, -72
MOY,Monterrey Airport,small_airport,CO,Monterrey,4.906926, -72.894809
EUO,Paratebueno Airport,small_airport,CO,Paratebueno,4.401295, -73.188381
PRE,Pore Airport,small_airport,CO,Pore,5.733333, -71.983333
SQE,San Luis De Palenque Airport,small_airport,CO,San Luis De Palenque,5.400181, -71.7001
TAU,Tauramena Airport,small_airport,CO,Tauramena,5.01281, -72.7424
AYC,Ayacucho Airport,small_airport,CO,Ayacucho,8.6, -73.616667
DZI,Las Flores Airport,small_airport,CO,Codazzi,10.096608, -73.2337
SJH,San Juan Del César Airport,small_airport,CO,San Juan Del César,10.766667, -73.016667
BHF,Bahia Cupica Airport,small_airport,CO,Bahía Cupica,6.55, -77.3263
JUO,Juradó Airport,small_airport,CO,Juradó,7.07181, -77.727117
UNC,Unguía Airport,small_airport,CO,Unguía,8.032714, -77.091751
AYA,Ayapel Airport,small_airport,CO,Ayapel,8.3, -75.15
NBB,Barranco Minas Airport,small_airport,CO,Barranco Minas,3.490691, -69.808151
MND,Medina Airport,small_airport,CO,Medina,4.483687, -73.344739
NAD,Macanal Airport,small_airport,CO,Macanal,2.80898, -67.62189
GCA,Guacamayas Airport,small_airport,CO,Guacamayas,2.283333, -74.95
SRO,Santana Ramos Airport,small_airport,CO,Santana Ramos,2.216667, -75.25
BAC,Barranca De Upia Airport,small_airport,CO,Barranca De Upia,4.583333, -72.966667
CQT,Caquetania Airport,small_airport,CO,Caquetania,2.033333, -74.216667
ELJ,El Recreo Airport,small_airport,CO,Ruperto Polania,2, -74.133333
SOH,Solita Airport,small_airport,CO,Solita,3.016667, -71.75
ECR,El Charco Airport,small_airport,CO,El Charco,2.44944444444, -78.0941666667
MQR,Mosquera Airport,small_airport,CO,Mosquera,2.64955, -78.3361
ISD,Santa Bárbara Airport,small_airport,CO,Iscuandé,2.445825, -77.981753
AZT,Zapatoca Airport,small_airport,CO,Zapatoca,6.816667, -73.283333
HRR,Herrera Airport,small_airport,CO,Campiña,3.216667, -75.85
SQB,Santa Ana Airport,small_airport,CO,Piedras,4.408333, -75.021667
ARF,Acaricuara Airport,small_airport,CO,Acaricuara,0.533333, -70.133333
MFB,Monfort Airport,small_airport,CO,Monfort,0.633333, -69.75
MHF,Morichal Airport,small_airport,CO,Morichal,1.75, -69.916667
CSR,Casuarito Airport,small_airport,CO,Casuarito,5.833333, -68.133333
LPE,La Primavera Airport,small_airport,CO,La Primavera,5.4776, -70.4212
ACR,Araracuara Airport,small_airport,CO,Araracuara,-0.600854, -72.398011
ACD,Alcides Fernández Airport,small_airport,CO,Acandí,8.497847, -77.274106
AFI,Amalfi Airport,small_airport,CO,Amalfi,6.895033, -75.047334
API,Gomez Nino Apiay Air Base,medium_airport,CO,Apiay,4.07607, -73.5627
AXM,El Eden Airport,medium_airport,CO,Armenia,4.45278, -75.7664
PUU,Tres De Mayo Airport,medium_airport,CO,Puerto Asís,0.505228, -76.5008
ARQ,El Troncal Airport,small_airport,CO,Arauquita,7.02106, -71.388901
ELB,Las Flores Airport,medium_airport,CO,El Banco,9.04554, -73.9749
BGA,Palonegro Airport,medium_airport,CO,Bucaramanga,7.1265, -73.1848
BOG,El Dorado International Airport,large_airport,CO,Bogota,4.70159, -74.1469
BAQ,Ernesto Cortissoz International Airport,medium_airport,CO,Barranquilla,10.8896, -74.7808
BSC,José Celestino Mutis Airport,medium_airport,CO,Bahía Solano,6.20292, -77.3947
BUN,Gerardo Tobar López Airport,medium_airport,CO,Buenaventura,3.81963, -76.9898
CPB,Capurganá Airport,small_airport,CO,Acandí,8.632169, -77.350262
CUC,Camilo Daza International Airport,medium_airport,CO,Cúcuta,7.92757, -72.5115
COG,Mandinga Airport,small_airport,CO,Condoto,5.072007, -76.676373
CTG,Rafael Nuñez International Airport,medium_airport,CO,Cartagena,10.4424, -75.513
CCO,Carimagua Airport,small_airport,CO,Puerto López,4.56417, -71.3364
CLO,Alfonso Bonilla Aragon International Airport,medium_airport,CO,Cali,3.54322, -76.3816
CIM,Cimitarra Airport,small_airport,CO,Cimitarra,6.367484, -73.970658
RAV,Cravo Norte Airport,small_airport,CO,Cravo Norte,6.316404, -70.21137
TCO,La Florida Airport,medium_airport,CO,Tumaco,1.81442, -78.7492
CUO,Carurú Airport,small_airport,CO,Carurú,1.013822, -71.297343
CAQ,Juan H White Airport,medium_airport,CO,Caucasia,7.96847, -75.1985
CVE,Coveñas Airport,medium_airport,CO,Coveñas,9.40092, -75.6913
CZU,Las Brujas Airport,medium_airport,CO,Corozal,9.33274, -75.2856
EBG,El Bagre Airport,medium_airport,CO,El Bagre,7.59647, -74.8089
EJA,Yariguíes Airport,medium_airport,CO,Barrancabermeja,7.02433, -73.8068
FLA,Gustavo Artunduaga Paredes Airport,medium_airport,CO,Florencia,1.58919, -75.5644
FDA,Fundación Airport,small_airport,CO,Fundación,10.5333, -74.2
LGT,La Gaviota Airport,small_airport,CO,,4.550543, -70.925353
GIR,Santiago Vila Airport,medium_airport,CO,Girardot,4.27624, -74.7967
CRC,Santa Ana Airport,medium_airport,CO,Cartago,4.75818, -75.9557
GPI,Juan Casiano Airport,medium_airport,CO,Guapi,2.57013, -77.897969
CPL,General Navas Pardo Airport,small_airport,CO,Chaparral,3.724293, -75.465785
HTZ,Hato Corozal Airport,small_airport,CO,Hato Corozal,6.153311, -71.761969
IBE,Perales Airport,medium_airport,CO,Ibagué,4.42161, -75.1333
IGO,Jaime Ortiz Betancourt Airport,small_airport,CO,Chigorodó,7.677606, -76.683165
IPI,San Luis Airport,medium_airport,CO,Ipiales,0.861307, -77.667562
APO,Antonio Roldán Betancur Airport,medium_airport,CO,Carepa,7.81196, -76.7164
LQM,Caucaya Airport,small_airport,CO,Puerto Leguízamo,-0.182278, -74.7708
MCJ,Jorge Isaac Airport,medium_airport,CO,La Mina-Maicao,11.2325, -72.4901
LPD,La Pedrera Airport,small_airport,CO,La Pedrera,-1.32861, -69.5797
LET,Alfredo Vásquez Cobo International Airport,medium_airport,CO,Leticia,-4.19355, -69.9432
EOH,Enrique Olaya Herrera Airport,medium_airport,CO,Medellín,6.220549, -75.590582
MFS,Miraflores Airport,small_airport,CO,Miraflores,1.35, -71.9444
MGN,Baracoa Airport,medium_airport,CO,Magangué,9.28474, -74.8461
MTB,Montelibano Airport,small_airport,CO,Montelíbano,7.97174, -75.4325
MTR,Los Garzones Airport,medium_airport,CO,Montería,8.82374, -75.8258
MVP,Fabio Alberto Leon Bentley Airport,medium_airport,CO,Mitú,1.25366, -70.2339
MZL,La Nubia Airport,medium_airport,CO,Manizales,5.0296, -75.4647
LMC,La Macarena Airport,small_airport,CO,La Macarena,2.17565, -73.78674
NCI,Necocli Airport,small_airport,CO,Necocli,8.454429, -76.779326
NQU,Reyes Murillo Airport,small_airport,CO,Nuquí,5.6964, -77.2806
NVA,Benito Salas Airport,medium_airport,CO,Neiva,2.95015, -75.294
OCV,Aguas Claras Airport,medium_airport,CO,Ocaña,8.31506, -73.3583
ORC,Orocue Airport,small_airport,CO,Orocue,4.79222, -71.3564
RON,Juan Jose Rondon Airport,small_airport,CO,Paipa,5.76454, -73.1054
PCR,German Olano Airport,medium_airport,CO,Puerto Carreño,6.18472, -67.4932
PDA,Obando Cesar Gaviria Trujillo Airport,medium_airport,CO,Puerto Inírida,3.85353, -67.9062
PEI,Matecaña International Airport,medium_airport,CO,Pereira,4.81267, -75.7395
PTX,Pitalito Airport,medium_airport,CO,Pitalito,1.85777, -76.0857
PLT,Plato Airport,small_airport,CO,Plato,9.8, -74.7833
NAR,Puerto Nare Airport,small_airport,CO,Armenia,6.21002, -74.5906
PPN,Guillermo León Valencia Airport,medium_airport,CO,Popayán,2.4544, -76.6093
PAL,German Olano Air Base,medium_airport,CO,La Dorada,5.48361, -74.6574
PBE,Puerto Berrio Airport,small_airport,CO,Puerto Berrio,6.46034, -74.4105
PSO,Antonio Nariño Airport,medium_airport,CO,Chachagüí,1.39625, -77.2915
PVA,El Embrujo Airport,medium_airport,CO,Providencia,13.357461, -81.357977
PZA,Paz De Ariporo Airport,medium_airport,CO,Paz De Ariporo,5.87615, -71.8866
MQU,Mariquita Airport,medium_airport,CO,Mariquita,5.21256, -74.8836
MDE,Jose Maria Córdova International Airport,medium_airport,CO,Medellín,6.16454, -75.4231
RCH,Almirante Padilla Airport,medium_airport,CO,Riohacha,11.5262, -72.926
RVE,Los Colonizadores Airport,small_airport,CO,Saravena,6.951868, -71.857179
SJE,Jorge E. Gonzalez Torres Airport,medium_airport,CO,San José Del Guaviare,2.57969, -72.6394
SSL,Santa Rosalia Airport,small_airport,CO,Santa Rosalia,5.1309, -70.8682
SMR,Simón Bolívar International Airport,medium_airport,CO,Santa Marta,11.1196, -74.2306
SOX,Alberto Lleras Camargo Airport,small_airport,CO,Sogamoso,5.67732, -72.9703
ADZ,Gustavo Rojas Pinilla International Airport,medium_airport,CO,San Andrés,12.5836, -81.7112
SRS,San Marcos Airport,small_airport,CO,San Marcos,8.69, -75.156
SVI,Eduardo Falla Solano Airport,medium_airport,CO,San Vicente Del Caguán,2.15217, -74.7663
TIB,Tibú Airport,small_airport,CO,Tibú,8.63152, -72.7304
TDA,Trinidad Airport,small_airport,CO,Trinidad,5.43278, -71.6625
TLU,Golfo de Morrosquillo Airport,small_airport,CO,Santiago de Tolú,9.50945, -75.5854
TME,Gustavo Vargas Airport,medium_airport,CO,Tame,6.45108, -71.7603
TQS,Tres Esquinas Air Base,medium_airport,CO,Tres Esquinas,0.7459, -75.234
TRB,Gonzalo Mejía Airport,heliport,CO,Turbo,8.071878, -76.740124
URI,Uribe Airport,small_airport,CO,La Uribe,3.2375, -74.347222
AUC,Santiago Perez Airport,medium_airport,CO,Arauca,7.06888, -70.7369
UIB,El Caraño Airport,medium_airport,CO,Quibdó,5.69076, -76.6412
ULQ,Heriberto Gíl Martínez Airport,medium_airport,CO,Tuluá,4.08836, -76.2351
URR,Urrao Airport,small_airport,CO,Urrao,6.32883, -76.1425
VGZ,Villa Garzón Airport,small_airport,CO,Villa Garzón,0.978767, -76.6056
PYA,Velásquez Airport,small_airport,CO,Puerto Boyacá,5.93904, -74.457
VUP,Alfonso López Pumarejo Airport,medium_airport,CO,Valledupar,10.435, -73.2495
VVC,Vanguardia Airport,medium_airport,CO,Villavicencio,4.16787, -73.6138
AYG,Yaguara Airport,small_airport,CO,San Vicente Del Caguán,1.54417, -73.9333
EYP,El Yopal Airport,medium_airport,CO,El Yopal,5.31911, -72.384
MHW,Monteagudo Airport,small_airport,BO,El Bañado,-19.82699966430664, -63.96099853515625
SRE,Alcantarí Airport,medium_airport,BO,Yamparaez,-19.246835, -65.149611
APB,Apolo Airport,small_airport,BO,Apolo,-14.735600471496582, -68.41190338134766
ASC,Ascención De Guarayos Airport,small_airport,BO,Ascensión de Guarayos,-15.930299758911133, -63.156700134277344
BJO,Bermejo Airport,medium_airport,BO,Bermejo,-22.7733001709, -64.31289672850001
CAM,Camiri Airport,small_airport,BO,Camiri,-20.006399154663086, -63.527801513671875
CBB,Jorge Wilsterman International Airport,medium_airport,BO,Cochabamba,-17.421100616455078, -66.1771011352539
CCA,Chimore Airport,small_airport,BO,Chimore,-16.976834, -65.145568
CIJ,Capitán Aníbal Arab Airport,medium_airport,BO,Cobija,-11.040399551400002, -68.7829971313
CEP,Concepción Airport,small_airport,BO,Concepción,-16.142688, -62.026595
SRZ,El Trompillo Airport,medium_airport,BO,Santa Cruz,-17.8115997314, -63.1715011597
GYA,Capitán de Av. Emilio Beltrán Airport,small_airport,BO,Guayaramerín,-10.820599556, -65.3455963135
BVK,Huacaraje Airport,small_airport,BO,Itenes,-13.5500001907, -63.747898101800004
SLJ,Solomon Airport,small_airport,AU,Karijini National Park,-22.25677, 117.850454
SJS,San José De Chiquitos Airport,small_airport,BO,San José de Chiquitos,-17.830799102783203, -60.743099212646484
SJB,San Joaquín Airport,small_airport,BO,San Joaquín,-13.0528, -64.661697
SJV,San Javier Airport,small_airport,BO,San Javier,-16.27079963684082, -62.470298767089844
LPB,El Alto International Airport,medium_airport,BO,La Paz / El Alto,-16.5132999420166, -68.19229888916016
MGD,Magdalena Airport,small_airport,BO,Magdalena,-13.2607483767, -64.0607643127
ORU,Juan Mendoza Airport,medium_airport,BO,Oruro,-17.962600708, -67.0762023926
POI,Capitan Nicolas Rojas Airport,medium_airport,BO,Potosí,-19.543331, -65.723734
PUR,Puerto Rico Airport,small_airport,BO,Puerto Rico/Manuripi,-11.107663, -67.551155
PSZ,Capitán Av. Salvador Ogaya G. airport,medium_airport,BO,Puerto Suárez,-18.975301, -57.820599
SRD,San Ramón Airport,small_airport,BO,San Ramón / Mamoré,-13.2639, -64.603897
RBO,Roboré Airport,small_airport,BO,Roboré,-18.329200744628906, -59.76499938964844
RIB,Capitán Av. Selin Zeitun Lopez Airport,small_airport,BO,Riberalta,-11, -66
REY,Reyes Airport,small_airport,BO,Reyes,-14.3044, -67.353401
SBL,Santa Ana Del Yacuma Airport,medium_airport,BO,Santa Ana del Yacuma,-13.762200355500001, -65.4352035522
SRJ,Capitán Av. German Quiroga G. Airport,small_airport,BO,San Borja,-14.859199523925781, -66.73750305175781
SNG,Capitán Av. Juan Cochamanidis S. Airport,small_airport,BO,San Ignacio de Velasco,-16.3836, -60.962799
SNM,San Ignacio de Moxos Airport,small_airport,BO,San Ignacio de Moxos,-14.9658, -65.6338
SRB,Santa Rosa De Yacuma Airport,small_airport,BO,Santa Rosa,-14.066200256347656, -66.78679656982422
MQK,San Matías Airport,small_airport,BO,San Matías,-16.33919906616211, -58.40190124511719
TJA,Capitan Oriel Lea Plaza Airport,medium_airport,BO,Tarija,-21.5557, -64.701302
TDD,Teniente Av. Jorge Henrich Arauz Airport,medium_airport,BO,Trinidad,-14.8186998367, -64.9179992676
UYU,Uyuni Joya Andina Airport,small_airport,BO,Quijarro,-20.441304, -66.857553
VAH,Capitán Av. Vidal Villagomez Toledo Airport,small_airport,BO,Vallegrande,-18.482500076293945, -64.09940338134766
VLM,Teniente Coronel Rafael Pabón Airport,medium_airport,BO,Villamontes,-21.255199432399998, -63.4056015015
VVI,Viru Viru International Airport,large_airport,BO,Santa Cruz,-17.6448, -63.135399
BYC,Yacuiba Airport,medium_airport,BO,Yacuíba,-21.960899353027344, -63.65169906616211
ABN,Albina Airport,small_airport,SR,Albina,5.51272, -54.050098
TOT,Totness Airport,small_airport,SR,Totness,5.86583, -56.327499
DRJ,Drietabbetje Airport,small_airport,SR,Drietabbetje,4.111359, -54.672766
SMH,Sapmanga Airport,small_airport,PG,Sapmanga,-6.075277777779999, 146.811111111
PBM,Johan Adolf Pengel International Airport,large_airport,SR,Zandery,5.45283, -55.187801
MOJ,Moengo Airstrip,small_airport,SR,Moengo,5.6076, -54.4003
ICK,Nieuw Nickerie - Major Henk Fernandes Airport,small_airport,SR,Nieuw Nickerie,5.955435, -57.040617
OEM,Vincent Fayks Airport,small_airport,SR,Paloemeu,3.346051, -55.443707
SMZ,Stoelmanseiland Airport,small_airport,SR,Stoelmanseiland,4.349999904632568, -54.41666793823242
AGI,Wageningen Airstrip,small_airport,SR,Wageningen,5.841252, -56.673247
ORG,Zorg en Hoop Airport,small_airport,SR,Paramaribo,5.811131, -55.1913
JSO,Dr. Luciano de Arruda Coelho Regional Airport,medium_airport,BR,Sobral,-3.614488, -40.231426
JAW,Araripina Airport,small_airport,BR,Araripina,-7.586417, -40.535431
APY,Alto Parnaíba Airport,small_airport,BR,Alto Parnaíba,-9.083610534668, -45.95055770874
APQ,Arapiraca Airport,small_airport,BR,Arapiraca,-9.776589, -36.628983
AMJ,Cirilo Queiróz Airport,small_airport,BR,Almenara,-16.18389, -40.66722
AIF,Marcelo Pires Halzhausen Airport,small_airport,BR,Assis,-22.64, -50.453056
BDC,Barra do Corda Airport,small_airport,BR,Barra Do Corda,-5.5025, -45.215833
BVM,Belmonte Airport,small_airport,BR,Belmonte,-15.8717, -38.871899
BRA,Dom Ricardo Weberberger Airport,small_airport,BR,Barreiras,-12.0789, -45.008999
BSS,Balsas Airport,small_airport,BR,Balsas,-7.52603006362915, -46.05329895019531
BMS,Sócrates Mariani Bittencourt Airport,small_airport,BR,Brumado,-14.2554, -41.817501
BQQ,Barra Airport,small_airport,BR,Barra,-11.08080005645752, -43.147499084472656
EEA,Planalto Serrano Regional Airport,medium_airport,BR,Correia Pinto,-27.634128, -50.358253
CPU,Cururupu Airport,small_airport,BR,Cururupu,-1.820006, -44.864065
QCH,Colatina Airport,small_airport,BR,Colatina,-19.48699951171875, -40.57939910888672
RDC,Redenção Airport,small_airport,BR,Redenção,-8.033289909362793, -49.97990036010742
LEP,Leopoldina Airport,small_airport,BR,Leopoldina,-21.466101, -42.727001
DTI,Diamantina Airport,small_airport,BR,Diamantina,-18.232000351, -43.650398254399995
DIQ,Brigadeiro Cabral Airport,small_airport,BR,Divinópolis,-20.180700302124, -44.870899200439
JPE,Nagib Demachki Airport,small_airport,BR,Paragominas,-3.019798, -47.316474
CNV,Sócrates Rezende Airport,small_airport,BR,Canavieiras,-15.666999816895, -38.954700469971
VCC,Vacaria Airport,small_airport,BR,Vacaria,-28.43248, -51.023322
SXX,São Félix do Xingu Airport,small_airport,BR,São Félix do Xingu,-6.6413, -51.9523
GUZ,Guarapari Airport,small_airport,BR,Guarapari,-20.6465, -40.491901
GDP,Guadalupe Airport,small_airport,BR,Guadalupe,-6.782219886779785, -43.58219909667969
GNM,Guanambi Airport,small_airport,BR,Guanambi,-14.208200454711914, -42.74610137939453
QGP,Garanhuns Airport,small_airport,BR,Garanhuns,-8.834280014038086, -36.47159957885742
ITN,Tertuliano Guedes de Pinho Airport,small_airport,BR,Itabuna,-14.8105, -39.290401
SET,Santa Magalhães Airport,small_airport,BR,Serra Talhada,-8.061433, -38.328888
IRE,Irecê Airport,small_airport,BR,Irecê,-11.339900016784668, -41.84700012207031
QIG,Iguatu Airport,small_airport,BR,Iguatu,-6.346319, -39.294448
QIT,Itapetinga Airport,small_airport,BR,Itapetinga,-15.244500160217285, -40.277198791503906
IPU,Ipiaú Airport,small_airport,BR,Ipiaú,-14.173538, -39.68399
JCM,Jacobina Airport,small_airport,BR,Jacobina,-11.163200378417969, -40.5531005859375
FEC,João Durval Carneiro Airport,small_airport,BR,Feira De Santana,-12.200694, -38.906164
JEQ,Jequié Airport,small_airport,BR,Jequié,-13.877699851989746, -40.07160186767578
JNA,Januária Airport,small_airport,BR,Januária,-15.473799705505371, -44.385501861572266
JDR,Prefeito Octávio de Almeida Neves Airport,small_airport,BR,São João Del Rei,-21.0849990845, -44.2247238159
CDI,Cachoeiro do Itapemirim - Raimundo de Andrade Airport,small_airport,BR,Cachoeiro do Itapemirim,-20.834299, -41.1856
QCP,Currais Novos Airport,small_airport,BR,Currais Novos,-6.280832767486572, -36.540279388427734
SSO,São Lourenço Airport,small_airport,BR,São Lourenço,-22.090900421142578, -45.044498443603516
MTE,Monte Alegre Airport,small_airport,BR,Monte Alegre,-1.9958, -54.0742
MVS,Mucuri Airport,small_airport,BR,Mucuri,-18.048900604248047, -39.864200592041016
SBJ,São Mateus - Ernesto Bonomo Airport,small_airport,BR,São Mateus,-18.7213, -39.833698
PTQ,Porto de Moz Airport,small_airport,BR,Porto De Moz,-1.7414499521255493, -52.23609924316406
NNU,Nanuque Airport,small_airport,BR,Nanuque,-17.823299407958984, -40.329898834228516
PSW,Municipal José Figueiredo Airport,small_airport,BR,Passos,-20.732200622558594, -46.661800384521484
FEJ,Feijó Airport,small_airport,BR,Feijó,-8.141213, -70.340821
ORX,Oriximiná Airport,small_airport,BR,Oriximiná,-1.7140799760818481, -55.83620071411133
PCS,Picos Airport,small_airport,BR,Picos,-7.0620598793029785, -41.52370071411133
POJ,Patos de Minas Airport,small_airport,BR,Patos De Minas,-18.672800064086914, -46.4911994934082
MXQ,Morro de São Paulo Airport,small_airport,BR,Cairu,-13.428781, -38.913689
PIV,Pirapora Airport,small_airport,BR,Pirapora,-17.3169002532959, -44.86029815673828
SNQ,San Quintín Military Airstrip,small_airport,MX,San Quintín,30.5288, -115.9462
FLB,Cangapara Airport,small_airport,BR,Floriano,-6.8463897705078125, -43.077301025390625
PDF,Prado Airport,small_airport,BR,Prado,-17.296976, -39.271131
CAU,Caruaru Airport,small_airport,BR,Caruaru,-8.28239, -36.0135
OPP,Salinópolis Airport,small_airport,BR,Salinópolis,-0.696111, -47.336111
SFK,Soure Airport,small_airport,BR,Soure,-0.697844, -48.519759
TXF,9 de Maio - Teixeira de Freitas Airport,small_airport,BR,Teixeira De Freitas,-17.524499893188, -39.66849899292
OBI,Óbidos Municipal Airport,small_airport,BR,Óbidos,-1.867981, -55.514596
TFL,Juscelino Kubitscheck Airport,small_airport,BR,Teófilo Otoni,-17.89229965209961, -41.51359939575195
JPO,Aeroporto Brigadeiro Firmino Ayres,small_airport,BR,Patos,-7.03899, -37.251598
VAL,Valença Airport,small_airport,BR,Valença,-13.2965, -38.992401
QID,Mélio Viana Airport,small_airport,BR,Três Corações,-21.790599822998047, -45.26919937133789
BVS,Breves Airport,small_airport,BR,Breves,-1.6365300416946411, -50.443599700927734
CMC,Camocim - Pinto Martins Airport,small_airport,BR,Camocim,-2.895596, -40.859299
JCS,Crateús Airport,small_airport,BR,Crateús,-5.21135, -40.704201
GGF,Almeirim Airport,small_airport,BR,Almeirim,-1.479524, -52.578214
PHI,Pinheiro Airport,small_airport,BR,Pinheiro,-2.477426, -45.105003
GMS,Antônio Guerreiro Airport,small_airport,BR,Guimarães,-2.109444, -44.651114
PPY,Pouso Alegre Airport,small_airport,BR,Pouso Alegre,-22.2892, -45.919102
PYT,Pedro Rabelo de Souza Airport,small_airport,BR,Paracatu,-17.242599, -46.883099
ITE,Ituberá Airport,small_airport,BR,Ituberá,-13.731571, -39.140377
BXX,Borama Airport,small_airport,SO,Borama,9.9463, 43.1495
SOA,Sóc Trăng Airport,small_airport,VN,Sóc Trăng,9.5814, 105.9602
CAY,Cayenne – Félix Eboué Airport,large_airport,GF,Matoury,4.819964, -52.361326
GSI,Grand-Santi Airport,small_airport,GF,Grand-Santi,4.285833, -54.373056
MPY,Maripasoula Airport,small_airport,GF,Maripasoula,3.655907, -54.039431
OYP,Saint-Georges-de-l'Oyapock Airport,medium_airport,GF,Saint-Georges-de-l'Oyapock,3.8976, -51.8041
LDX,Saint-Laurent-du-Maroni Airport,small_airport,GF,Saint-Laurent-du-Maroni,5.48306, -54.034401
REI,Régina Airport,small_airport,GF,Régina,4.31339, -52.132745
XAU,Saül Airport,small_airport,GF,Saül,3.61361, -53.204201
SOR,Al Thaurah Airport,small_airport,SY,Al Thaurah,34.3905, 40.1524
ALD,Alerta Airport,small_airport,PE,Fortaleza,-11.682999610900879, -69.33300018310547
AOP,Alferez FAP Alfredo Vladimir Sara Bauer Airport,small_airport,PE,Andoas,-2.79612994194, -76.46659851070001
AYX,Teniente General Gerardo Pérez Pinedo Airport,medium_airport,PE,Atalaya,-10.7291, -73.766502
MBP,Moyobamba Airport,small_airport,PE,Moyobamba,-6.0188889503479, -76.98832702636719
BLP,Huallaga Airport,small_airport,PE,Bellavista,-7.06056022644043, -76.58219909667969
IBP,Iberia Airport,medium_airport,PE,Iberia,-11.411600112915039, -69.48870086669922
PCL,Cap FAP David Abenzur Rengifo International Airport,medium_airport,PE,Pucallpa,-8.37794017791748, -74.57430267333984
TDP,Trompeteros Airport,small_airport,PE,Corrientes,-3.80601000786, -75.03929901119999
CHM,FAP Lieutenant Jaime Andres de Montreuil Morales Airport,medium_airport,PE,Chimbote,-9.14961, -78.523804
TGI,Tingo Maria Airport,small_airport,PE,Tingo Maria,-9.289667, -76.005058
CIX,Air Force Captain Jose A Quinones Gonzales International Airport,medium_airport,PE,Chiclayo,-6.78748, -79.828102
AYP,Air Force Colonel Alfredo Mendivil Duarte Airport,medium_airport,PE,Ayacucho,-13.1548, -74.204399
ANS,Andahuaylas Airport,small_airport,PE,Andahuaylas,-13.706399917602539, -73.35040283203125
ATA,Comandante FAP German Arias Graziani Airport,medium_airport,PE,Anta,-9.347439765930176, -77.59839630126953
UMI,Quincemil Air Base,small_airport,PE,Quince Mil,-13.231357, -70.75145
LIM,Jorge Chávez International Airport,large_airport,PE,Lima,-12.0219, -77.114305
UCZ,Uchiza Airport,small_airport,PE,Uchiza,-8.467000007629395, -76.3499984741211
RIJ,Juan Simons Vela Airport,medium_airport,PE,Rioja,-6.067860126495361, -77.16000366210938
JAE,Shumba Airport,medium_airport,PE,Jaén,-5.59248, -78.774002
JJI,Juanjui Airport,medium_airport,PE,Juanjuí,-7.169099807739258, -76.72859954833984
JAU,Francisco Carle Airport,medium_airport,PE,Jauja,-11.7831001282, -75.47339630130001
JUL,Inca Manco Capac International Airport,medium_airport,PE,Juliaca,-15.467100143432617, -70.158203125
SJA,San Juan de Marcona Airport,small_airport,PE,San Juan de Marcona,-15.357508, -75.135005
CJA,Mayor General FAP Armando Revoredo Iglesias Airport,medium_airport,PE,Cajamarca,-7.1391801834106445, -78.4894027709961
RIM,San Nicolas Airport,small_airport,PE,Rodriguez de Mendoza,-6.39231014251709, -77.5011978149414
ILQ,General Jorge Fernandez Maldon Airport,medium_airport,PE,Ilo,-17.695, -71.344002
TBP,Captain Pedro Canga Rodríguez International Airport,medium_airport,PE,Tumbes,-3.552074, -80.381086
MZA,Mayor PNP Nancy Flores Paucar Airport,small_airport,PE,Mazamari,-11.3254, -74.535598
YMS,Moises Benzaquen Rengifo Airport,medium_airport,PE,Yurimaguas,-5.893770217895508, -76.11820220947266
HUU,Alferez Fap David Figueroa Fernandini Airport,medium_airport,PE,Huánuco,-9.878809928894043, -76.20480346679688
SQU,Saposoa Airport,small_airport,PE,Plaza Saposoa,-6.9600300788879395, -76.76840209960938
CHH,Chachapoyas Airport,medium_airport,PE,Chachapoyas,-6.201911, -77.856195
IQT,Coronel FAP Francisco Secada Vignetta International Airport,medium_airport,PE,Iquitos,-3.78474, -73.3088
AQP,Rodríguez Ballón International Airport,medium_airport,PE,Arequipa,-16.3411006927, -71.5830993652
TRU,Capitan FAP Carlos Martinez De Pinillos International Airport,medium_airport,PE,Trujillo,-8.08141040802002, -79.10880279541016
PIO,Captain Renán Elías Olivera International Airport,medium_airport,PE,Pisco,-13.7449, -76.220299
TPP,Cadete FAP Guillermo Del Castillo Paredes Airport,medium_airport,PE,Tarapoto,-6.508739948272705, -76.37319946289062
SYC,Shiringayoc Airport,small_airport,PE,Shiringayoc,-11.898, -69.0625
TCQ,Coronel FAP Carlos Ciriani Santa Rosa International Airport,medium_airport,PE,Tacna,-18.053300857500002, -70.2758026123
PEM,Padre Aldamiz International Airport,medium_airport,PE,Puerto Maldonado,-12.6135997772, -69.2285995483
PIU,Capitán FAP Guillermo Concha Iberico International Airport,medium_airport,PE,Piura,-5.20574998856, -80.61640167239999
TYL,Captain Victor Montes Arias International Airport,medium_airport,PE,Talara,-4.57664, -81.254097
NZC,Maria Reiche Neuman Airport,medium_airport,PE,Nazca,-14.854, -74.961502
CUZ,Alejandro Velasco Astete International Airport,large_airport,PE,Cusco,-13.535699844400002, -71.9387969971
SQD,Shangrao Sanqingshan Airport,medium_airport,CN,Shangrao,28.3797, 117.9643
SQJ,Sanming Shaxian Airport,medium_airport,CN,Sanming,26.4263, 117.8336
SQT,China Strait Airstrip,small_airport,PG,Samarai Island,-10.5627777778, 150.690694444
AAJ,Cayana Airstrip,small_airport,SR,Awaradam,3.898681, -55.577907
KCB,Tepoe Airstrip,small_airport,SR,Kasikasima,3.15000009537, -55.716999054
SRL,Palo Verde Airport,small_airport,MX,Mulegé,27.0927, -112.0985
SRM,Sandringham Airport,small_airport,AU,Sandringham Station,-24.0568, 139.0821
SRV,Stony River 2 Airport,small_airport,US,Stony River,61.7896995544, -156.589004517
CZB,Carlos Ruhl Airport,small_airport,BR,Cruz Alta,-28.657934, -53.610095
APU,Captain João Busse Airport,small_airport,BR,Apucarana,-23.609099, -51.384301
BGV,Aeroclube de Bento Gonçalves Airport,small_airport,BR,Bento Gonçalves,-29.147424, -51.540791
BNU,Blumenau Airport,small_airport,BR,Blumenau,-26.831661, -49.093569
CCI,Olavo Cecco Rigon Airport,small_airport,BR,Concórdia,-27.180511, -52.051755
CSS,Cassilândia Airport,small_airport,BR,Cassilândia,-19.146861, -51.676941
CEL,Canela Airport,small_airport,BR,Canela,-29.370091, -50.831729
CKO,Cornélio Procópio Airport,small_airport,BR,Cornélio Procópio,-23.152711, -50.602868
DOU,Dourados Airport,small_airport,BR,Dourados,-22.2019, -54.926601
ERM,Erechim Airport,small_airport,BR,Erechim,-27.66189956665039, -52.2682991027832
FBE,Francisco Beltrão Airport,small_airport,BR,Francisco Beltrão,-26.059200286865234, -53.063499450683594
GGJ,Guaíra Airport,small_airport,BR,Guaíra,-24.0811, -54.1917
HRZ,Walter Bündchen Airport,small_airport,BR,Horizontina,-27.638299942, -54.339099884
IJU,João Batista Bos Filho Airport,small_airport,BR,Ijuí,-28.368711, -53.846568
ITQ,Itaqui Airport,small_airport,BR,Itaqui,-29.173099517822266, -56.53670120239258
JCB,Santa Terezinha Airport,small_airport,BR,Joaçaba,-27.1714000702, -51.5532989502
CBW,Campo Mourão Airport,small_airport,BR,Campo Mourão,-24.009199, -52.3568
QDB,Cachoeira do Sul Airport,small_airport,BR,Cachoeira Do Sul,-30.00189971923828, -52.940799713134766
QCR,Curitibanos Airport,small_airport,BR,Curitibanos,-27.282499313354492, -50.61140060424805
OAL,Cacoal Airport,small_airport,BR,Cacoal,-11.496, -61.4508
LOI,Helmuth Baungarten Airport,small_airport,BR,Lontras,-27.159999847399998, -49.5424995422
ALQ,Alegrete Novo Airport,small_airport,BR,Alegrete,-29.812700271599997, -55.8933982849
QGF,Montenegro Airport,small_airport,BR,Montenegro,-29.71940040588379, -51.48939895629883
QHV,Novo Hamburgo Airport,small_airport,BR,Novo Hamburgo,-29.69610023498535, -51.08169937133789
SQX,São Miguel do Oeste Airport,small_airport,BR,São Miguel Do Oeste,-26.781600952148438, -53.503501892089844
APX,Arapongas Airport,small_airport,BR,Arapongas,-23.3529, -51.491699
VRZ,Padre Israel Airport,small_airport,BR,Lavras,-21.240601, -44.963902
PTO,Juvenal Loureiro Cardoso Airport,small_airport,BR,Pato Branco,-26.217184, -52.694463
PNG,Paranaguá Airport,small_airport,BR,Paranaguá,-25.54010009765625, -48.53120040893555
PVI,Paranavaí Airport,small_airport,BR,Paranavaí,-23.08989906311035, -52.48849868774414
PBB,Paranaíba Airport,small_airport,BR,Paranaíba,-19.651199340820312, -51.19940185546875
SQY,São Lourenço do Sul Airport,small_airport,BR,São Lourenço Do Sul,-31.38330078125, -52.032798767089844
SSS,Siassi Airport,small_airport,PG,Siassi,-5.5965, 147.8106
JBS,São Borja Airport,small_airport,BR,São Borja,-28.6549, -56.034599
CSU,Santa Cruz do Sul Airport,small_airport,BR,Santa Cruz Do Sul,-29.684099197387695, -52.412200927734375
TJL,Plínio Alarcom Airport,small_airport,BR,Três Lagoas,-20.752643, -51.682026
UMU,Orlando de Carvalho Airport,small_airport,BR,Umuarama,-23.7987, -53.313801
ZFU,Unifly Heliport,heliport,BR,Arujá,-23.4086112976, -46.330554962200004
UVI,União da Vitória Airport,small_airport,BR,União da Vitória,-26.233224, -51.066754
VIA,Videira Airport,small_airport,BR,Videira,-26.99970054626465, -51.14189910888672
CTQ,Santa Vitória do Palmar Airport,small_airport,BR,Santa Vitória Do Palmar,-33.502223968506, -53.344165802002
AXE,Xanxerê Airport,small_airport,BR,Xanxerê,-26.875556945800003, -52.373054504399995
AAG,Avelino Vieira Airport,small_airport,BR,Arapoti,-24.103901, -49.789101
SRA,Luis Alberto Lehr Airport,small_airport,BR,Santa Rosa,-27.90658, -54.520628
PGZ,Ponta Grossa Airport - Comandante Antonio Amilton Beraldo,medium_airport,BR,Ponta Grossa,-25.184476, -50.143822
ATI,Artigas International Airport,small_airport,UY,Artigas,-30.400699615478516, -56.50790023803711
BUV,Bella Union Airport,small_airport,UY,Bella Union,-30.3333339691, -57.0833320618
CYR,Colonia Laguna de Los Patos International Airport,small_airport,UY,Colonia del Sacramento,-34.456402, -57.770599
DZO,Santa Bernardina International Airport,medium_airport,UY,Durazno,-33.3588981628418, -56.49919891357422
PDP,Capitan Corbeta CA Curbelo International Airport,medium_airport,UY,Punta del Este,-34.855098724365234, -55.09429931640625
MLZ,Cerro Largo International Airport,small_airport,UY,Melo,-32.33789825439453, -54.21670150756836
MVD,Carrasco General Cesáreo L. Berisso International Airport,large_airport,UY,Ciudad de la Costa,-34.835647, -56.026497
PDU,Tydeo Larre Borges Airport,small_airport,UY,Paysandu,-32.36330032348633, -58.0619010925293
RVY,Presidente General Don Oscar D. Gestido International Airport,small_airport,UY,Rivera,-30.974599838256836, -55.476200103759766
STY,Nueva Hesperides International Airport,medium_airport,UY,Salto,-31.438499450683594, -57.98529815673828
TAW,Tacuarembo Airport,small_airport,UY,Tacuarembo,-31.749001, -55.925801
TYT,Treinta y Tres Airport,small_airport,UY,Treinta y Tres,-33.195714, -54.347246
VCH,Vichadero Airport,small_airport,UY,Vichadero,-31.767000198364258, -54.617000579833984
AGV,Oswaldo Guevara Mujica Airport,medium_airport,VE,Acarigua,9.553375, -69.237869
AAO,Anaco Airport,medium_airport,VE,Anaco,9.430225, -64.470726
LPJ,Armando Schwarck Airport,small_airport,VE,Guayabal,6.578050136566162, -66.81690216064453
BLA,General José Antonio Anzoategui International Airport,large_airport,VE,Barcelona,10.111111, -64.692222
BNS,Barinas Airport,medium_airport,VE,Barinas,8.615, -70.21416667
BRM,Barquisimeto International Airport,medium_airport,VE,Barquisimeto,10.042746543884277, -69.3586196899414
MYC,Escuela Mariscal Sucre Airport,medium_airport,VE,Maracay,10.249978065490723, -67.64942169189453
CBL,"Aeropuerto ""General Tomas de Heres"". Ciudad Bolivar",medium_airport,VE,,8.12216091156, -63.5369567871
CXA,Caicara del Orinoco Airport,medium_airport,VE,,7.625510215759277, -66.16280364990234
ZRZ,Zaraza Airport,small_airport,VE,Zaraza,9.350306, -65.280655
CUV,Casigua El Cubo Airport,small_airport,VE,Casigua El Cubo,8.758139610290527, -72.53630065917969
CLZ,Calabozo Airport,medium_airport,VE,Guarico,8.92465591430664, -67.4170913696289
CAJ,Canaima Airport,medium_airport,VE,Canaima,6.231988906860352, -62.85443115234375
CUP,General Francisco Bermúdez Airport,medium_airport,VE,Carúpano,10.660014152526855, -63.261680603027344
CZE,José Leonardo Chirinos Airport,medium_airport,VE,Coro,11.41494369506836, -69.68090057373047
CUM,Cumaná (Antonio José de Sucre) Airport,medium_airport,VE,,10.450332641601562, -64.1304702758789
PPZ,Puerto Paez Airport,small_airport,VE,Puerto Paez,6.220095, -67.447508
EOR,El Dorado Airport,medium_airport,VE,Bolivar,6.71573, -61.638786
EOZ,Elorza Airport,medium_airport,VE,,7.0833330154418945, -69.53333282470703
GDO,Guasdalito Airport,medium_airport,VE,,7.233333110809326, -70.80000305175781
GUI,Guiria Airport,medium_airport,VE,,10.574077606200001, -62.3126678467
GUQ,Guanare Airport,medium_airport,VE,Guanare,9.026944160461426, -69.7551498413086
HGE,Higuerote Airport,small_airport,VE,Higuerote,10.462474, -66.092779
ICA,Icabarú Airport,small_airport,VE,,4.336319923400879, -61.739601135253906
ICC,Andrés Miguel Salazar Marcano Airport,small_airport,VE,Isla de Coche,10.794432, -63.98159
LSP,Josefa Camejo International Airport,medium_airport,VE,Paraguaná,11.78077507019043, -70.15149688720703
KAV,Kavanayen Airport,small_airport,VE,,5.632999897003174, -61.78300094604492
LFR,La Fria Airport,medium_airport,VE,,8.239167213439941, -72.27102661132812
MAR,La Chinita International Airport,medium_airport,VE,Maracaibo,10.5582084656, -71.7278594971
MRD,Alberto Carnevalli Airport,medium_airport,VE,Mérida,8.582078, -71.161041
PMV,Del Caribe Santiago Mariño International Airport,medium_airport,VE,Isla Margarita,10.912603378295898, -63.96659851074219
CCS,Simón Bolívar International Airport,large_airport,VE,Caracas,10.601194, -66.991222
MUN,Maturín Airport,medium_airport,VE,Maturín,9.749023, -63.153348
CBS,Oro Negro Airport,small_airport,VE,Cabimas,10.330699920654297, -71.32250213623047
PYH,Cacique Aramare Airport,medium_airport,VE,Puerto Ayacucho,5.6199898719788, -67.606101989746
PBL,General Bartolome Salom International Airport,medium_airport,VE,,10.480500221252441, -68.072998046875
PDZ,Pedernales Airport,small_airport,VE,,9.979240417480469, -62.228599548339844
PPH,Perai-Tepuy Airport,small_airport,VE,Parai-tepuí,4.570275, -61.520262
SCI,Paramillo Airport,medium_airport,VE,,7.8013200759887695, -72.2029037475586
PZO,General Manuel Carlos Piar International Airport,medium_airport,VE,Puerto Ordaz-Ciudad Guayana,8.288530349731445, -62.760398864746094
PTM,Palmarito Airport,medium_airport,VE,Palmarito,7.566669940948486, -70.18329620361328
LRV,Los Roques Airport,small_airport,VE,Gran Roque Island,11.946177, -66.669836
SVS,Stevens Village Airport,small_airport,US,Stevens Village,66.0172, -149.0545
SVZ,San Antonio Del Tachira Airport,medium_airport,VE,,7.840829849243164, -72.439697265625
SBB,Santa Bárbara de Barinas Airport,small_airport,VE,Santa Bárbara,7.803514003753662, -71.16571807861328
SNV,Santa Elena de Uairen Airport,medium_airport,VE,,4.554999828338623, -61.150001525878906
STD,Mayor Buenaventura Vivas International Airport,medium_airport,VE,Santo Domingo,7.56538, -72.035103
SNF,Sub Teniente Nestor Arias Airport,medium_airport,VE,San Felipe,10.2787, -68.755203
SFD,San Fernando De Apure Airport,medium_airport,VE,Inglaterra,7.883319854736328, -67.44400024414062
SOM,San Tomé Airport,medium_airport,VE,El Tigre,8.9451465606689, -64.151084899902
STB,Santa Bárbara del Zulia Airport,medium_airport,VE,,8.974550247192383, -71.94325256347656
TUV,Tucupita Airport,medium_airport,VE,Tucupita,9.088994026184082, -62.094173431396484
TMO,Tumeremo Airport,medium_airport,VE,,7.24938, -61.52893
URM,Uriman Airport,small_airport,VE,,5.3333330154418945, -62.766666412353516
VLN,Arturo Michelena International Airport,medium_airport,VE,Valencia,10.14973258972168, -67.92839813232422
VIG,Juan Pablo Pérez Alfonso Airport,medium_airport,VE,El Vigía,8.624139, -71.672668
VLV,Dr. Antonio Nicolás Briceño Airport,medium_airport,VE,Valera,9.34047794342041, -70.58406066894531
VDP,Valle de La Pascua Airport,medium_airport,VE,,9.22202777863, -65.9935836792
BAZ,Barcelos Airport,small_airport,BR,Barcelos,-0.981191, -62.918603
JSB,Walfrido Salmito de Almeida Airport,small_airport,BR,São Benedito,-4.042841, -40.893813
LCB,Pontes e Lacerda Airport,small_airport,BR,Pontes e Lacerda,-15.1934, -59.3848
RBB,Borba Airport,small_airport,BR,Borba,-4.40634, -59.602402
CAF,Carauari Airport,small_airport,BR,Carauari,-4.871473, -66.897552
CQS,Costa Marques Airport,small_airport,BR,Costa Marques,-12.421099662780762, -64.25160217285156
DMT,Diamantino Airport,small_airport,BR,Diamantino,-14.376899719238281, -56.40039825439453
DNO,Dianópolis Airport,small_airport,BR,Dianópolis,-11.5953998566, -46.846698761
SWE,Siwea Airport,small_airport,PG,Siwea,-6.284181, 147.582371
ERN,Eirunepé Airport,small_airport,BR,Eirunepé,-6.639530181884766, -69.87979888916016
CQA,Canarana Airport,small_airport,BR,Canarana,-13.574443817138672, -52.27055740356445
SXO,São Félix do Araguaia Airport,small_airport,BR,São Félix Do Araguaia,-11.632399559020996, -50.68960189819336
SWG,Satwag Airport,small_airport,PG,Satwag,-6.13955555556, 147.279166667
GRP,Gurupi Airport,small_airport,BR,Gurupi,-11.73960018157959, -49.132198333740234
AUX,Araguaína Airport,medium_airport,BR,Araguaína,-7.22787, -48.240501
GGB,Frederico Carlos Müller Airport,small_airport,BR,Água Boa,-14.019959, -52.152003
HUW,Humaitá Airport,small_airport,BR,Humaitá,-7.532120227810001, -63.072101593
IPG,Ipiranga Airport,small_airport,BR,Santo Antônio Do Içá,-2.939069986343384, -69.69400024414062
IDO,Santa Izabel do Morro Airport,small_airport,BR,Cristalândia,-11.57229995727539, -50.66619873046875
JPR,Ji-Paraná Airport,small_airport,BR,Ji-Paraná,-10.870743, -61.846675
JIA,Juína Airport,small_airport,BR,Juína,-11.419444, -58.701668
JRN,Juruena Airport,small_airport,BR,Juruena,-10.305832862854, -58.489444732666
JTI,Jataí Airport,small_airport,BR,Jataí,-17.8299007416, -51.7729988098
CCX,Cáceres Airport,small_airport,BR,Cáceres,-16.04360008239746, -57.62990188598633
CIZ,Coari Airport,small_airport,BR,Coari,-4.13406, -63.132599
NSR,Serra da Capivara Airport,small_airport,BR,São Raimundo Nonato,-9.083392, -42.644656
TLZ,Catalão Airport,small_airport,BR,Catalão,-18.216800689697266, -47.89970016479492
LBR,Lábrea Airport,small_airport,BR,Lábrea,-7.27897, -64.769501
RVD,General Leite de Castro Airport,small_airport,BR,Rio Verde,-17.8347225189209, -50.956111907958984
MBZ,Maués Airport,small_airport,BR,Maués,-3.37217, -57.7248
NVP,Novo Aripuanã Airport,small_airport,BR,Novo Aripuanã,-5.118030071258545, -60.364898681640625
BCR,Novo Campo Airport,small_airport,BR,Boca do Acre,-8.83456, -67.312401
NQL,Niquelândia Airport,small_airport,BR,Niquelândia,-14.434900283813477, -48.49150085449219
APS,Anápolis Airport,small_airport,BR,Anápolis,-16.3623008728, -48.9271011353
FBA,Fonte Boa Airport,small_airport,BR,Fonte Boa,-2.5326099395800004, -66.0831985474
PIN,Parintins Airport,small_airport,BR,Parintins,-2.673521, -56.777625
PBQ,Pimenta Bueno Airport,small_airport,BR,Pimenta Bueno,-11.6416, -61.1791
PBX,Fazenda Piraguassu Airport,small_airport,BR,Porto Alegre Do Norte,-10.861110687256, -51.685001373291
SWR,Silur Airport,small_airport,PG,Silur Mission,-4.5298888888899995, 153.054444444
AAI,Arraias Airport,small_airport,BR,Arraias,-13.025154, -46.884107
ROO,Maestro Marinho Franco Airport,medium_airport,BR,Rondonópolis,-16.584292, -54.724803
AIR,Aripuanã Airport,small_airport,BR,Aripuanã,-10.188278, -59.457273
OPS,Presidente João Batista Figueiredo Airport,small_airport,BR,Sinop,-11.885001, -55.586109
STZ,Santa Terezinha Airport,small_airport,BR,Santa Terezinha,-10.464721679688, -50.518611907959
IRZ,Tapuruquara Airport,small_airport,BR,Santa Isabel Do Rio Negro,-0.3786, -64.9923
TGQ,Tangará da Serra Airport,small_airport,BR,Tangará Da Serra,-14.662, -57.443501
AZL,Fazenda Tucunaré Airport,small_airport,BR,Sapezal,-13.465528, -58.866935
QHN,Taguatinga Airport,small_airport,BR,Taguatinga,-12.433889389038086, -46.40055465698242
SQM,São Miguel do Araguaia Airport,small_airport,BR,São Miguel Do Araguaia,-13.331299781799316, -50.197601318359375
MTG,Vila Bela da Santíssima Trindade Airport,small_airport,BR,Vila Bela Da Santíssima Trindade,-14.9942, -59.9458
VLP,Vila Rica Airport,small_airport,BR,Vila Rica,-9.979443550109863, -51.1422233581543
MBK,Regional Orlando Villas Boas Airport,small_airport,BR,Matupá,-10.170277595500002, -54.9527778625
NOK,Xavantina Airport,small_airport,BR,Nova Xavantina,-14.6983003616333, -52.34640121459961
IUP,Apuí Airport,small_airport,BR,Apuí,-7.172773, -59.8396
SWZ,Western Sydney International (Nancy Bird Walton) Airport,heliport,AU,Sydney (Badgerys Creek),-33.879444, 150.739722
SXH,Sehulea Airport,small_airport,PG,Sehulea,-9.96452777778, 151.161861111
SXP,Nunam Iqua Airport,small_airport,US,Nunam Iqua,62.520599, -164.848006
AHL,Aishalton Airport,small_airport,GY,Aishalton,2.473206, -59.321596
NAI,Annai Airport,small_airport,GY,Annai,3.959439992904663, -59.12419891357422
SYB,Seal Bay Seaplane Base,seaplane_base,US,Seal Bay,58.373291, -152.201797
BMJ,Baramita Airport,small_airport,GY,Baramita,7.370120048522949, -60.487998962402344
GFO,Bartica A Airport,small_airport,GY,Bartica,6.358864, -58.655207
GEO,Cheddi Jagan International Airport,medium_airport,GY,Georgetown,6.49855, -58.254101
SYF,Silva Bay Seaplane Base,seaplane_base,CA,Gabriola Island,49.151, -123.698
OGL,Eugene F. Correira International Airport,medium_airport,GY,Ogle,6.80628, -58.1059
IMB,Imbaimadai Airport,small_airport,GY,Imbaimadai,5.7081098556518555, -60.2942008972168
KAR,Kamarang Airport,small_airport,GY,Kamarang,5.865340232849121, -60.614200592041016
KRM,Karanambo Airport,small_airport,GY,Karanambo,3.7519400119781494, -59.30970001220703
KRG,Karasabai Airport,small_airport,GY,Karasabai,4.033329963684082, -59.53329849243164
KTO,Kato Airport,small_airport,GY,Kato,4.649159908294678, -59.83219909667969
KKG,Konawaruk Airport,small_airport,GY,Konawaruk,5.2684, -58.995
SYL,Roberts Army Heliport,heliport,US,Camp Roberts/San Miguel,35.814998626699996, -120.744003296
LUB,Lumid Pau Airport,small_airport,GY,Lumid Pau,2.3939299583399998, -59.4410018921
LTM,Lethem Airport,medium_airport,GY,Lethem,3.37276, -59.789398
USI,Mabaruma Airport,small_airport,GY,Mabaruma,8.20017, -59.777965
MHA,Mahdia Airport,small_airport,GY,Mahdia,5.277490139007568, -59.151100158691406
VEG,Maikwak Airport,small_airport,GY,Maikwak,4.898172, -59.817027
MYM,Monkey Mountain Airport,small_airport,GY,Monkey Mountain,4.483329772949219, -59.68330001831055
MWJ,Matthews Ridge Airport,small_airport,GY,Matthews Ridge,7.487736, -60.185237
SYN,Stanton Airfield,small_airport,US,Dennison,44.475579, -93.016756
QSX,New Amsterdam Airport,small_airport,GY,New Amsterdam,6.244324, -57.474172
ORJ,Orinduik Airport,small_airport,GY,Orinduik,4.72527, -60.035
PMT,Paramakatoi Airport,small_airport,GY,Paramakatoi,4.6975, -59.7125
PRR,Paruima Airport,small_airport,GY,Paruima,5.81724, -61.055489
SDC,Sand Creek Airport,small_airport,GY,Sand Creek,2.9913, -59.51
SKM,Skeldon Airport,small_airport,GY,Skeldon,5.8599, -57.14894
SZN,Santa Cruz Island Airport,small_airport,US,Santa Cruz Island,34.06007, -119.915229
SZP,Santa Paula Airport,small_airport,US,Santa Paula,34.34719849, -119.060997
TAO,Qingdao Jiaodong International Airport,large_airport,CN,"Jiaozhou, Qingdao",36.361953, 120.088171
ANU,V C Bird International Airport,medium_airport,AG,Osbourn,17.1367, -61.792702
BBQ,Codrington Airport,medium_airport,AG,Codrington,17.635799, -61.828602
TBE,Timbunke Airport,small_airport,PG,Timbunke,-4.196633, 143.519222
BGI,Grantley Adams International Airport,medium_airport,BB,Bridgetown,13.0746, -59.4925
TBQ,Tarabo Airport,small_airport,PG,Tarabo,-6.46666666667, 145.532222222
TBV,Tabal Airstrip,small_airport,MH,Tabal Island,8.3027, 171.1615
TCK,Tinboli Airport,small_airport,PG,Tinboli,-4.0949, 143.3838
TCT,Takotna Airport,small_airport,US,Takotna,62.993206, -156.029026
TDB,Tetebedi Airport,small_airport,PG,Tetebedi,-9.1586, 148.0686
DCF,Canefield Airport,medium_airport,DM,Canefield,15.336693, -61.392108
DOM,Douglas-Charles Airport,medium_airport,DM,Marigot,15.547, -61.299999
TDS,Sasereme Airport,small_airport,PG,Sasereme,-7.6217, 142.868
TEO,Terapo Airport,small_airport,PG,Terapo Mission,-8.16972222222, 146.194444444
TFB,Tifalmin Airport,small_airport,PG,Tifalmin,-5.1173, 141.419
DSD,La Désirade Airport,small_airport,GP,Grande Anse,16.296902, -61.0844
BBR,Basse-Terre Baillif Airport,small_airport,GP,Basse-Terre,16.013648, -61.742928
SFC,St-François Airport,small_airport,GP,St-François,16.257799, -61.262501
FDF,Martinique Aimé Césaire International Airport,large_airport,MQ,Fort-de-France,14.591, -61.003201
SFG,Grand Case-Espérance Airport,medium_airport,MF,Grand Case,18.099899, -63.047199
SBH,Saint Barthélemy - Rémy de Haenen Airport,medium_airport,BL,Gustavia / Saint-Jean,17.9044, -62.843601
GBJ,Les Bases Airport,medium_airport,GP,Grand Bourg,15.86870002746582, -61.27000045776367
PTP,Pointe-à-Pitre Le Raizet International  Airport,large_airport,GP,Pointe-à-Pitre,16.265301, -61.531799
LSS,Terre-de-Haut Airport,small_airport,GP,Les Saintes,15.86439991, -61.5806007385
TGL,Tagula Airport,small_airport,PG,Sudest Island,-11.3311111111, 153.202916667
GND,Maurice Bishop International Airport,medium_airport,GD,Saint George's,12.0042, -61.786201
CRU,Lauriston Airport,small_airport,GD,Carriacou Island,12.4761, -61.472801
THW,Trincomalee Harbor Waterdrome,seaplane_base,LK,Trincomalee,8.56, 81.22
STT,Cyril E. King Airport,medium_airport,VI,Charlotte Amalie,18.337091, -64.977251
STX,Henry E Rohlsen Airport,medium_airport,VI,Christiansted,17.701900482177734, -64.79859924316406
ARE,Antonio Nery Juarbe Pol Airport,medium_airport,PR,Arecibo,18.45085, -66.675768
BQN,Rafael Hernández International Airport,medium_airport,PR,Aguadilla,18.4949, -67.129402
TJC,Ticantiquí Airport,small_airport,PA,Ticantiquí,9.4185, -78.4896
CPX,Benjamin Rivera Noriega Airport,small_airport,PR,Culebra,18.312954, -65.303893
SIG,Fernando Luis Ribas Dominicci Airport,medium_airport,PR,San Juan,18.45680046081543, -66.09809875488281
MAZ,Eugenio Maria De Hostos Airport,medium_airport,PR,Mayaguez,18.255699157714844, -67.14849853515625
PSE,Mercedita Airport,medium_airport,PR,Ponce,18.00830078125, -66.56300354003906
NRR,José Aponte de la Torre Airport,small_airport,PR,Ceiba,18.2453, -65.643402
SJU,Luis Munoz Marin International Airport,large_airport,PR,San Juan,18.4393997192, -66.0018005371
VQS,Antonio Rivera Rodriguez Airport,small_airport,PR,Vieques,18.1348, -65.493599
TKE,Tenakee Seaplane Base,seaplane_base,US,Tenakee Springs,57.77970123291, -135.21800231934
TKL,Taku Lodge Seaplane Base,seaplane_base,US,Taku Lodge,58.4897003174, -133.942993164
SKB,Robert L. Bradshaw International Airport,medium_airport,KN,Basseterre,17.311199188232422, -62.71870040893555
NEV,Vance W. Amory International Airport,medium_airport,KN,Charlestown,17.205699920654297, -62.589900970458984
TLP,Tumolbil Airport,small_airport,PG,Tumolbil,-4.7748, 141.0133
SLU,George F. L. Charles Airport,medium_airport,LC,Castries,14.0202, -60.992901
UVF,Hewanorra International Airport,large_airport,LC,Vieux Fort,13.7332, -60.952599
TLT,Tuluksak Airport,small_airport,US,Tuluksak,61.086973, -160.922842
KEA,Kerki Airport,small_airport,TM,Kerki,37.822051, 65.135279
AUA,Queen Beatrix International Airport,large_airport,AW,Oranjestad,12.5014, -70.015198
BON,Flamingo International Airport,large_airport,BQ,"Kralendijk, Bonaire",12.131, -68.268501
CUR,Hato International Airport,large_airport,CW,Willemstad,12.1889, -68.959801
EUX,F. D. Roosevelt Airport,medium_airport,BQ,Sint Eustatius,17.49650001525879, -62.979400634765625
SXM,Princess Juliana International Airport,large_airport,SX,Saint Martin,18.041, -63.108898
SAB,Juancho E. Yrausquin Airport,small_airport,BQ,Saba,17.645000457763672, -63.220001220703125
TNW,Jumandy Airport,medium_airport,EC,Tena,-1.059722, -77.583333
TOK,Torokina Airport,small_airport,PG,Torokina,-6.2015, 155.063
TOV,Tortola West End Seaplane Base,seaplane_base,VG,Tortola,18.45, -64.583333
PTA,Port Alsworth Airport,small_airport,US,Port Alsworth,60.201681, -154.325863
TPT,Tapeta Airport,small_airport,LR,Tapeta,6.4948, -8.873
AXA,Clayton J Lloyd International Airport,medium_airport,AI,The Valley,18.204773, -63.05383
BGG,Bingöl Çeltiksuyu Airport,small_airport,TR,Bingöl,38.8592605591, 40.5959625244
MNI,John A. Osborne Airport,medium_airport,MS,Gerald's Park,16.791401, -62.193298
TSG,Tanacross Airport,small_airport,US,Tanacross,63.374401092499994, -143.335998535
TSI,Tsile Tsile Airport,small_airport,PG,Tsile Tsile,-6.8498, 146.3554
TAB,Tobago-Crown Point Airport,medium_airport,TT,Scarborough,11.149700164794922, -60.83219909667969
POS,Piarco International Airport,medium_airport,TT,Port of Spain,10.5954, -61.3372
TTW,Tissa Tank Waterdrome,seaplane_base,LK,Tissamaharama,6.2876, 81.2906
TUJ,Tum Airport,small_airport,ET,Tum,6.26, 35.5184
NGD,Captain Auguste George Airport,small_airport,VG,Anegada,18.727734, -64.32852
EIS,Terrance B. Lettsome International Airport,medium_airport,VG,Road Town,18.445492, -64.541707
VIJ,Virgin Gorda Airport,small_airport,VG,Spanish Town,18.446399688720703, -64.42749786376953
SVD,Argyle International Airport,medium_airport,VC,Kingstown,13.156695, -61.149945
BQU,J F Mitchell Airport,medium_airport,VC,Bequia,12.9884, -61.262001
CIW,Canouan Airport,medium_airport,VC,Canouan,12.699, -61.3424
MQS,Mustique Airport,medium_airport,VC,Mustique Island,12.8879, -61.180199
UNI,Union Island International Airport,medium_airport,VC,Union Island,12.600135, -61.411945
DSX,Dongsha Island (Pratas Island) Airport,small_airport,TW,Kaohsiung (Cijin - Pratas Island),20.7066, 116.721001
CMJ,Qimei Airport,small_airport,TW,Qimei,23.213127, 119.417539
TWC,Tumxuk Tangwangcheng Airport,small_airport,CN,Tumxuk,39.886663, 79.233408
TWH,Two Harbors Amphibious Terminal,seaplane_base,US,Two Harbors,33.432222222200004, -118.508611111
BDA,L.F. Wade International International Airport,medium_airport,BM,Hamilton,32.36399841308594, -64.67870330810547
TYE,Tyonek Airport,small_airport,US,Tyonek,61.076556, -151.131363
GIT,Mchauru Airport,small_airport,TZ,Geita,-2.813667, 32.172472
LUY,Lushoto Airport,small_airport,TZ,Lushoto,-4.783259868621826, 38.30419921875
TZO,Tsimiroro Airport,small_airport,MG,Ankisatra,-18.345064, 45.015643
DBS,Dubois Municipal Airport,small_airport,US,Dubois,44.162057, -112.220581
MXR,Myrhorod Air Base,small_airport,UA,Myrhorod,49.932, 33.641
KHU,Kakhnovka Airfield,small_airport,UA,Kremenchuk,49.136799, 33.477893
KCP,Kam'yanets'-Podil's'kyi Airfield,small_airport,UA,Kamyan'ka,48.695634, 26.609469
ALA,Almaty International Airport,large_airport,KZ,Almaty,43.354267, 77.042828
BXH,Balkhash Airport,medium_airport,KZ,Balkhash,46.8932991027832, 75.00499725341797
BXJ,Boralday Airport,small_airport,KZ,Boralday,43.352052, 76.883039
TDK,Taldykorgan Airport,medium_airport,KZ,Taldykorgan,45.12255, 78.442758
NQZ,Nursultan Nazarbayev International Airport,large_airport,KZ,Nur-Sultan,51.022202, 71.466904
KOV,Kokshetau Airport,medium_airport,KZ,Kokshetau,53.329102, 69.594597
PPK,Petropavl Airport,medium_airport,KZ,Petropavl,54.774702, 69.183273
DMB,Taraz Airport,medium_airport,KZ,Taraz,42.853599548339844, 71.30359649658203
UAE,Mount Aue Airport,small_airport,PG,,-6.23416666667, 144.664722222
IKU,Issyk-Kul International Airport,medium_airport,KG,Tamchy,42.585584, 76.701181
FRU,Manas International Airport,large_airport,KG,Bishkek,43.0612983704, 74.4776000977
OSS,Osh Airport,medium_airport,KG,Osh,40.6090011597, 72.793296814
CIT,Shymkent Airport,medium_airport,KZ,Shymkent,42.364200592041016, 69.47889709472656
HSA,Hazrat Sultan International Airport,large_airport,KZ,,43.313126, 68.549881
DZN,Zhezkazgan National Airport,medium_airport,KZ,Zhezkazgan,47.708953, 67.738094
KGF,Sary-Arka Airport,medium_airport,KZ,Karaganda,49.670799, 73.334396
KZO,Kyzylorda Airport,small_airport,KZ,Kyzylorda,44.706902, 65.592499
URA,Uralsk Airport,medium_airport,KZ,Uralsk,51.15079879760742, 51.54309844970703
EKB,Ekibastuz Airport,medium_airport,KZ,Ekibastuz,51.590999603271484, 75.21499633789062
UKK,Ust-Kamenogorsk Airport,medium_airport,KZ,Ust-Kamenogorsk (Oskemen),50.036571, 82.493477
PWQ,Pavlodar Airport,medium_airport,KZ,Pavlodar,52.19499969482422, 77.07389831542969
PLX,Semey Airport,medium_airport,KZ,Semey,50.351295, 80.234398
SZI,Zaysan Airport,small_airport,KZ,Zaysan,47.487491, 84.887675
SCO,Aktau Airport,medium_airport,KZ,Aktau,43.860093, 51.09086
GUW,Atyrau International Airport,medium_airport,KZ,Atyrau,47.122559, 51.819321
AKX,Aktobe Airport,medium_airport,KZ,Aktobe,50.2458, 57.206699
AYK,Arkalyk North Airport,small_airport,KZ,Arkalyk,50.318599700927734, 66.95279693603516
KSN,Kostanay West Airport,medium_airport,KZ,Kostanay,53.20690155029297, 63.55030059814453
GYD,Heydar Aliyev International Airport,large_airport,AZ,Baku,40.467498779296875, 50.04669952392578
KVD,Ganja International Airport,medium_airport,AZ,Ganja,40.737701, 46.3176
LLK,Lankaran International Airport,small_airport,AZ,Lankaran,38.757919, 48.807042
NAJ,Nakhchivan Airport,medium_airport,AZ,Nakhchivan,39.18880081176758, 45.45840072631836
GBB,Gabala International Airport,medium_airport,AZ,Gabala,40.808617, 47.725389
ZTU,Zaqatala International Airport,medium_airport,AZ,Zaqatala,41.557823, 46.669464
ZZE,Zangilan International Airport,small_airport,AZ,Zangilan,39.11443, 46.74392
YLV,Yevlakh Airport,small_airport,AZ,Yevlakh,40.631901, 47.141899
UBI,Buin Airport,small_airport,PG,Buin,-6.72916666667, 155.683333333
LWN,Shirak International Airport,medium_airport,AM,Gyumri,40.750401, 43.859299
EVN,Zvartnots International Airport,large_airport,AM,Yerevan,40.1473007202, 44.3959007263
BQJ,Batagay Airport,small_airport,RU,Batagay,67.648002624512, 134.69500732422
SUK,Sakkyryr Airport,small_airport,RU,Batagay-Alyta,67.792, 130.394
UKG,Ust-Kuyga Airport,small_airport,RU,Ust-Kuyga,70.011002, 135.645004
TLK,Talakan Airport,small_airport,RU,Talakan Oil Field,59.876389, 111.044444
ADH,Aldan Airport,small_airport,RU,Aldan,58.60279846191406, 125.40899658203125
YKS,Yakutsk Airport,medium_airport,RU,Yakutsk,62.093299865722656, 129.77099609375
NER,Chulman Airport,medium_airport,RU,Neryungri,56.913898468018, 124.91400146484
MQJ,Moma Airport,medium_airport,RU,Khonuu,66.450861, 143.261551
GYG,Magan Airport,medium_airport,RU,Magan,62.103484, 129.545288
OLZ,Olyokminsk Airport,medium_airport,RU,Olyokminsk,60.397499, 120.471001
USR,Ust-Nera Airport,medium_airport,RU,Ust-Nera,64.550003051758, 143.11500549316
UMS,Ust-Maya Airport,small_airport,RU,Ust-Maya,60.356998443604, 134.43499755859
VHV,Verkhnevilyuisk Airport,small_airport,RU,Verkhnevilyuisk,63.458057403564, 120.26916503906
NYR,Nyurba Airport,small_airport,RU,Nyurba,63.294998, 118.336998
SUY,Suntar Airport,small_airport,RU,Suntar,62.185001373291, 117.63500213623
VYI,Vilyuisk Airport,medium_airport,RU,Vilyuisk,63.756668, 121.693336
ULK,Lensk Airport,medium_airport,RU,Lensk,60.7206001282, 114.825996399
ONK,Olenyok Airport,small_airport,RU,Olenyok,68.514999, 112.480003
PYJ,Polyarny Airport,medium_airport,RU,Yakutia,66.400398, 112.029999
MJZ,Mirny Airport,medium_airport,RU,Mirny,62.534698486328125, 114.03900146484375
SYS,Saskylakh Airport,medium_airport,RU,Saskylakh,71.927902, 114.080002
BGN,Belaya Gora Airport,medium_airport,RU,Belaya Gora,68.556227, 146.22784
SEK,Srednekolymsk Airport,medium_airport,RU,Srednekolymsk,67.4805, 153.7364
CKH,Chokurdakh Airport,medium_airport,RU,Chokurdah,70.6231, 147.901993
CYX,Cherskiy Airport,medium_airport,RU,Cherskiy,68.7406005859375, 161.33799743652344
IKS,Tiksi Airport,medium_airport,RU,Tiksi,71.697700500488, 128.90299987793
ZKP,Zyryanka Airport,medium_airport,RU,Zyryanka,65.7485, 150.8889
KHX,Savannah Airstrip,small_airport,UG,Kihihi,-0.7165, 29.6997
OYG,Moyo Airport,small_airport,UG,Moyo,3.6444001197815, 31.762762069702
UGB,Ugashik Bay Airport,small_airport,US,Pilot Point,57.424052, -157.74479
KUT,David the Builder Kutaisi International Airport,medium_airport,GE,Kopitnari,42.176768, 42.482393
BUS,Batumi International Airport,medium_airport,GE,Batumi,41.6102981567, 41.5997009277
SUI,Sukhumi Babushara /  Vladislav Ardzinba International Airport,medium_airport,GE,Sukhumi,42.8582, 41.128101
TBS,Tbilisi International Airport,large_airport,GE,Tbilisi,41.6692008972, 44.95470047
BQS,Ignatyevo Airport,medium_airport,RU,Blagoveschensk,50.42539978027344, 127.41200256347656
TYD,Tynda Airport,small_airport,RU,Tynda,55.284199, 124.778999
KHV,Khabarovsk Novy Airport,medium_airport,RU,Khabarovsk,48.528338, 135.188588
KXK,Komsomolsk-on-Amur Airport,medium_airport,RU,Komsomolsk-on-Amur,50.409000396728516, 136.9340057373047
GVN,Sovetskaya Gavan (Maygatka) Airport,medium_airport,RU,Sovetskaya Gavan,48.925067, 140.035348
DYR,Ugolny Yuri Ryktheu Airport,medium_airport,RU,Anadyr,64.734902, 177.740997
PVS,Provideniya Bay Airport,medium_airport,RU,Chukotka,64.37809753417969, -173.2429962158203
KPW,Keperveem Airport,medium_airport,RU,Keperveem,67.845001, 166.139999
GDX,Sokol Airport,medium_airport,RU,Magadan,59.9109992980957, 150.72000122070312
KVM,Markovo Airport,small_airport,RU,Markovo,64.665088, 170.429782
PWE,Pevek Airport,medium_airport,RU,Apapelgino,69.783302, 170.597
SWV,Severo-Evensk Airport,medium_airport,RU,Evensk,61.921786, 159.229059
BQG,Bogorodskoye Airport,small_airport,RU,Bogorodskoye,52.381041, 140.449378
NLI,Nikolayevsk-na-Amure Airport,medium_airport,RU,Nikolayevsk-na-Amure Airport,53.154999, 140.649994
OHO,Okhotsk Airport,medium_airport,RU,Okhotsk,59.410065, 143.056503
PKC,Yelizovo Airport,medium_airport,RU,Petropavlovsk-Kamchatsky,53.16764, 158.451863
BVV,Burevestnik Airport,small_airport,RU,Kurilsk,44.919998, 147.621994
OHH,Okha Airport,small_airport,RU,Okha,53.517656, 142.879772
ITU,Iturup Airport,small_airport,RU,Kurilsk,45.256389, 147.95549
EKS,Shakhtyorsk Airport,small_airport,RU,Shakhtyorsk,49.1903, 142.082993
DEE,Yuzhno-Kurilsk Mendeleyevo Airport,small_airport,RU,Yuzhno-Kurilsk,43.961066, 145.684977
ZZO,Zonalnoye Airport,small_airport,RU,Tymovskoye,50.6692008972, 142.761001587
UUS,Yuzhno-Sakhalinsk Airport,medium_airport,RU,Yuzhno-Sakhalinsk,46.885461, 142.717466
AEM,Amgu Airport,small_airport,RU,Amgu,45.84126, 137.673568
ETL,Svetlaya Airport,small_airport,RU,Svetlaya,46.541704, 138.321703
EDN,Yedinka Airport,small_airport,RU,Yedinka,47.178201, 138.657357
KVR,Kavalerovo Airport,small_airport,RU,Kavalerovo,44.2726, 135.029
TLY,Plastun Airport,small_airport,RU,Plastun,44.814998626709, 136.29200744629
NEI,Terney Airport,small_airport,RU,Terney,45.0825, 136.5912
VVO,Vladivostok International Airport,large_airport,RU,Artyom,43.396256, 132.148155
HTA,Chita-Kadala International Airport,medium_airport,RU,Chita,52.026299, 113.306
BTK,Bratsk Airport,medium_airport,RU,Bratsk,56.370601654052734, 101.697998046875
UIK,Ust-Ilimsk Airport,small_airport,RU,Ust-Ilimsk,58.136101, 102.565002
IKT,Irkutsk International Airport,medium_airport,RU,Irkutsk,52.268002, 104.389
ODO,Bodaybo Airport,small_airport,RU,Bodaybo,57.866100311299995, 114.242996216
ERG,Yerbogachen Airport,small_airport,RU,Erbogachen,61.2750015259, 108.029998779
KCK,Kirensk Airport,small_airport,RU,Kirensk,57.773, 108.064
RZH,Preobrazheniye Airport,small_airport,RU,Preobrazheniye,42.921698, 133.904438
UKX,Ust-Kut Airport,medium_airport,RU,Ust-Kut,56.856701, 105.730003
UUD,Baikal International Airport,medium_airport,RU,Ulan Ude,51.808614, 107.439652
UJE,Ujae Atoll Airport,small_airport,MH,Ujae Atoll,8.92805957794, 165.761993408
UJN,Uljin Airport,small_airport,KR,"Bongsan-ri, Uljin",36.777049, 129.461861
KBP,Boryspil International Airport,large_airport,UA,Boryspil,50.345001, 30.894699
KRQ,Kramatorsk Airport,small_airport,UA,Kramatorsk,48.706799, 37.630922
MPW,Mariupol International Airport,medium_airport,UA,Mariupol,47.07609939575195, 37.44960021972656
SEV,Sievierodonetsk Airport,small_airport,UA,Sievierodonetsk,48.900926, 38.54279
DNK,Dnipro International Airport,medium_airport,UA,Dnipro,48.357201, 35.100601
OZH,Zaporizhzhia International Airport,medium_airport,UA,Zaporizhia,47.867000579833984, 35.31570053100586
KWG,Kryvyi Rih International Airport,medium_airport,UA,Kryvyi Rih,48.04330062866211, 33.209999084472656
UKS,Sevastopol International Airport / Belbek Air Base,medium_airport,UA,Sevastopol,44.691822, 33.57462
SIP,Simferopol International Airport,medium_airport,UA,Simferopol,45.0522, 33.975101
KHC,Kerch Airport,small_airport,UA,Kerch,45.372501373291016, 36.40140151977539
UKH,Mukhaizna Airport,small_airport,OM,Mukhaizna Oil Field,19.386389, 56.401389
HRK,Kharkiv International Airport,medium_airport,UA,Kharkiv,49.924801, 36.290001
PLV,Suprunovka Airport,small_airport,UA,Poltava,49.568599700927734, 34.39720153808594
UMY,Sumy Airport,small_airport,UA,Sumy,50.858299255371094, 34.76250076293945
CKC,Cherkasy International Airport,medium_airport,UA,Cherkasy,49.41559982299805, 31.99530029296875
KGO,Kirovograd Airport,small_airport,UA,Kirovograd,48.54280090332031, 32.28499984741211
IEV,Ihor Sikorsky Kyiv International Airport (Zhuliany),medium_airport,UA,Kyiv,50.40194, 30.45194
ZTR,Zhytomyr Airport,small_airport,UA,,50.270556, 28.738611
UCK,Lutsk Airport,small_airport,UA,Lutsk,50.678404, 25.487165
HMJ,Khmelnytskyi Airport,medium_airport,UA,Khmelnytskyi,49.359699, 26.933399
IFO,Ivano-Frankivsk International Airport,medium_airport,UA,Ivano-Frankivsk,48.88420104980469, 24.686100006103516
LWO,Lviv International Airport,large_airport,UA,Lviv,49.8125, 23.9561
CWC,Chernivtsi International Airport,medium_airport,UA,Chernivtsi,48.259300231933594, 25.98080062866211
RWN,Rivne International Airport,medium_airport,UA,Rivne,50.60710144042969, 26.141599655151367
UDJ,Uzhhorod International Airport,medium_airport,UA,Uzhhorod,48.634300231933594, 22.263399124145508
KHE,Kherson International Airport,medium_airport,UA,Kherson,46.6758, 32.506401
NLV,Mykolaiv International Airport,medium_airport,UA,Nikolayev,47.057899, 31.9198
ODS,Odessa International Airport,medium_airport,UA,Odessa,46.4268, 30.6765
VIN,Vinnytsia/Gavyryshivka International Airport,medium_airport,UA,Vinnitsa,49.242531, 28.613778
ARH,Talagi Airport,medium_airport,RU,Archangelsk,64.60030364990234, 40.71670150756836
VKV,Vaskovo Airport,medium_airport,RU,Arkhangelsk,64.441704, 40.4217
LDG,Leshukonskoye Airport,small_airport,RU,Leshukonskoye,64.8960037231, 45.7229995728
NNM,Naryan Mar Airport,medium_airport,RU,Naryan Mar,67.639999, 53.121899
CSH,Solovki Airport,small_airport,RU,Solovetsky Islands,65.029999, 35.733334
CEE,Cherepovets Airport,medium_airport,RU,Cherepovets,59.273601532, 38.015800476100004
AMV,Amderma Airport,medium_airport,RU,Amderma,69.76329803466797, 61.556400299072266
VRI,Varandey Airport,small_airport,RU,Varandey,68.848503, 58.201401
ULH,Majeed Bin Abdulaziz Airport,medium_airport,SA,Al Ula,26.48, 38.128889
KSZ,Kotlas Airport,medium_airport,RU,Kotlas,61.235801696777344, 46.6974983215332
LED,Pulkovo Airport,large_airport,RU,St. Petersburg,59.80030059814453, 30.262500762939453
KVK,Kirovsk-Apatity Airport,small_airport,RU,Apatity,67.463303, 33.588299
MMK,Murmansk Airport,medium_airport,RU,Murmansk,68.78170013427734, 32.75080108642578
PKV,Pskov Airport,medium_airport,RU,Pskov,57.78390121459961, 28.395599365234375
PES,Petrozavodsk Airport,medium_airport,RU,Petrozavodsk,61.88520050048828, 34.154701232910156
VGD,Vologda Airport,medium_airport,RU,Vologda,59.282501, 39.944401
BQT,Brest Airport,medium_airport,BY,Brest,52.108299, 23.8981
GME,Gomel Airport,medium_airport,BY,Gomel,52.527000427246094, 31.016700744628906
VTB,Vitebsk Vostochny Airport,medium_airport,BY,Vitebsk,55.126499176025, 30.349599838257
KGD,Khrabrovo Airport,medium_airport,RU,Kaliningrad,54.88999938964844, 20.592599868774414
GNA,Hrodna Airport,medium_airport,BY,Hrodna,53.60200119018555, 24.053800582885742
MSQ,Minsk National Airport,large_airport,BY,Minsk,53.888071, 28.039964
MVQ,Mogilev Airport,medium_airport,BY,Mogilev,53.954898834228516, 30.09510040283203
ABA,Abakan International Airport,medium_airport,RU,Abakan,53.740002, 91.385002
BAX,Barnaul Airport,medium_airport,RU,Barnaul,53.363800048828125, 83.53849792480469
RGK,Gorno-Altaysk Airport,medium_airport,RU,Gorno-Altaysk,51.969204, 85.836539
KEJ,Kemerovo Airport,medium_airport,RU,Kemerovo,55.27009963989258, 86.1072006225586
EIE,Yeniseysk Airport,medium_airport,RU,Yeniseysk,58.474201, 92.112503
TGP,Podkamennaya Tunguska Airport,medium_airport,RU,Bor,61.589699, 89.994003
KJA,Krasnoyarsk International Airport,large_airport,RU,Krasnoyarsk,56.173077, 92.492437
ACS,Achinsk Airport,medium_airport,RU,Achinsk,56.269185, 90.57511
KYZ,Kyzyl Airport,medium_airport,RU,Kyzyl,51.669399, 94.400597
OVB,Novosibirsk Tolmachevo Airport,large_airport,RU,Novosibirsk,55.019756, 82.618675
OMS,Omsk Central Airport,medium_airport,RU,Omsk,54.96699905395508, 73.31050109863281
SWT,Strezhevoy Airport,medium_airport,RU,Strezhevoy,60.7094, 77.660004
TOF,Bogashevo Airport,medium_airport,RU,Tomsk,56.380298614502, 85.208297729492
NOZ,Spichenkovo Airport,medium_airport,RU,Novokuznetsk,53.811401, 86.877197
DKS,Dikson Airport,medium_airport,RU,Dikson,73.517807, 80.379669
HTG,Khatanga Airport,medium_airport,RU,Khatanga,71.97810363769531, 102.49099731445312
IAA,Igarka Airport,medium_airport,RU,Igarka,67.437202, 86.621902
NSK,Norilsk-Alykel Airport,medium_airport,RU,Norilsk,69.31109619140625, 87.33219909667969
THX,Turukhansk Airport,small_airport,RU,Turukhansk,65.797203, 87.935303
AAQ,Anapa Vityazevo Airport,medium_airport,RU,Krasnyi Kurgan,45.002102, 37.347301
EIK,Yeysk Airport,medium_airport,RU,Yeysk,46.68, 38.21
GDZ,Gelendzhik Airport,medium_airport,RU,Gelendzhik,44.5820926295, 38.0124807358
KRR,Krasnodar Pashkovsky International Airport,medium_airport,RU,Krasnodar,45.034698486328, 39.170501708984
MCX,Makhachkala Uytash International Airport,medium_airport,RU,Makhachkala,42.816799, 47.652302
MRV,Mineralnyye Vody Airport,medium_airport,RU,Mineralnyye Vody,44.225101470947266, 43.08190155029297
NAL,Nalchik Airport,medium_airport,RU,Nalchik,43.512901306152344, 43.636600494384766
OGZ,Vladikavkaz Beslan International Airport,medium_airport,RU,Beslan,43.205101, 44.606602
IGT,Magas Airport,medium_airport,RU,Sunzha,43.323268, 45.012568
STW,Stavropol Shpakovskoye Airport,medium_airport,RU,Stavropol,45.10919952392578, 42.11280059814453
ROV,Platov International Airport,large_airport,RU,Rostov-on-Don,47.493888, 39.924722
TGK,Taganrog Yuzhny Airport,medium_airport,RU,Taganrog,47.1983333, 38.8491667
AER,Sochi International Airport,large_airport,RU,Sochi,43.449902, 39.9566
ASF,Astrakhan Narimanovo Boris M. Kustodiev International Airport,medium_airport,RU,Astrakhan,46.282843, 48.010511
ESL,Elista Airport,medium_airport,RU,Elista,46.3739013671875, 44.33089828491211
VOG,Volgograd International Airport,medium_airport,RU,Volgograd,48.782501220703125, 44.34550094604492
BNH,Cape Air Seaplanes on Boston Harbor Seaplane Base,seaplane_base,US,Boston,42.352502, -71.025832
XWA,Williston Basin International Airport,medium_airport,US,Williston,48.258387, -103.748797
RTL,Spirit Lake Municipal Airport,small_airport,US,Spirit Lake,43.387500762939, -95.139198303223
WWT,Mertarvik Airport,small_airport,US,Mertarvik,60.810278, -164.449444
CEK,Chelyabinsk Balandino Airport,medium_airport,RU,Chelyabinsk,55.305801, 61.5033
MQF,Magnitogorsk International Airport,medium_airport,RU,Magnitogorsk,53.39310073852539, 58.755699157714844
SBT,Sabetta International Airport,medium_airport,RU,Sabetta,71.219167, 72.052222
BVJ,Bovanenkovo Airport,medium_airport,RU,Bovanenkovo,70.315278, 68.333611
SLY,Salekhard Airport,medium_airport,RU,Salekhard,66.5907974243164, 66.61100006103516
YMK,Mys Kamenny Airport,small_airport,RU,Mys Kamennyi,68.467676, 73.596733
KKQ,Krasnoselkup Airport,small_airport,RU,Krasnoselkup,65.717, 82.455
TQL,Tarko-Sale Airport,small_airport,RU,Tarko-Sale,64.930485, 77.811295
UEN,Urengoy Airport,small_airport,RU,Urengoy,65.9599990845, 78.43699646
EZV,Berezovo Airport,medium_airport,RU,,63.92100143432617, 65.03050231933594
HMA,Khanty Mansiysk Airport,medium_airport,RU,Khanty-Mansiysk,61.0285, 69.086098
IRM,Igrim Airport,small_airport,RU,,63.200391, 64.440136
NYA,Nyagan Airport,medium_airport,RU,Nyagan,62.110001, 65.614998
OVS,Sovetskiy Airport,medium_airport,RU,Sovetskiy,61.326622009277344, 63.60191345214844
URJ,Uray Airport,medium_airport,RU,Uray,60.103298, 64.826698
EYK,Beloyarskiy Airport,medium_airport,RU,,63.686901, 66.698601
IJK,Izhevsk Airport,medium_airport,RU,Izhevsk,56.82809829711914, 53.45750045776367
KVX,Pobedilovo Airport,medium_airport,RU,Kirov,58.503883, 49.347831
NYM,Nadym Airport,medium_airport,RU,Nadym,65.48090362548828, 72.69889831542969
NUX,Novy Urengoy Airport,medium_airport,RU,Novy Urengoy,66.06939697265625, 76.52030181884766
NJC,Nizhnevartovsk Airport,medium_airport,RU,Nizhnevartovsk,60.949299, 76.483597
PEE,Perm International Airport,medium_airport,RU,Perm,57.914501, 56.021198
KGP,Kogalym International Airport,medium_airport,RU,Kogalym,62.190399169921875, 74.53379821777344
NFG,Nefteyugansk Airport,medium_airport,RU,Nefteyugansk,61.108299, 72.650002
NOJ,Noyabrsk Airport,medium_airport,RU,Noyabrsk,63.18330001831055, 75.2699966430664
SGC,Surgut Airport,medium_airport,RU,Surgut,61.34370040893555, 73.40180206298828
SVX,Koltsovo Airport,large_airport,RU,Yekaterinburg,56.743099212646, 60.802700042725
RMZ,Remezov Airport,small_airport,RU,Tobolsk,58.058466, 68.343392
TOX,Tobolsk Airport,small_airport,RU,Tobolsk,58.135799, 68.231903
TJM,Roshchino International Airport,medium_airport,RU,Tyumen,57.189601898199996, 65.3243026733
KRO,Kurgan Airport,medium_airport,RU,Kurgan,55.4753, 65.415604
BKN,Balkanabat Airport,small_airport,TM,Balkanabat,39.480598, 54.366001
GMV,Monument Valley Airport,small_airport,US,Oljato-Monument Valley,37.015868, -110.202031
ASB,Ashgabat International Airport,large_airport,TM,Ashgabat,37.986801, 58.361
KRW,Turkmenbashi International Airport,medium_airport,TM,Turkmenbashi,40.063301, 53.007198
MYP,Mary International Airport,medium_airport,TM,Mary,37.62353, 61.895668
TAZ,Daşoguz Airport,medium_airport,TM,Daşoguz,41.759853, 59.836149
CRZ,Türkmenabat International Airport,medium_airport,TM,Türkmenabat,38.930662, 63.563982
DYU,Dushanbe Airport,medium_airport,TJ,Dushanbe,38.543300628699996, 68.8249969482
TJU,Kulob Airport,medium_airport,TJ,Kulyab,37.98809814453125, 69.80500030517578
LBD,Khujand Airport,medium_airport,TJ,Khujand,40.215401, 69.694702
KQT,Qurghonteppa International Airport,medium_airport,TJ,Kurgan-Tyube,37.86640167236328, 68.86470031738281
AZN,Andizhan Airport,medium_airport,UZ,Andizhan,40.727699, 72.293999
FEG,Fergana International Airport,medium_airport,UZ,Fergana,40.358799, 71.745003
NMA,Namangan Airport,small_airport,UZ,Namangan,40.9846, 71.556702
MOK,Muynak Airport,small_airport,UZ,Muynak,43.753636, 59.029884
NCU,Nukus Airport,medium_airport,UZ,Nukus,42.4884, 59.623299
UGC,Urgench Airport,medium_airport,UZ,Urgench,41.58430099487305, 60.641700744628906
NVI,Navoi Airport,medium_airport,UZ,Navoi,40.117199, 65.170799
BHK,Bukhara International Airport,medium_airport,UZ,Bukhara,39.775002, 64.483299
KSQ,Karshi Airport,small_airport,UZ,Karshi,38.802246, 65.773068
AFS,Sugraly Airport,small_airport,UZ,Zarafshan,41.613899, 64.2332
SKD,Samarkand Airport,medium_airport,UZ,Samarkand,39.70050048828125, 66.98380279541016
TMJ,Termez Airport,medium_airport,UZ,Termez,37.287261, 67.311869
TAS,Tashkent International Airport,large_airport,UZ,Tashkent,41.257900238, 69.2811965942
UTU,Ustupu Airport,small_airport,PA,Ustupu,9.1283, -77.9337
KMW,Kostroma Sokerkino Airport,medium_airport,RU,Kostroma,57.796902, 41.019402
KLF,Grabtsevo Airport,medium_airport,RU,Kaluga,54.5499992371, 36.3666687012
IWA,Ivanovo South Airport,medium_airport,RU,Ivanovo,56.93939971923828, 40.940799713134766
RYB,Staroselye Airport,medium_airport,RU,Rybinsk,58.104198, 38.929401
BZK,Bryansk Airport,medium_airport,RU,Bryansk,53.214199, 34.176399
ZIA,Zhukovsky International Airport,large_airport,RU,Moscow,55.553299, 38.150002
DME,Domodedovo International Airport,large_airport,RU,Moscow,55.40879821777344, 37.90629959106445
IAR,Tunoshna Airport,small_airport,RU,Tunoshna,57.560699, 40.157398
SVO,Sheremetyevo International Airport,large_airport,RU,Moscow,55.972599, 37.4146
KLD,Migalovo Air Base,medium_airport,RU,Tver,56.82469940185547, 35.7577018737793
OSF,Ostafyevo International Airport,medium_airport,RU,Moscow,55.511667, 37.507222
CKL,Chkalovskiy Air Base,medium_airport,RU,Moscow,55.8783, 38.061699
EGO,Belgorod International Airport,medium_airport,RU,Belgorod,50.643798828125, 36.5900993347168
URS,Kursk East Airport,medium_airport,RU,Kursk,51.7505989074707, 36.29560089111328
LPK,Lipetsk Airport,medium_airport,RU,Lipetsk,52.70280075073242, 39.53779983520508
VOZ,Voronezh International Airport,medium_airport,RU,Voronezh,51.81420135498047, 39.22959899902344
TBW,Donskoye Airport,medium_airport,RU,Tambov,52.806099, 41.4828
UUU,Manumu Airport,small_airport,PG,Manumu,-9.0746, 147.5735
RZN,Turlatovo Airport,small_airport,RU,Ryazan,54.555901, 39.855202
TYA,Klokovo Airfield,small_airport,RU,Tula,54.239, 37.6
VKO,Vnukovo International Airport,large_airport,RU,Moscow,55.5914993286, 37.2615013123
UCT,Ukhta Airport,medium_airport,RU,Ukhta,63.566898, 53.804699
INA,Inta Airport,medium_airport,RU,Inta,66.053372, 60.105786
PEX,Pechora Airport,medium_airport,RU,Pechora,65.121101, 57.130798
USK,Usinsk Airport,medium_airport,RU,Usinsk,66.0047, 57.367199
VKT,Vorkuta Airport,medium_airport,RU,Vorkuta,67.488602, 63.993099
UTS,Ust-Tsylma Airport,medium_airport,RU,Ust-Tsylma,65.437294, 52.200336
SCW,Syktyvkar Airport,medium_airport,RU,Syktyvkar,61.64699935913086, 50.84510040283203
GOJ,Nizhny Novgorod Strigino International Airport,medium_airport,RU,Nizhny Novgorod,56.230098724365, 43.784000396729
UUA,Bugulma Airport,medium_airport,RU,Bugulma,54.641184, 52.800229
KZN,Kazan International Airport,large_airport,RU,Kazan,55.606201171875, 49.278701782227
NBC,Begishevo Airport,medium_airport,RU,Nizhnekamsk,55.564701080322266, 52.092498779296875
JOK,Yoshkar-Ola Airport,medium_airport,RU,Yoshkar-Ola,56.700599670410156, 47.904701232910156
CSY,Cheboksary Airport,medium_airport,RU,Cheboksary,56.090301513671875, 47.3473014831543
ZIX,Zhigansk Airport,medium_airport,RU,Zhigansk,66.7965011597, 123.361000061
ULV,Ulyanovsk Baratayevka Airport,medium_airport,RU,Ulyanovsk,54.268299, 48.2267
ULY,Ulyanovsk East Airport,medium_airport,RU,Cherdakly,54.401001, 48.8027
REN,Orenburg Central Airport,medium_airport,RU,Orenburg,51.795799255371094, 55.45669937133789
OSW,Orsk Airport,medium_airport,RU,Orsk,51.072498, 58.5956
PEZ,Penza Airport,medium_airport,RU,Penza,53.110599517822266, 45.02109909057617
SKX,Saransk Airport,medium_airport,RU,Saransk,54.12512969970703, 45.212257385253906
BWO,Balakovo Airport,medium_airport,RU,Balakovo,51.858299, 47.745602
GSV,Gagarin International Airport,large_airport,RU,Saratov,51.712778, 46.171111
BCX,Beloretsk Airport,small_airport,RU,Beloretsk,53.938389, 58.340113
OKT,Oktyabrskiy Airport,small_airport,RU,Kzyl-Yar,54.439999, 53.388302
UFA,Ufa International Airport,large_airport,RU,Ufa,54.557498931885, 55.874401092529
KUF,Kurumoch International Airport,large_airport,RU,Samara,53.504901885986, 50.16429901123
UZM,Hope Bay Aerodrome,small_airport,CA,Hope Bay,68.156, -106.618
UZR,Urzhar Airport,small_airport,KZ,Urzhar,47.09115, 81.66521
REW,"Rewa Airport, Chorhata, REWA",medium_airport,IN,Rewa,24.503401, 81.220299
DIU,Diu Airport,small_airport,IN,Diu,20.714185, 70.921855
GDB,Gondia Airport,medium_airport,IN,Gondia,21.526817, 80.290347
AMD,Sardar Vallabh Bhai Patel International Airport,medium_airport,IN,Ahmedabad,23.0772, 72.634697
AKD,Akola Airport,medium_airport,IN,Akola,20.698931, 77.056883
IXU,Aurangabad Airport,medium_airport,IN,Aurangabad,19.862699508666992, 75.39810180664062
BOM,Chhatrapati Shivaji International Airport,large_airport,IN,Mumbai,19.0886993408, 72.8678970337
PAB,Bilaspur Airport,medium_airport,IN,Bilaspur,21.9884, 82.111
BHJ,Bhuj Airport,medium_airport,IN,Bhuj,23.2877998352, 69.6701965332
IXG,Belagavi Airport,medium_airport,IN,Belgaum,15.8593, 74.618301
BDQ,Vadodara Airport,medium_airport,IN,Vadodara,22.336201, 73.226303
BHO,Raja Bhoj International Airport,medium_airport,IN,Bhopal,23.2875003815, 77.3374023438
BHU,Bhavnagar Airport,medium_airport,IN,Bhavnagar,21.752199173, 72.1852035522
NMB,Daman Airport,medium_airport,IN,Daman,20.434401, 72.843201
GUX,Guna Airport,small_airport,IN,,24.654699, 77.347298
GOI,Dabolim Airport,large_airport,IN,Vasco da Gama,15.3808, 73.831398
HBX,Hubli Airport,medium_airport,IN,Hubli,15.361700058, 75.08489990230001
IDR,Devi Ahilyabai Holkar Airport,medium_airport,IN,Indore,22.7217998505, 75.8011016846
JLR,Jabalpur Airport,medium_airport,IN,Jabalpur,23.177799, 80.052002
JGA,Jamnagar Airport,medium_airport,IN,Jamnagar,22.465499877929688, 70.01260375976562
IXY,Kandla Airport,medium_airport,IN,Kandla,23.1127, 70.100304
HJR,Khajuraho Airport,medium_airport,IN,Khajuraho,24.8172, 79.918602
KLH,Kolhapur Airport,medium_airport,IN,Kolhapur,16.6647, 74.289398
IXK,Keshod Airport,medium_airport,IN,Keshod,21.317101, 70.270401
NDC,Nanded Airport,medium_airport,IN,Nanded,19.1833, 77.316704
NAG,Dr. Babasaheb Ambedkar International Airport,medium_airport,IN,Nagpur,21.092199, 79.047203
ISK,Nashik Airport,medium_airport,IN,Nasik,20.119101, 73.912903
PNQ,Pune Airport / Lohagaon Air Force Station,medium_airport,IN,Pune,18.5821, 73.919701
PBD,Porbandar Airport,medium_airport,IN,Porbandar,21.649524, 69.656405
RTC,Ratnagiri Airport,medium_airport,IN,,17.013599, 73.327797
RAJ,Rajkot Airport,medium_airport,IN,Rajkot,22.3092002869, 70.77950286869999
RPR,Swami Vivekananda Airport,small_airport,IN,Raipur,21.180401, 81.7388
SAG,Shirdi Airport,medium_airport,IN,Kakadi,19.688752, 74.377354
SSE,Solapur Airport,medium_airport,IN,Solapur,17.6280002594, 75.93479919430001
STV,Surat Airport,medium_airport,IN,,21.1140995026, 72.7417984009
UDR,Maharana Pratap Airport,medium_airport,IN,Udaipur,24.617700576799997, 73.89610290530001
CMB,Bandaranaike International Colombo Airport,large_airport,LK,Colombo,7.180759906768799, 79.88410186767578
ACJ,Anuradhapura Airport,medium_airport,LK,Anuradhapura,8.301542, 80.42848
BTC,Batticaloa Airport,medium_airport,LK,Batticaloa,7.70576, 81.678802
RML,Colombo Ratmalana Airport,medium_airport,LK,Colombo,6.821990013122559, 79.88619995117188
ADP,Ampara Airport,medium_airport,LK,Ampara,7.336745, 81.623869
HIM,Hingurakgoda Air Force Base,medium_airport,LK,Polonnaruwa Town,8.04981, 80.9814
JAF,Jaffna International Airport,medium_airport,LK,Jaffna,9.79233, 80.070099
KCT,Koggala Airport,medium_airport,LK,Galle,5.993680000305176, 80.32029724121094
KTY,Katukurunda Air Force Base,small_airport,LK,Kalutara,6.55212020874, 79.9775009155
GIU,Sigiriya Air Force Base,small_airport,LK,Sigiriya,7.956669807430001, 80.7285003662
TRR,China Bay Airport,medium_airport,LK,Trincomalee,8.5385103225708, 81.18190002441406
WRZ,Weerawila Airport,small_airport,LK,Weerawila,6.25448989868, 81.23519897460001
HRI,Mattala Rajapaksa International Airport,large_airport,LK,,6.284467, 81.124128
BBM,Battambang Airport,medium_airport,KH,Battambang,13.0956, 103.223999
KZC,Kampong Chhnang Airport,medium_airport,KH,Kampong Chhnang,12.255032, 104.564657
KKZ,Koh Kong Airport,small_airport,KH,Krong Khemara Phoumin,11.613397, 102.997084
MWV,Mondulkiri Airport,small_airport,KH,Sen Monorom,12.463648, 107.187252
PNH,Phnom Penh International Airport,large_airport,KH,Phnom Penh (Pou Senchey),11.5466, 104.844002
RBE,Ratanakiri Airport,medium_airport,KH,Ratanakiri,13.729999542236328, 106.98699951171875
REP,Siem Reap International Airport,large_airport,KH,Siem Reap,13.41155, 103.813044
TNX,Stung Treng Airport,heliport,KH,Stung Treng,13.5319, 106.014999
KOS,Sihanoukville International Airport,small_airport,KH,Preah Sihanouk,10.569498, 103.631001
KZD,Krakor Airport,small_airport,KH,Krakor,12.5385, 104.1486
ELX,Isla de Tigre  Heliport,heliport,VE,Isla de Tigre,9.569999694824219, -62.43669891357422
LGY,Lagunillas Airport,small_airport,VE,Lagunillas,10.12399959564209, -71.23799896240234
KTV,Kamarata Airport,small_airport,VE,Kamarata,5.7171, -62.33727
SFX,Macagua Airport,small_airport,VE,Ciudad Guayana,8.2788, -62.6652
SVV,San Salvador de Paul Airport,small_airport,VE,San Salvador de Paul,7, -62
WOK,Wonken Airport,small_airport,VE,Wonken,5.25, -61.733333587646484
DBR,Darbhanga Airport,medium_airport,IN,Darbhanga,26.192801, 85.916901
IXV,Along Airport,medium_airport,IN,,28.17530059814453, 94.802001953125
IXA,Agartala - Maharaja Bir Bikram Airport,medium_airport,IN,Agartala,23.886999, 91.240402
IXB,Bagdogra Airport,medium_airport,IN,Siliguri,26.68120002746582, 88.32859802246094
RGH,Balurghat Airport,small_airport,IN,Balurghat,25.261699676513672, 88.79560089111328
SHL,Shillong Airport,medium_airport,IN,Shillong,25.70359992980957, 91.97869873046875
BBI,Biju Patnaik Airport,medium_airport,IN,Bhubaneswar,20.244400024399997, 85.8178024292
CCU,Netaji Subhash Chandra Bose International Airport,large_airport,IN,Kolkata,22.654699325561523, 88.44670104980469
COH,Cooch Behar Airport,small_airport,IN,Cooch Behar,26.3305, 89.467201
DBD,Dhanbad Airport,medium_airport,IN,,23.833999633789062, 86.42530059814453
RDP,Kazi Nazrul Islam Airport,medium_airport,IN,Durgapur,23.6225, 87.243
DEP,Daporijo Airport,small_airport,IN,Daporijo,27.985500335699996, 94.22280120850002
GOP,Gorakhpur Airport,medium_airport,IN,Gorakhpur,26.739700317399997, 83.4496994019
GAU,Lokpriya Gopinath Bordoloi International Airport,medium_airport,IN,Guwahati,26.10610008239746, 91.58589935302734
GAY,Gaya Airport,medium_airport,IN,Gaya,24.744301, 84.951202
IMF,Imphal Airport,medium_airport,IN,Imphal,24.7600002289, 93.896697998
JRG,Jharsuguda Airport,small_airport,IN,,21.9135, 84.0504
PYB,Jeypore Airport,small_airport,IN,Jeypore,18.8799991607666, 82.552001953125
IXW,Sonari Airport,medium_airport,IN,Jamshedpur,22.813786, 86.169739
JRH,Jorhat Airport,medium_airport,IN,Jorhat,26.7315006256, 94.1754989624
KBK,Kushinagar International Airport,medium_airport,IN,Kushinagar,26.776534, 83.889214
IXQ,Kamalpur Airport,small_airport,IN,Manik Bhandar,24.134325, 91.810769
IXH,Kailashahar Airport,medium_airport,IN,Kailashahar,24.308657, 92.00768
IXS,Silchar Airport,medium_airport,IN,Silchar,24.9129009247, 92.97869873050001
IXN,Khowai Airport,small_airport,IN,Khowai,24.061899, 91.603897
AJL,Lengpui Airport,medium_airport,IN,Aizawl (Lengpui),23.840599, 92.619698
IXI,Lilabari North Lakhimpur Airport,medium_airport,IN,Lilabari,27.2955, 94.097603
LDA,Malda Airport,small_airport,IN,Malda,25.01018, 88.126917
DIB,Dibrugarh Airport,medium_airport,IN,Dibrugarh,27.4839000702, 95.0168991089
DMU,Dimapur Airport,medium_airport,IN,Dimapur,25.883899688699998, 93.77110290530001
MZU,Muzaffarpur Airport,medium_airport,IN,Muzaffarpur,26.119101, 85.313698
IXT,Pasighat Airport,small_airport,IN,Pasighat,28.064786, 95.336952
PAT,Jay Prakash Narayan Airport,medium_airport,IN,Patna,25.591299, 85.087997
IXR,Birsa Munda Airport,medium_airport,IN,Ranchi,23.314300537100003, 85.3217010498
RRK,Rourkela Airport,medium_airport,IN,Rourkela,22.256571, 84.815193
RUP,Rupsi Airport,small_airport,IN,Rupsi,26.141867, 89.907892
TEZ,Tezpur Airport,medium_airport,IN,,26.7091007232666, 92.78469848632812
VTZ,Visakhapatnam Airport,medium_airport,IN,Visakhapatnam,17.723506, 83.227729
ZER,Ziro Airport,medium_airport,IN,Ziro,27.588301, 93.828102
BZL,Barisal Airport,medium_airport,BD,Barisal,22.801000595092773, 90.30120086669922
CXB,Cox's Bazar Airport,medium_airport,BD,Cox's Bazar,21.452199935913086, 91.96389770507812
CLA,Comilla Airport,small_airport,BD,Comilla,23.43720054626465, 91.189697265625
CGP,Shah Amanat International Airport,medium_airport,BD,Chattogram (Chittagong),22.249599, 91.813301
IRD,Ishurdi Airport,medium_airport,BD,Ishurdi,24.15250015258789, 89.04940032958984
JSR,Jessore Airport,medium_airport,BD,Jashore (Jessore),23.1838, 89.160797
RJH,Shah Mokhdum Airport,medium_airport,BD,Rajshahi,24.43720054626465, 88.61650085449219
SPD,Saidpur Airport,medium_airport,BD,Saidpur,25.759199142456055, 88.90889739990234
TKR,Thakurgaon Airport,small_airport,BD,Thakurgaon,26.016399383544922, 88.40360260009766
ZHM,Shamshernagar Airport,small_airport,BD,Shamshernagar,24.398333, 91.916944
ZYL,Osmany International Airport,medium_airport,BD,Sylhet,24.963832, 91.864843
DAC,Hazrat Shahjalal International Airport,large_airport,BD,Dhaka,23.843347, 90.397783
HKG,Hong Kong International Airport,large_airport,HK,Islands,22.308901, 113.915001
HHP,Shun Tak Heliport,heliport,HK,Central and Western,22.288868, 114.152369
SPB,Charlotte Amalie Harbor Seaplane Base,seaplane_base,VI,Charlotte Amalie St Thomas,18.338600158691406, -64.9406967163086
SSB,Christiansted Harbor Seaplane Base,seaplane_base,VI,Christiansted St Croix,17.74720001220703, -64.70490264892578
AGR,Agra Airport / Agra Air Force Station,medium_airport,IN,Agra,27.157683, 77.960942
IXD,Prayagraj Airport,medium_airport,IN,Allahabad,25.4401, 81.733902
ATQ,Sri Guru Ram Dass Jee International Airport,medium_airport,IN,Amritsar,31.7096, 74.797302
AIP,Adampur Airport,small_airport,IN,Adampur,31.4338, 75.758797
BKB,Nal Airport,medium_airport,IN,Bikaner,28.070600509643555, 73.20719909667969
VNS,Lal Bahadur Shastri Airport,medium_airport,IN,Varanasi,25.452129, 82.861805
KUU,Kullu Manali Airport,medium_airport,IN,Bhuntar,31.876699, 77.154404
BUP,Bhatinda Air Force Station,medium_airport,IN,,30.270099639892578, 74.75579833984375
BEK,Bareilly Air Force Station,medium_airport,IN,Bareilly,28.4221000671, 79.45079803470001
IXC,Chandigarh International Airport,medium_airport,IN,Chandigarh,30.6735, 76.788498
KNU,Kanpur Airport,medium_airport,IN,Kanpur,26.404301, 80.410103
DED,Dehradun Jolly Grant Airport,medium_airport,IN,Dehradun (Jauligrant),30.189243, 78.176651
DEL,Indira Gandhi International Airport,large_airport,IN,New Delhi,28.55563, 77.09519
DHM,Kangra Airport,medium_airport,IN,Kangra,32.164902, 76.263018
GWL,Gwalior Airport,medium_airport,IN,Gwalior,26.29330062866211, 78.22779846191406
HSS,Hisar Airport,medium_airport,IN,,29.179399, 75.755302
JDH,Jodhpur Airport,medium_airport,IN,Jodhpur,26.251100540161133, 73.04889678955078
JAI,Jaipur International Airport,medium_airport,IN,Jaipur,26.8242, 75.812202
JSA,Jaisalmer Airport,medium_airport,IN,,26.888700485229492, 70.86499786376953
IXJ,Jammu Airport,medium_airport,IN,Jammu,32.688849, 74.838152
KQH,Kishangarh Airport Ajmer,medium_airport,IN,Ajmer (Kishangarh),26.591007, 74.812956
KTU,Kota Airport,medium_airport,IN,Kota,25.160200119, 75.84559631350001
LUH,Ludhiana Airport,medium_airport,IN,,30.854700088500977, 75.95259857177734
IXL,Leh Kushok Bakula Rimpochee Airport,medium_airport,IN,Leh,34.135899, 77.546501
LKO,Chaudhary Charan Singh International Airport,medium_airport,IN,Lucknow,26.7605991364, 80.8892974854
IXP,Pathankot Airport,medium_airport,IN,Pathankot,32.233611, 75.634444
PGH,Pantnagar Airport,medium_airport,IN,Pantnagar,29.0334, 79.473701
SLV,Shimla Airport,small_airport,IN,Jubbarhatti,31.0818, 77.068001
SXR,Sheikh ul Alam International Airport,medium_airport,IN,Srinagar,33.987099, 74.7742
TNI,Satna Airport,small_airport,IN,,24.56262, 80.852927
VIV,Vivigani Airfield,small_airport,PG,Vivigani,-9.30333333333, 150.318888889
VJQ,Gurue Airport,small_airport,MZ,Gurue,-15.5062, 36.9904
AOU,Attopeu Airport,small_airport,LA,Attopeu,14.793056, 107.045278
HOE,Ban Huoeisay Airport,small_airport,LA,Huay Xai,20.2572994232, 100.43699646
LPQ,Luang Phabang International Airport,medium_airport,LA,Luang Phabang,19.897300720214844, 102.16100311279297
LXG,Luang Namtha Airport,small_airport,LA,Luang Namtha,20.966999, 101.400002
ODY,Oudomsay Airport,small_airport,LA,Oudomsay,20.68269920349121, 101.99400329589844
PKZ,Pakse International Airport,medium_airport,LA,Pakse,15.132100105285645, 105.78099822998047
ZBY,Sayaboury Airport,small_airport,LA,Sainyabuli,19.2436, 101.7093
ZVK,Savannakhet Airport,medium_airport,LA,,16.55660057067871, 104.76000213623047
NEU,Sam Neua Airport,medium_airport,LA,,20.418399810791016, 104.06700134277344
VNA,Saravane Airport,small_airport,LA,Saravane,15.709439207700001, 106.410698891
THK,Thakhek Airport,small_airport,LA,Thakhek,17.377917, 104.857378
VTE,Wattay International Airport,medium_airport,LA,Vientiane,17.988300323500003, 102.56300354
XKH,Xieng Khouang Airport,small_airport,LA,Xieng Khouang,19.450001, 103.157997
XIE,Xienglom Airport,small_airport,LA,Xienglom,19.6203, 100.815332
VMI,Aeropuerto Nacional Dr. Juan Plate,medium_airport,PY,Puerto Vallemi,-22.160073, -57.943633
MFM,Macau International Airport,large_airport,MO,Nossa Senhora do Carmo,22.149599, 113.592003
VDH,Dong Hoi Airport,medium_airport,VN,Dong Hoi,17.515, 106.590556
BJH,Bajhang Airport,small_airport,NP,Bajhang,29.538999557495117, 81.1854019165039
BHP,Bhojpur Airport,small_airport,NP,Bhojpur,27.14739990234375, 87.05079650878906
BGL,Baglung Airport,small_airport,NP,Baglung,28.212799072265625, 83.66629791259766
BHR,Bharatpur Airport,small_airport,NP,Bharatpur,27.678101, 84.429398
BJU,Bajura Airport,small_airport,NP,Bajura,29.50200080871582, 81.66899871826172
BIT,Baitadi Airport,small_airport,NP,Baitadi,29.463421, 80.548968
BWA,Gautam Buddha International Airport,medium_airport,NP,Siddharthanagar (Bhairahawa),27.505328, 83.412594
BDP,Bhadrapur Airport,small_airport,NP,Bhadrapur,26.5708007812, 88.07959747310001
DNP,Tulsipur Airport,small_airport,NP,Dang,28.111099243164062, 82.29419708251953
DHI,Dhangarhi Airport,small_airport,NP,Dhangarhi,28.755283, 80.583398
DAP,Darchula Airport,small_airport,NP,Darchula,29.669200897216797, 80.54840087890625
DOP,Dolpa Airport,small_airport,NP,Dolpa,28.985659, 82.818703
SIH,Silgadi Doti Airport,small_airport,NP,Silgadi Doti,29.262226, 80.935968
GKH,Palungtar Airport,small_airport,NP,Gorkha,28.0385, 84.4664
JIR,Jiri Airport,small_airport,NP,Jiri,27.626313, 86.230581
JUM,Jumla Airport,small_airport,NP,Jumla,29.2742, 82.193298
JKR,Janakpur Airport,medium_airport,NP,Janakpur,26.708799, 85.922401
JMO,Jomsom Airport,small_airport,NP,Jomsom,28.780426, 83.723
KTM,Tribhuvan International Airport,large_airport,NP,Kathmandu,27.6966, 85.3591
LDN,Lamidanda Airport,small_airport,NP,Lamidanda,27.25309944152832, 86.66999816894531
LUA,Lukla Airport,small_airport,NP,Lukla,27.686899185180664, 86.72969818115234
LTG,Langtang Airport,small_airport,NP,Langtang,28.200000762939453, 85.58300018310547
NGX,Manang Airport,small_airport,NP,Ngawal,28.641399, 84.089203
MEY,Meghauli Airport,small_airport,NP,Meghauli,27.5774, 84.22875
XMG,Mahendranagar Airport,small_airport,NP,Mahendranagar,28.963199615478516, 80.14790344238281
KEP,Nepalgunj Airport,medium_airport,NP,Nepalgunj,28.1036, 81.667
PKR,Pokhara Airport,medium_airport,NP,Pokhara,28.200899124145508, 83.98210144042969
PPL,Phaplu Airport,small_airport,NP,Phaplu,27.517787, 86.584454
RJB,Rajbiraj Airport,small_airport,NP,Rajbiraj,26.510066, 86.733902
RHP,Ramechhap Airport,small_airport,NP,Ramechhap,27.393999099731445, 86.0614013671875
RUK,Rukum Chaurjahari Airport,small_airport,NP,Rukumkot,28.627001, 82.194021
RPA,Rolpa Airport,small_airport,NP,Rolpa,28.267292, 82.756496
RUM,Rumjatar Airport,small_airport,NP,Rumjatar,27.303499221801758, 86.55039978027344
SYH,Syangboche Airport,small_airport,NP,Namche Bazaar,27.8112, 86.7124
SIF,Simara Airport,small_airport,NP,Simara,27.159803, 84.980021
SKH,Surkhet Airport,small_airport,NP,Surkhet,28.586, 81.636002
FEB,Sanfebagar Airport,small_airport,NP,Sanfebagar,29.236629, 81.215317
IMK,Simikot Airport,small_airport,NP,Simikot,29.971099853515625, 81.81890106201172
TPJ,Taplejung Airport,medium_airport,NP,Taplejung,27.3509, 87.69525
TPU,Tikapur Airport,small_airport,NP,Tikapur,28.5219, 81.123
TMI,Tumling Tar Airport,small_airport,NP,Tumling Tar,27.315001, 87.193298
BIR,Biratnagar Airport,medium_airport,NP,Biratnagar,26.48150062561035, 87.26399993896484
LTU,Murod Kond Airport,medium_airport,IN,Latur,18.411501, 76.464699
TCR,Tuticorin Airport,small_airport,IN,Vagaikulam,8.724241, 78.025803
AGX,Agatti Airport,medium_airport,IN,Agatti,10.8237, 72.176003
BEP,Bellary Airport,medium_airport,IN,Bellary,15.162799835205078, 76.88279724121094
BLR,Kempegowda International Airport,large_airport,IN,Bangalore,13.1979, 77.706299
IXX,Bidar Airport / Bidar Air Force Station,medium_airport,IN,Bidar,17.9081, 77.487099
VGA,Vijayawada Airport,medium_airport,IN,Gannavaram,16.530399, 80.796799
CJB,Coimbatore International Airport,medium_airport,IN,Coimbatore,11.029999733, 77.0434036255
COK,Cochin International Airport,large_airport,IN,Kochi,10.152, 76.401901
CCJ,Calicut International Airport,medium_airport,IN,Calicut,11.1368, 75.955299
CDP,Kadapa Airport,medium_airport,IN,Kadapa,14.513154, 78.769183
CBD,Car Nicobar Air Force Base,medium_airport,IN,IAF Camp,9.153056, 92.819273
GBI,Kalaburagi Airport,small_airport,IN,Kalaburagi,17.308154, 76.965246
HYD,Rajiv Gandhi International Airport,large_airport,IN,Hyderabad,17.231318, 78.429855
BPM,Begumpet Airport,medium_airport,IN,Hyderabad,17.4531, 78.467598
CNN,Kannur International Airport,medium_airport,IN,Kannur,11.918614, 75.547211
KJB,Kurnool Airport,medium_airport,IN,Orvakal,15.716288, 78.16923
IXM,Madurai Airport,medium_airport,IN,Madurai,9.83450984955, 78.09339904790001
IXE,Mangalore International Airport,medium_airport,IN,Mangalore,12.9612998962, 74.8900985718
MAA,Chennai International Airport,large_airport,IN,Chennai,12.990005, 80.169296
MYQ,Mysore Airport,small_airport,IN,Mysore,12.23, 76.655833
IXZ,Veer Savarkar International Airport / INS Utkrosh,medium_airport,IN,Port Blair,11.641208, 92.729643
PNY,Pondicherry Airport,medium_airport,IN,Puducherry (Pondicherry),11.968, 79.812
PUT,Sri Sathya Sai Airport,medium_airport,IN,Puttaparthi,14.1492996216, 77.7910995483
RMD,Basanth Nagar Airport,small_airport,IN,Ramagundam,18.701, 79.3923
RJA,Rajahmundry Airport,medium_airport,IN,Madhurapudi,17.105799, 81.813204
SXV,Salem Airport,medium_airport,IN,Salem,11.78330039978, 78.06559753418
SDW,Sindhudurg Airport,medium_airport,IN,Sindhudurg,16, 73.533333
TJV,Thanjavur Air Force Station,small_airport,IN,Thanjavur,10.723835, 79.109457
TIR,Tirupati Airport,small_airport,IN,Tirupati,13.632499694800002, 79.543296814
TRZ,Tiruchirappalli International Airport,medium_airport,IN,Tiruchirappalli,10.766223, 78.71774
TRV,Thiruvananthapuram International Airport,large_airport,IN,Thiruvananthapuram,8.48212, 76.920097
WGC,Warangal Airport,small_airport,IN,Warangal,17.9144, 79.602203
YON,Yongphulla Airport,small_airport,BT,Yongphulla,27.25627, 91.514633
BUT,Bathpalathang Airport,small_airport,BT,Jakar,27.5622, 90.7471
GLU,Gelephu Airport,medium_airport,BT,Gelephu,26.88456, 90.46412
PBH,Paro International Airport,medium_airport,BT,Paro,27.4032, 89.424599
HRF,Hoarafushi Airport,small_airport,MV,,6.96967, 72.896287
HDK,Kulhudhuffushi Airport,small_airport,MV,Kulhudhuffushi,6.630762, 73.067815
NMF,Maafaru International Airport,medium_airport,MV,Noonu Atoll,5.818394, 73.469181
IFU,Ifuru Airport,small_airport,MV,Ifuru Island,5.7083, 73.025
DRV,Dharavandhoo Airport,small_airport,MV,Baa Atoll,5.1561, 73.1302
FVM,Fuvahmulah Airport,small_airport,MV,Fuvahmulah Island,-0.309722222222, 73.435
GAN,Gan International Airport,medium_airport,MV,Gan,-0.693342, 73.155602
HAQ,Hanimaadhoo Airport,medium_airport,MV,Haa Dhaalu Atoll,6.744229793548584, 73.17050170898438
KDO,Kadhdhoo Airport,medium_airport,MV,Kadhdhoo,1.8591699600219727, 73.52189636230469
MLE,Malé International Airport,large_airport,MV,Malé,4.191830158233643, 73.52909851074219
GKK,Kooddoo Airport,small_airport,MV,Huvadhu Atoll,0.7324, 73.4336
KDM,Kaadedhdhoo Airport,medium_airport,MV,Huvadhu Atoll,0.488131, 72.996902
DDD,Dhaalu Atoll Airport,small_airport,MV,Kudahuvadhoo,2.666075, 72.887118
VAM,Villa Airport,medium_airport,MV,Maamigili,3.470556, 72.835833
TMF,Thimarafushi Airport,small_airport,MV,Thimarafushi,2.211, 73.1533
RUL,Maavaarulaa Airport,small_airport,MV,Maavaarulu,0.338085, 73.512869
DMK,Don Mueang International Airport,large_airport,TH,Bangkok,13.9125995636, 100.607002258
KKM,Sa Pran Nak Airport,small_airport,TH,,14.9493999481, 100.642997742
KDT,Kamphaeng Saen Airport,medium_airport,TH,Nakhon Pathom,14.1020002365, 99.9171981812
TDX,Trat Airport,medium_airport,TH,Laem Ngop,12.2746, 102.319
BKK,Suvarnabhumi Airport,large_airport,TH,Bangkok,13.681099891662598, 100.74700164794922
UTP,U-Tapao International Airport,medium_airport,TH,Rayong,12.679900169372559, 101.00499725341797
CNX,Chiang Mai International Airport,large_airport,TH,Chiang Mai,18.766799926799997, 98.962600708
HGN,Mae Hong Son Airport,medium_airport,TH,,19.301300048828125, 97.97579956054688
PYY,Pai Airport,small_airport,TH,Pai,19.372054, 98.435904
LPT,Lampang Airport,medium_airport,TH,,18.27090072631836, 99.50420379638672
NNT,Nan Airport,medium_airport,TH,,18.807899475097656, 100.78299713134766
PRH,Phrae Airport,medium_airport,TH,,18.132200241088867, 100.16500091552734
CEI,Mae Fah Luang - Chiang Rai International Airport,medium_airport,TH,Chiang Rai,19.952299, 99.882896
BAO,Udorn Air Base,small_airport,TH,Ban Mak Khaen,17.382999420166016, 102.80000305175781
PHY,Phetchabun Airport,medium_airport,TH,,16.6760005951, 101.194999695
HHQ,Hua Hin Airport,medium_airport,TH,Hua Hin,12.6361999512, 99.951499939
TKH,Takhli Airport,medium_airport,TH,,15.277299881, 100.29599762
MAQ,Mae Sot Airport,medium_airport,TH,,16.699899673461914, 98.54509735107422
THS,Sukhothai Airport,medium_airport,TH,,17.238000869750977, 99.81819915771484
PHS,Phitsanulok Airport,medium_airport,TH,Phitsanulok,16.7829, 100.278999
TKT,Tak Airport,medium_airport,TH,,16.895999908447266, 99.25330352783203
UTR,Uttaradit Airport,small_airport,TH,Uttaradit,17.617000579833984, 100.0999984741211
URT,Surat Thani Airport,medium_airport,TH,Surat Thani,9.13259983063, 99.135597229
NAW,Narathiwat Airport,medium_airport,TH,,6.5199198722839355, 101.74299621582031
CJM,Chumphon Airport,medium_airport,TH,Chumphon,10.7112, 99.361702
NST,Nakhon Si Thammarat Airport,medium_airport,TH,Nakhon Si Thammarat,8.539620399475098, 99.9447021484375
KBV,Krabi Airport,medium_airport,TH,Krabi,8.09912014008, 98.9861984253
SGZ,Songkhla Airport,medium_airport,TH,,7.186560153961182, 100.60800170898438
PAN,Pattani Airport,medium_airport,TH,,6.785459995269775, 101.15399932861328
USM,Samui Airport,medium_airport,TH,Na Thon (Ko Samui Island),9.54779, 100.061996
HKT,Phuket International Airport,large_airport,TH,Phuket,8.1132, 98.316902
UNN,Ranong Airport,medium_airport,TH,Ranong,9.77762, 98.585503
HDY,Hat Yai International Airport,medium_airport,TH,Hat Yai,6.93320989609, 100.392997742
TST,Trang Airport,medium_airport,TH,Trang,7.50874, 99.6166
UTH,Udon Thani Airport,medium_airport,TH,Udon Thani,17.386400222800003, 102.788002014
SNO,Sakon Nakhon Airport,medium_airport,TH,,17.195100784301758, 104.11900329589844
PXR,Surin Airport,medium_airport,TH,Surin,14.868300437927, 103.49800109863
KKC,Khon Kaen Airport,medium_airport,TH,Khon Kaen,16.466600418099997, 102.783996582
LOE,Loei Airport,medium_airport,TH,,17.43910026550293, 101.72200012207031
BFV,Buri Ram Airport,medium_airport,TH,Buriram,15.2295, 103.252998
NAK,Nakhon Ratchasima Airport,medium_airport,TH,Chaloem Phra Kiat,14.9495, 102.313004
UBP,Ubon Ratchathani Airport,medium_airport,TH,Ubon Ratchathani,15.2512998581, 104.870002747
ROI,Roi Et Airport,medium_airport,TH,Roi Et,16.1168, 103.774002
KOP,Nakhon Phanom Airport,medium_airport,TH,Nakhon Phanom,17.383801, 104.642998
VUU,Mvuu Camp Airport,small_airport,MW,Liwonde National Park,-14.838611, 35.301389
BMV,Buon Ma Thuot Airport,medium_airport,VN,Buon Ma Thuot,12.668299675, 108.120002747
VCL,Chu Lai Airport,small_airport,VN,Tam Nghĩa,15.4033, 108.706001
HPH,Cat Bi International Airport,medium_airport,VN,Haiphong (Hai An),20.81686, 106.722994
CAH,Cà Mau Airport,medium_airport,VN,Ca Mau City,9.177667, 105.177778
CXR,Cam Ranh International Airport / Cam Ranh Air Base,medium_airport,VN,Cam Ranh,11.9982, 109.219002
VCS,Con Dao Airport,medium_airport,VN,Con Dao,8.73183, 106.633003
VCA,Can Tho International Airport,medium_airport,VN,Can Tho,10.0851, 105.711998
DIN,Dien Bien Phu Airport,medium_airport,VN,Dien Bien Phu,21.3974990845, 103.008003235
DLI,Lien Khuong Airport,medium_airport,VN,Da Lat,11.75, 108.366997
DAD,Da Nang International Airport,medium_airport,VN,Da Nang,16.0439, 108.198997
VVN,Las Malvinas/Echarate Airport,small_airport,PE,Las Malvinas,-11.854861, -72.939332
HAN,Noi Bai International Airport,large_airport,VN,Hanoi (Soc Son),21.221201, 105.806999
SQH,Na San Airport,small_airport,VN,Mai Son,21.215301, 104.032803
HUI,Phu Bai International Airport,medium_airport,VN,Huế,16.400628, 107.703094
UIH,Phu Cat Airport,medium_airport,VN,Quy Nohn,13.955, 109.042
PXU,Pleiku Airport,medium_airport,VN,Pleiku,14.004500389099121, 108.01699829101562
PQC,Phu Quoc International Airport,medium_airport,VN,Phu Quoc Island,10.1698, 103.9931
PHA,Phan Rang Airport,small_airport,VN,Phan Rang,11.6335, 108.952003
VKG,Rach Gia Airport,medium_airport,VN,Rach Gia,9.95802997234, 105.132379532
TBB,Dong Tac Airport,medium_airport,VN,Tuy Hoa,13.0496, 109.334
SGN,Tan Son Nhat International Airport,large_airport,VN,Ho Chi Minh City,10.8188, 106.652
THD,Tho Xuan Airport,small_airport,VN,Thanh Hóa,19.901667, 105.467778
VDO,Van Don International Airport,medium_airport,VN,Van Don,21.120693, 107.41539
VII,Vinh Airport,medium_airport,VN,Vinh,18.7376003265, 105.67099762
VTG,Vung Tau Airport,small_airport,VN,Vung Tau,10.375093, 107.096185
VBA,Ann Airport,small_airport,MM,Aeng,19.769199, 94.0261
NYU,Bagan Airport,small_airport,MM,Nyaung U,21.178800582885742, 94.9301986694336
BMO,Banmaw Airport,small_airport,MM,Banmaw,24.27044, 97.2476
VBP,Bokpyinn Airport,small_airport,MM,Bokpyinn,11.1494, 98.735901
VBC,Chanmyathazi Airport,small_airport,MM,Mandalay,21.9405, 96.0896
TVY,Dawei Airport,medium_airport,MM,Dawei,14.103899955749512, 98.20359802246094
NYT,Nay Pyi Taw International Airport,medium_airport,MM,Pyinmana,19.623501, 96.200996
GAW,Gangaw Airport,small_airport,MM,Gangaw,22.174699783325195, 94.1343994140625
GWA,Gwa Airport,small_airport,MM,Gwa,17.600000381469727, 94.58329772949219
HOX,Hommalinn Airport,small_airport,MM,Hommalinn,24.899599075317383, 94.91400146484375
TIO,Tilin Airport,small_airport,MM,Tilin,21.700000762939453, 94.0999984741211
KET,Kengtung Airport,medium_airport,MM,Kengtung,21.301599502563477, 99.63600158691406
KHM,Kanti Airport,small_airport,MM,Kanti,25.988300323486328, 95.67440032958984
KMV,Kalay Airport,small_airport,MM,Kalemyo,23.188800811767578, 94.05110168457031
KYP,Kyaukpyu Airport,medium_airport,MM,Kyaukpyu,19.42639923095703, 93.53479766845703
KAW,Kawthoung Airport,medium_airport,MM,Kawthoung,10.049300193786621, 98.53800201416016
KYT,Kyauktu Airport,small_airport,MM,Kyauktu,21.399999618530273, 94.13330078125
LIW,Loikaw Airport,medium_airport,MM,Loikaw,19.691499710083008, 97.21479797363281
LSH,Lashio Airport,medium_airport,MM,Lashio,22.9778995513916, 97.752197265625
MDL,Mandalay International Airport,large_airport,MM,Mandalay,21.702199935913086, 95.97789764404297
MGZ,Myeik Airport,medium_airport,MM,Mkeik,12.439800262451172, 98.62149810791016
MYT,Myitkyina Airport,medium_airport,MM,Myitkyina,25.38360023498535, 97.35189819335938
MNU,Mawlamyine Airport,small_airport,MM,Mawlamyine,16.444700241088867, 97.66069793701172
MGU,Manaung Airport,small_airport,MM,Manaung,18.845800399780273, 93.68890380859375
MOE,Momeik Airport,medium_airport,MM,,23.092500686645508, 96.64530181884766
MOG,Mong Hsat Airport,medium_airport,MM,Mong Hsat,20.516799926757812, 99.25679779052734
MGK,Mong Tong Airport,small_airport,MM,Mong Tong,20.29669952392578, 98.8989028930664
MWQ,Magway Airport,small_airport,MM,Magway,20.1656, 94.941399
NYW,Monywar Airport,small_airport,MM,Monywar,22.221638, 95.093479
NMS,Namsang Airport,medium_airport,MM,Namsang,20.890499114990234, 97.73590087890625
NMT,Namtu Airport,small_airport,MM,Namtu,23.083, 97.383003
PAA,Hpa-N Airport,small_airport,MM,Hpa-N,16.893699645996094, 97.67459869384766
PAU,Pauk Airport,small_airport,MM,Pauk,21.449199676513672, 94.48690032958984
BSX,Pathein Airport,small_airport,MM,Pathein,16.815201, 94.7799
PPU,Hpapun Airport,small_airport,MM,Pa Pun,18.0666999817, 97.449798584
PBU,Putao Airport,medium_airport,MM,Putao,27.32990074157715, 97.42630004882812
PKK,Pakhokku Airport,small_airport,MM,Pakhokku,21.4043, 95.11125
PRU,Pyay Airport,small_airport,MM,Pye,18.824499130249023, 95.26599884033203
AKY,Sittwe Airport,medium_airport,MM,Sittwe,20.133165, 92.870693
SNW,Thandwe Airport,medium_airport,MM,Thandwe,18.4606990814209, 94.30010223388672
THL,Tachileik Airport,medium_airport,MM,Tachileik,20.483800888061523, 99.9354019165039
XYE,Ye Airport,small_airport,MM,Ye,15.301361, 97.864288
RGN,Yangon International Airport,large_airport,MM,Yangon,16.907300949099998, 96.1332015991
FBS,Friday Harbor Seaplane Base,seaplane_base,US,Friday Harbor,48.537300109899995, -123.010002136
RSJ,Rosario Seaplane Base,seaplane_base,US,Rosario,48.6456985474, -122.867996216
LKE,Kenmore Air Harbor Seaplane Base,seaplane_base,US,Seattle,47.6290016174, -122.338996887
RCE,Roche Harbor Airport,small_airport,US,Roche Harbor,48.6123008728, -123.138999939
TQQ,Maranggo Airport,small_airport,ID,Waha-Tomea Island,-5.7645702362061, 123.91699981689
WSX,Westsound/WSX Seaplane Base,seaplane_base,US,West Sound,48.617901, -122.956903
UPG,Hasanuddin International Airport,large_airport,ID,Ujung Pandang,-5.06163, 119.554001
BIK,Frans Kaisiepo Airport,medium_airport,ID,Biak,-1.19002, 136.108002
ONI,Moanamani Airport,small_airport,ID,Moanamani,-4.00659, 136.037704
FOO,Kornasoren Airfield,small_airport,ID,Kornasoren,-0.935842, 134.872298
WET,Wagethe Airport,small_airport,ID,Wagethe,-4.05916, 136.281715
NBX,Nabire Airport,medium_airport,ID,Nabire,-3.368586, 135.496702
ILA,Illaga Airport,small_airport,ID,Illaga,-3.97648, 137.6225
KOX,Kokonao Airport,small_airport,ID,Kokonao,-4.71075, 136.43515
TIM,Mozes Kilangin Airport,medium_airport,ID,Timika,-4.52978, 136.887388
EWI,Enarotali Airport,small_airport,ID,Enarotali,-3.925739, 136.378634
WAD,Andriamena Airport,small_airport,MG,Andriamena,-17.631, 47.7233
AMI,Selaparang Airport,small_airport,ID,Mataram,-8.56056, 116.095097
BMU,Sultan Muhammad Salahuddin Airport,small_airport,ID,Bima,-8.537184, 118.685002
DPS,Ngurah Rai (Bali) International Airport,large_airport,ID,Denpasar,-8.74817, 115.167
LOP,Lombok International Airport,medium_airport,ID,Mataram,-8.757792, 116.275435
SWQ,Sumbawa Besar Airport,small_airport,ID,Sumbawa Island,-8.48904037475586, 117.41200256347656
TMC,Tambolaka Airport,small_airport,ID,Radamata,-9.409224, 119.242558
WGP,Umbu Mehang Kunda Airport,small_airport,ID,Waingapu-Sumba Island,-9.66922, 120.302002
OTI,Pitu Airport,medium_airport,ID,Gotalalamo-Morotai Island,2.04599, 128.324997
TRT,Toraja Airport,medium_airport,ID,Toraja,-3.185833, 119.91775
LLO,Bua - Palopo Lagaligo Airport,small_airport,ID,Palopo,-3.082997, 120.245018
PLW,Mutiara - SIS Al-Jufrie Airport,medium_airport,ID,Palu,-0.916462, 119.908647
MJU,Tampa Padang Airport,small_airport,ID,Mamuju,-2.590267, 119.025364
MXB,Andi Jemma Airport,small_airport,ID,Masamba,-2.55803, 120.323997
PSJ,Kasiguncu Airport,medium_airport,ID,Poso-Celebes Island,-1.41675, 120.657997
OJU,Tanjung Api Airport,small_airport,ID,Tojo Una-Una,-0.865437, 121.628625
LUW,Syukuran Aminuddin Amir Airport,medium_airport,ID,Luwok,-1.035893, 122.773934
HMS,Haji Muhammad Sidik Airport,small_airport,ID,Muara Teweh,-1.02581, 114.92881
KLP,Seruyan Kuala Pembuang Airport,small_airport,ID,Seruyan,-3.376062, 112.536521
PKY,Tjilik Riwut Airport,medium_airport,ID,Palangkaraya,-2.22513, 113.943001
YIA,Yogyakarta International Airport,medium_airport,ID,Yogyakarta,-7.905338, 110.057264
CXP,Tunggul Wulung Airport,medium_airport,ID,Cilacap,-7.64506, 109.033997
KWB,Dewadaru - Kemujan Island,small_airport,ID,Karimunjawa,-5.80091, 110.47838
BUI,Bokondini Airport,small_airport,ID,Bokondini,-3.68455, 138.677437
ZRM,Mararena Sarmi Airport,small_airport,ID,Sarmi,-1.873077, 138.753275
DJJ,Dortheys Hiyo Eluay International Airport,large_airport,ID,Sentani,-2.579627, 140.519857
LHI,Lereh Airport,small_airport,ID,Lereh-Papua Island,-3.0795, 139.952
LII,Mulia Airport,small_airport,ID,Mulia-Papua Island,-3.701938, 137.957
OKL,Oksibil Airport,medium_airport,ID,Oksibil,-4.9071, 140.6277
SEH,Senggeh Airport,small_airport,ID,Senggeh,-3.442448, 140.778079
WRR,Werur/Mar Airport,small_airport,ID,Mar,-0.4198, 132.1886
MDP,Mindiptana Airport,small_airport,ID,Mindiptana-Papua Island,-5.876929, 140.70946
BXD,Bade Airport,small_airport,ID,Bade,-7.175902, 139.58333
MKQ,Mopah International Airport,medium_airport,ID,Merauke,-8.523898, 140.419693
OKQ,Okaba Airport,small_airport,ID,Okaba,-8.0946, 139.7233
KEI,Kepi Airport,small_airport,ID,Kepi,-6.5418, 139.3318
TMH,Tanah Merah Airport,medium_airport,ID,Tanah Merah,-6.09669, 140.303521
GHS,Melalan Airport,small_airport,ID,Melak-Borneo Island,-0.203611, 115.760002
TJS,Tanjung Harapan Airport,small_airport,ID,Tanjung Selor-Borneo Island,2.83583333333, 117.373611111
DTD,Datadawai Airport,small_airport,ID,Datadawai-Borneo Island,0.8106, 114.5306
BEJ,Kalimarau Airport,medium_airport,ID,Tanjung Redeb - Borneo Island,2.1555, 117.431999
BPN,Sultan Aji Muhammad Sulaiman Sepinggan International Airport,large_airport,ID,Balikpapan,-1.268342, 116.89452
TRK,Juwata International Airport / Suharnoko Harbani AFB,medium_airport,ID,Tarakan,3.325145, 117.564169
AAP,Aji Pangeran Tumenggung Pranoto International Airport,medium_airport,ID,Samarinda,-0.374478, 117.250128
TSX,Tanjung Santan Airport,small_airport,ID,Santan-Borneo Island,-0.0929730013013, 117.45300293
BYQ,Bunyu Airport,small_airport,ID,Bunju Island,3.45571994781, 117.866996765
GLX,Gamarmalamo Airport,small_airport,ID,Galela-Celebes Island,1.8383300304412842, 127.78600311279297
PGQ,Buli Airport,small_airport,ID,Pekaulang,0.9194, 128.3825
GTO,Jalaluddin Airport,small_airport,ID,Gorontalo-Celebes Island,0.63711899519, 122.849998474
NAH,Naha Airport,medium_airport,ID,Tahuna-Sangihe Island,3.6832098960876465, 125.52799987792969
TLI,Sultan Bantilan Airport,small_airport,ID,Toli Toli-Celebes Island,1.123428, 120.793658
GEB,Gebe Airport,small_airport,ID,Gebe Island,-0.07888899743556976, 129.45799255371094
KAZ,Kao Airport,small_airport,ID,Kao-Celebes Island,1.1852799654006958, 127.89600372314453
MDC,Sam Ratulangi Airport,medium_airport,ID,Manado,1.54926, 124.926003
MNA,Melangguane Airport,small_airport,ID,Karakelong Island,4.00694, 126.672997
BRG,Siau/Sitaro Airport,small_airport,ID,Balirangen,2.648591, 125.423301
TTE,Sultan Babullah Airport,medium_airport,ID,Sango,0.831012, 127.381611
UOL,Buol Airport,small_airport,ID,Buol-Celebes Island,1.1027, 121.4141
WAN,Waverney Airport,small_airport,AU,Waverney,-25.3563, 141.9254
BTW,Batu Licin Airport,small_airport,ID,Batu Licin,-3.41241, 115.995003
PKN,Iskandar Airport,small_airport,ID,Pangkalanbun,-2.7052, 111.672997
KBU,Gusti Syamsir Alam Airport,small_airport,ID,Stagen,-3.29472, 116.165001
TJG,Warukin Airport,medium_airport,ID,Tanta-Tabalong,-2.21656, 115.435997
BDJ,Syamsudin Noor International Airport,medium_airport,ID,Landasan Ulin,-3.44236, 114.763
SMQ,Sampit (Hasan) Airport,small_airport,ID,Sampit,-2.499198, 112.974987
AHI,Amahai Airport,small_airport,ID,Amahai,-3.347851, 128.927093
NDA,Bandanaira Airport,small_airport,ID,Bandanaira,-4.5214, 129.9054
DOB,Rar Gwamar Airport,small_airport,ID,Dobo-Warmar Island,-5.7722201347399995, 134.212005615
MAL,"Mangole Airport, Falabisahaya",small_airport,ID,Mangole Island,-1.782255, 125.482246
LUV,Karel Sadsuitubun Airport,medium_airport,ID,Langgur,-5.760278, 132.759444
NRE,Namrole Airport,small_airport,ID,Namrole,-3.85522, 126.700902
LAH,Oesman Sadik Airport,small_airport,ID,Labuha-Halmahera Island,-0.635259, 127.501999
BJK,Nangasuri Airport,small_airport,ID,Maikoor Island,-6.06613, 134.273971
SQN,Emalamo Sanana Airport,small_airport,ID,Sanana,-2.100485, 125.965548
AMQ,Pattimura International Airport,medium_airport,ID,Ambon,-3.71026, 128.089005
NAM,Namlea Airport,small_airport,ID,Namlea,-3.237118, 127.100294
TAX,Taliabu Island Airport,small_airport,ID,Tikong-Taliabu Island,-1.6426299810409546, 124.55899810791016
WBA,Wahai Airport,small_airport,ID,Wahai,-2.8114, 129.484
LNU,Robert Atty Bessing,small_airport,ID,Malinau,3.575278, 116.619722
MLG,Abdul Rachman Saleh Airport,medium_airport,ID,Malang,-7.929099, 112.714233
CPF,Ngloram Airport,small_airport,ID,Tjepu-Java Island,-7.19484166667, 111.548166667
JOG,Adisutjipto International Airport,medium_airport,ID,Yogyakarta,-7.78818, 110.431999
SOC,Adisumarmo International Airport,medium_airport,ID,Surakarta,-7.516044, 110.757492
SUB,Juanda International Airport,large_airport,ID,Surabaya,-7.37983, 112.787003
SRG,Achmad Yani Airport,medium_airport,ID,Semarang,-6.970732, 110.373244
SUP,Trunojoyo Airport,small_airport,ID,Sumenep-Madura Island,-7.0242, 113.89023
NTI,Stenkol Airport,small_airport,ID,Bintuni,-2.1033, 133.5164
RSK,Abresso Airport,small_airport,ID,Ransiki-Papua Island,-1.496771, 134.175
KEQ,Kebar Airport,small_airport,ID,Kebar,-0.810418, 133.054937
FKQ,Fakfak Airport,medium_airport,ID,Fakfak,-2.920508, 132.267011
INX,Inanwatan Airport,small_airport,ID,Inanwatan,-2.127447, 132.160056
KNG,Kaimana Airport,medium_airport,ID,Kaimana,-3.6446, 133.695116
RDE,Merdei Airport,small_airport,ID,Merdei-Papua Island,-1.591154, 133.295867
RJM,Marinda Airport,small_airport,ID,Waisai,-0.423056, 130.773333
BXB,Babo Airport,medium_airport,ID,Babo,-2.53224, 133.438995
MKW,Rendani Airport,medium_airport,ID,Manokwari,-0.891833, 134.048996
TXM,Teminabuan Airport,small_airport,ID,Atinjoe,-1.44545, 132.021139
WSR,Wasior Airport,small_airport,ID,Wasior-Papua Island,-2.721, 134.5061
BJW,Bajawa Soa Airport,small_airport,ID,Soa,-8.707435, 121.057427
MOF,Frans Xavier Seda Airport,small_airport,ID,Waioti,-8.639514, 122.238135
ENE,H. Hasan Aroeboesman (Ende) Airport,small_airport,ID,Ende,-8.849114, 121.66101
RTG,Frans Sales Lega Airport,small_airport,ID,Satar Tacik,-8.596171, 120.478177
ARD,Alor Island - Mali Airport,small_airport,ID,Kabola,-8.13234, 124.597
LBJ,Komodo Airport,small_airport,ID,Labuan Bajo,-8.480694, 119.888306
RTI,David Constantijn Saudale Airport,small_airport,ID,Ba'a - Rote Island,-10.7673, 123.0747
SAU,Sabu-Tardanu Airport,small_airport,ID,Sabu-Sawu Island,-10.4924, 121.8482
KOE,El Tari Airport,small_airport,ID,Kupang,-10.1716, 123.670998
WMX,Wamena Airport,medium_airport,ID,Wamena,-4.097324, 138.952417
BUW,Betoambari Airport,small_airport,ID,Bau Bau,-5.48688, 122.569
WNI,Matahora Airport,medium_airport,ID,Wangi-wangi Island,-5.293996, 123.634
KSR,Selayar - Haji Aroeppala Airport,small_airport,ID,Benteng,-6.17921, 120.437479
SQR,Soroako Airport,small_airport,ID,Soroako,-2.530582, 121.356096
TTR,Pongtiku Airport,small_airport,ID,Makale,-3.04474, 119.821999
KDI,Haluoleo Airport,small_airport,ID,Kendari,-4.08161, 122.417999
SOQ,Domine Eduard Osok Airport,medium_airport,ID,Sorong,-0.894, 131.287
WBB,Stebbins Airport,small_airport,US,Stebbins,63.5159988403, -162.277999878
WBC,Wapolu Airport,small_airport,PG,Wapolu,-9.3376, 150.5093
BTU,Bintulu Airport,medium_airport,MY,Bintulu,3.12385010719, 113.019996643
BLG,Belaga Airport,small_airport,MY,Belaga,2.652143, 113.767043
LSM,Long Semado Airport,small_airport,MY,Long Semado,4.21700000763, 115.599998474
LGL,Long Lellang Airport,small_airport,MY,Long Datih,3.4210000038099997, 115.153999329
KCH,Kuching International Airport,medium_airport,MY,Kuching,1.487364, 110.352859
ODN,Long Seridan Airport,small_airport,MY,Long Seridan,3.9670000076293945, 115.05000305175781
LMN,Limbang Airport,medium_airport,MY,Limbang,4.808300018310547, 115.01000213623047
MKM,Mukah Airport,medium_airport,MY,Mukah,2.881944, 112.043333
LKH,Long Akah Airport,small_airport,MY,Long Akah,3.310909, 114.785553
MUR,Marudi Airport,medium_airport,MY,Marudi,4.178734, 114.330318
BSE,Sematan Airport,small_airport,MY,Sematan,1.812678, 109.765391
KPI,Kapit Airport,small_airport,MY,Kapit,2.01052374505, 112.931468248
BKM,Bakalalan Airport,small_airport,MY,Bakalalan,3.9739999771118164, 115.61799621582031
MYY,Miri Airport,medium_airport,MY,Miri,4.32201, 113.987
SBW,Sibu Airport,medium_airport,MY,Sibu,2.2616, 111.985001
TGC,Tanjung Manis Airport,small_airport,MY,Belawai,2.17784, 111.202003
LSU,Long Sukang Airport,small_airport,MY,Long Sukang,4.552219867706299, 115.49400329589844
LWY,Lawas Airport,small_airport,MY,Lawas,4.84917, 115.407997
BBN,Bario Airport,medium_airport,MY,Bario,3.734648, 115.478548
SMM,Semporna Airport,small_airport,MY,Semporna,4.449999809265137, 118.58300018310547
LDU,Lahad Datu Airport,medium_airport,MY,Lahad Datu,5.032249927520752, 118.3239974975586
TEL,Telupid Airport,small_airport,MY,Telupid,5.628610134124756, 117.1259994506836
KGU,Keningau Airport,small_airport,MY,Keningau,5.357490062713623, 116.16200256347656
SXS,Sahabat [Sahabat 16] Airport,small_airport,MY,Sahabat,5.087779998779297, 119.09400177001953
BKI,Kota Kinabalu International Airport,medium_airport,MY,Kota Kinabalu,5.932743, 116.049324
LBU,Labuan Airport,medium_airport,MY,Labuan,5.300680160522461, 115.25
TMG,Tomanggong Airport,small_airport,MY,Tomanggong,5.40257, 118.65763
GSA,Long Pasia Airport,small_airport,MY,Long Miau,4.400000095367432, 115.71700286865234
SPE,Sepulot Airport,small_airport,MY,Sepulot,4.732999801635742, 116.46700286865234
PAY,Pamol Airport,small_airport,MY,Pamol,5.996571, 117.404795
RNU,Ranau Airport,small_airport,MY,Ranau,5.957793, 116.680191
SDK,Sandakan Airport,medium_airport,MY,Sandakan,5.900899887084961, 118.05899810791016
KUD,Kudat Airport,small_airport,MY,Kudat,6.924111, 116.837068
TWU,Tawau Airport,medium_airport,MY,Tawau,4.320159912109375, 118.12799835205078
MZV,Mulu Airport,medium_airport,MY,Mulu,4.048329830169678, 114.80500030517578
BWN,Brunei International Airport,large_airport,BN,Bandar Seri Begawan,4.9442, 114.928001
WDA,"Al Ain Airport Ain District, Shabwah Governorate, Yemen",small_airport,YE,Ain District,14.859579, 45.545705
WEA,Parker County Airport,small_airport,US,Weatherford,32.7462997437, -97.6824035645
WED,Wedau Airport,small_airport,PG,Wedau,-10.0954, 150.0826
WHL,Welshpool Airport,small_airport,AU,Welshpool,-38.682382, 146.445331
CJN,Nusawiru Airport,small_airport,ID,Cijulang,-7.719895, 108.488995
PKU,Sultan Syarif Kasim II International Airport / Roesmin Nurjadin AFB,medium_airport,ID,Pekanbaru,0.458647, 101.444321
DUM,Pinang Kampai Airport,medium_airport,ID,Dumai,1.609114, 101.433492
RGT,Japura Airport,medium_airport,ID,Rengat-Sumatra Island,-0.352808, 102.334999
RKO,Rokot Airport,small_airport,ID,Matobe,-2.100349, 99.704319
SEQ,Sungai Pakning Bengkalis Airport,small_airport,ID,Bengkalis-Sumatra Island,1.3700000047683716, 102.13999938964844
TJB,Sei Bati Airport,small_airport,ID,Tanjung Balai-Karinmunbesar Island,1.0527, 103.3931
KJT,Kertajati International Airport,medium_airport,ID,Kertajati,-6.648924, 108.166692
BDO,Husein Sastranegara International Airport,medium_airport,ID,Bandung,-6.90063, 107.575996
CBN,Penggung Airport,small_airport,ID,Cirebon-Java Island,-6.757, 108.538849
TSY,Cibeureum Airport,small_airport,ID,Tasikmalaya-Java Island,-7.3466, 108.246002
BTH,Hang Nadim International Airport,medium_airport,ID,Batam,1.12103, 104.119003
PPR,Pasir Pangaraan Airport,small_airport,ID,Pasir Pengarayan-Sumatra Island,0.8454310297966003, 100.37000274658203
LMU,Letung Airport,small_airport,ID,Bukit Padi,2.96447, 105.75484
MWK,Matak Airport,small_airport,ID,Palmatak,3.34812, 106.258003
TNJ,Raja Haji Fisabilillah International Airport,small_airport,ID,Tanjung Pinang-Bintan Island,0.922683000565, 104.531997681
SIQ,Dabo Airport,small_airport,ID,Pasirkuning-Singkep Island,-0.47918900847435, 104.5790023803711
MPC,Muko Muko Airport,small_airport,ID,Muko Muko,-2.54186, 101.087997
HLP,Halim Perdanakusuma International Airport,medium_airport,ID,Jakarta,-6.266610145568848, 106.89099884033203
PCB,Pondok Cabe Air Base,small_airport,ID,Jakarta,-6.3369598388671875, 106.76499938964844
CGK,Soekarno-Hatta International Airport,large_airport,ID,Jakarta,-6.1255698204, 106.65599823
TKG,Radin Inten II International Airport,medium_airport,ID,Bandar Lampung,-5.246803, 105.182531
TFY,Muhammad Taufiq Kiemas Airport,small_airport,ID,Krui,-5.211562, 103.936501
GNS,Binaka Airport,medium_airport,ID,Gunungsitoli,1.16628, 97.704327
AEG,Aek Godang Airport,medium_airport,ID,Padang Sidempuan,1.4001, 99.430496
MES,Soewondo Air Force Base,medium_airport,ID,Medan,3.558425, 98.672275
KNO,Kualanamu International Airport,large_airport,ID,Medan,3.637847, 98.870566
DTB,Silangit Airport,small_airport,ID,Siborong-Borong,2.25973, 98.991898
SIW,Sibisa Airport,small_airport,ID,Parapat-Sumatra Island,2.6666669845581, 98.933334350586
FLZ,Dr. Ferdinand Lumban Tobing Airport,medium_airport,ID,Sibolga (Pinangsori),1.557127, 98.887145
LSR,Alas Leuser Airport,medium_airport,ID,Kutacane,3.391456, 97.863726
TJQ,H A S Hanandjoeddin International Airport,small_airport,ID,Tanjung Pandan,-2.74572, 107.754997
NPO,Nanga Pinoh Airport,medium_airport,ID,Nanga Pinoh-Borneo Island,-0.34886899590492, 111.74800109863
KTG,Rahadi Osman Airport,medium_airport,ID,Ketapang,-1.816845, 109.963331
NTX,Ranai-Natuna Airport,medium_airport,ID,Ranai-Natuna Besar Island,3.90871, 108.388
PNK,Supadio Airport,medium_airport,ID,Pontianak,-0.150711, 109.403999
PSU,Pangsuma Airport,medium_airport,ID,Putussibau-Borneo Island,0.8355780243873596, 112.93699645996094
SQG,Sintang Airport,medium_airport,ID,Sintang,0.063851, 111.473572
DJB,Sultan Thaha Airport,small_airport,ID,Jambi,-1.63802, 103.643997
LLJ,Silampari Airport,small_airport,ID,Lubuk Linggau,-3.288165, 102.91449
BUU,Muara Bungo Airport,small_airport,ID,Muara Bungo,-1.1278, 102.135
PGK,Depati Amir Airport,small_airport,ID,Pangkal Pinang,-2.1622, 106.139
BKS,Fatmawati Soekarno Airport,medium_airport,ID,Bengkulu,-3.8637, 102.338997
PLM,Sultan Mahmud Badaruddin II Airport,medium_airport,ID,Palembang,-2.897653, 104.698147
PDO,Pendopo Airport,medium_airport,ID,Talang Gudang-Sumatra Island,-3.2860701084136963, 103.87999725341797
PDG,Minangkabau International Airport,medium_airport,ID,Padang (Katapiang),-0.786917, 100.280998
PXA,Bentayan Airport,small_airport,ID,Bentayan-Sumatra Island,-4.0225, 103.379167
TPK,Teuku Cut Ali Airport,small_airport,ID,Tapaktuan,3.16904, 97.288299
SBG,Maimun Saleh Airport,small_airport,ID,Sabang,5.874668, 95.33967
MEQ,Cut Nyak Dhien Airport,medium_airport,ID,Kuala Pesisir,4.040631, 96.253538
TXE,Rembele Airport,medium_airport,ID,Takengon,4.72113, 96.851943
LSX,Lhok Sukon Airport,medium_airport,ID,Lhok Sukon-Sumatra Island,5.069509983062744, 97.25920104980469
LSW,Malikus Saleh Airport,small_airport,ID,Lhok Seumawe-Sumatra Island,5.226679801940918, 96.95030212402344
BTJ,Sultan Iskandar Muda International Airport,medium_airport,ID,Banda Aceh,5.522872024010001, 95.42063713070002
SXT,Sungai Tiang Airport,small_airport,MY,Taman Negara,4.330277919769287, 102.3949966430664
MEP,Mersing Airport,small_airport,MY,Mersing,2.389148, 103.874183
SWY,Sitiawan Airport,small_airport,MY,Sitiawan,4.2222, 100.6993
TPG,Taiping (Tekah) Airport,small_airport,MY,Taiping,4.866432, 100.715381
TOD,Tioman Airport,medium_airport,MY,Tioman Island,2.81818, 104.160004
AOR,Sultan Abdul Halim Airport,medium_airport,MY,Alor Satar,6.189670085906982, 100.39800262451172
BWH,RMAF Butterworth Air Base,medium_airport,MY,Butterworth,5.46592, 100.390999
KBR,Sultan Ismail Petra Airport,medium_airport,MY,Kota Baharu,6.1668500900268555, 102.29299926757812
KUA,Kuantan Airport,medium_airport,MY,Kuantan,3.7753899097442627, 103.20899963378906
KTE,Kerteh Airport,medium_airport,MY,Kerteh,4.537220001220703, 103.427001953125
IPH,Sultan Azlan Shah Airport,medium_airport,MY,Ipoh,4.567969799041748, 101.09200286865234
JHB,Senai International Airport,medium_airport,MY,Johor Bahru,1.64131, 103.669998
KUL,Kuala Lumpur International Airport,large_airport,MY,Sepang,2.74558, 101.709999
LGK,Langkawi International Airport,medium_airport,MY,Langkawi,6.329730033874512, 99.72869873046875
MKZ,Malacca International Airport,medium_airport,MY,Malacca,2.265613, 102.252778
TGG,Sultan Mahmud Airport,medium_airport,MY,Kuala Terengganu,5.3826398849487305, 103.10299682617188
PEN,Penang International Airport,medium_airport,MY,Penang,5.297140121459961, 100.2770004272461
PKG,Pulau Pangkor Airport,small_airport,MY,Pangkor Island,4.244719982147217, 100.5530014038086
RDN,LTS Pulau Redang Airport,small_airport,MY,Redang,5.764804, 103.004942
SZB,Sultan Abdul Aziz Shah International Airport,medium_airport,MY,Subang,3.130579948425293, 101.54900360107422
DTR,Decatur Shores Airport,small_airport,US,Decatur,48.499801635699995, -122.814002991
WNU,Wanuma Airport,small_airport,PG,Wanuma,-4.8961, 145.3213
SXK,Mathilda Batlayeri Airport,small_airport,ID,Saumlaki-Yamdena Island,-7.848354, 131.337068
AUT,Atauro Airport,small_airport,TL,Vila,-8.243133, 125.606378
UAI,Suai Airport,medium_airport,TL,Suai,-9.30331039428711, 125.28700256347656
DIL,Presidente Nicolau Lobato International Airport,medium_airport,TL,Dili,-8.546562, 125.524507
BCH,Cakung Airport,medium_airport,TL,Baucau,-8.486479, 126.399981
MPT,Maliana Airport,small_airport,TL,Maliana,-8.97224, 125.214996
OEC,Rota Do Sândalo Oecusse Airport,medium_airport,TL,Oecussi-Ambeno,-9.19806, 124.343002
VIQ,Viqueque Airport,small_airport,TL,Viqueque,-8.88379955291748, 126.37300109863281
ABU,AA Bere Tallo (Haliwen) Airport,small_airport,ID,Atambua,-9.074841, 124.903285
LKA,Larantuka Gewayentana Airport,small_airport,ID,Tiwatobi,-8.274424, 123.002
SGQ,Sanggata/Sangkimah Airport,small_airport,ID,Sanggata/Sangkimah,0.3847, 117.543
LBW,Long Bawan Airport,small_airport,ID,Long Bawan,3.9028, 115.6921
BXT,Bontang Airport,small_airport,ID,Bontang-Borneo Island,0.119691, 117.474998
NNX,Nunukan Airport,small_airport,ID,Nunukan-Nunukan Island,4.13333333333, 117.666666667
TNB,Tanah Grogot Airport,small_airport,ID,Tanah Grogot,-1.885541, 116.256809
LPU,Long Apung Airport,small_airport,ID,Long Apung-Borneo Island,1.704486, 114.970297
SZH,Senipah Heliport,heliport,ID,Senipah,-0.975679, 117.147701
WSA,Wasua Airport,small_airport,PG,Wasua,-8.2836, 142.8697
QPG,Paya Lebar Air Base,medium_airport,SG,Paya Lebar,1.36042, 103.910004
TGA,Tengah Air Base,medium_airport,SG,Western Water Catchment,1.387561, 103.708291
WSB,Steamboat Bay Seaplane Base,seaplane_base,US,Steamboat Bay,55.532662, -133.638167
UGI,San Juan /Uganik/ Seaplane Base,seaplane_base,US,San Juan,57.7304, -153.320999
WSM,Wiseman Airport,small_airport,US,Wiseman,67.4046020508, -150.123001099
XSP,Seletar Airport,medium_airport,SG,Seletar,1.41555, 103.86673
SIN,Singapore Changi Airport,large_airport,SG,Singapore,1.35019, 103.994003
WTT,Wantoat Airport,small_airport,PG,Wantoat,-6.1325, 146.467777778
WUV,Wuvulu Island Airport,small_airport,PG,Wuvulu Island,-1.73611111111, 142.836666667
WUZ,Wuzhou Xijiang Airport,medium_airport,CN,Tangbu,23.40316, 111.09331
GWV,Glendale Fokker Field,small_airport,US,Glendale,39.948699951200005, -80.7594985962
WZQ,Urad Middle Banner Airport,small_airport,CN,Urad Middle Banner,41.460289, 108.539085
MPB,Miami Seaplane Base,seaplane_base,US,Miami,25.778299331665, -80.170303344727
XBB,Blubber Bay Seaplane Base,seaplane_base,CA,Blubber Bay,49.793958, -124.621064
XBN,Biniguni Airport,small_airport,PG,Biniguni,-9.6425, 149.303889
SKL,Broadford Airstrip,small_airport,GB,Ashaig,57.253399, -5.8279
XIG,Xinguara Municipal Airport,small_airport,BR,Xinguara,-7.0906, -49.9765
XMA,Maramag Airport,small_airport,PH,Maramag,7.7538, 125.0333
XRQ,New Barag Right Banner Baogede Airport,small_airport,CN,New Barag Right Banner,48.575585, 116.939382
LNX,Smolensk North Airport,medium_airport,RU,Smolensk,54.824, 32.025
XZM,Macau Heliport at Outer Harbour Ferry Terminal,heliport,MO,Sé,22.196242, 113.55936
UKN,Waukon Municipal Airport,small_airport,US,Waukon,43.280498504639, -91.469497680664
ALH,Albany Airport,medium_airport,AU,Albany,-34.94329833984375, 117.80899810791016
ABG,Abingdon Downs Airport,small_airport,AU,,-17.608814, 143.183531
AWN,Alton Downs Airport,small_airport,AU,,-26.488959, 139.259906
AUD,Augustus Downs Airport,small_airport,AU,,-18.514999389648438, 139.8780059814453
YAJ,Lyall Harbour Seaplane Base,seaplane_base,CA,Saturna Island,48.7952, -123.1816
MRP,Marla Airport,small_airport,AU,Marla,-27.334298, 133.627696
AXL,Alexandria Homestead Airport,small_airport,AU,,-19.060199737548828, 136.7100067138672
AXC,Aramac Airport,small_airport,AU,,-22.95788, 145.249504
ADO,Andamooka Airport,small_airport,AU,,-30.438299, 137.136993
AMX,Ammaroo Airport,small_airport,AU,,-21.738300323486328, 135.24200439453125
AMT,Amata Airport,small_airport,AU,,-26.097363, 131.202732
WLP,West Angelas Airport,small_airport,AU,,-23.1355555556, 118.707222222
AYL,Anthony Lagoon Airport,small_airport,AU,,-18.018079031, 135.535068512
YAQ,Maple Bay Seaplane Base,seaplane_base,CA,Maple Bay,48.8167, -123.6084
ARY,Ararat Airport,medium_airport,AU,Ararat,-37.309978, 142.988688
GYL,Argyle Airport,small_airport,AU,,-16.6369, 128.451004
ARM,Armidale Airport,medium_airport,AU,Armidale,-30.528099060099997, 151.617004395
AAB,Arrabury Airport,small_airport,AU,Tanbar,-26.69639, 141.048718
AUU,Aurukun Airport,small_airport,AU,Aurukun,-13.354019, 141.720028
AWP,Austral Downs Airport,small_airport,AU,,-20.5, 137.75
AVG,Auvergne Airport,small_airport,AU,,-15.699999809265137, 130
AYQ,Ayers Rock Connellan Airport,medium_airport,AU,Yulara,-25.185913, 130.97703
AYR,Ayr Airport,small_airport,AU,Ayr,-19.595832, 147.324495
BCI,Barcaldine Airport,medium_airport,AU,Barcaldine,-23.566268, 145.302086
ASP,Alice Springs Airport,medium_airport,AU,Alice Springs,-23.806588, 133.903427
BDD,Badu Island Airport,small_airport,AU,Badu Island,-10.14955, 142.173665
BKP,Barkly Downs Airport,small_airport,AU,,-20.4958333333, 138.474722222
BNE,Brisbane International Airport,large_airport,AU,Brisbane,-27.384199142456055, 153.11700439453125
OOL,Gold Coast Airport,medium_airport,AU,Gold Coast,-28.165962, 153.506641
BKQ,Blackall Airport,medium_airport,AU,Blackall,-24.431678, 145.429716
CNS,Cairns International Airport,medium_airport,AU,Cairns,-16.885799408, 145.755004883
CTL,Charleville Airport,medium_airport,AU,Charleville,-26.4132995605, 146.261993408
BDW,Bedford Downs Airport,small_airport,AU,,-17.286699295, 127.462997437
BXG,Bendigo Airport,small_airport,AU,,-36.739399, 144.330002
BVI,Birdsville Airport,medium_airport,AU,,-25.897499084472656, 139.34800720214844
BXF,Bellburn Airstrip,small_airport,AU,Pumululu National Park,-17.545, 128.305
BTX,Betoota Airport,small_airport,AU,,-25.694791, 140.738339
BEE,Beagle Bay Airport,small_airport,AU,Dampier Peninsula,-17.0165, 122.6464
OCM,Boolgeeda,small_airport,AU,,-22.54, 117.275
BQW,Balgo Hill Airport,small_airport,AU,Balgo,-20.1483, 127.973
YBH,Bull Harbour Water Aerodrome,seaplane_base,CA,Bull Harbour,50.9179, -127.9372
BHQ,Broken Hill Airport,medium_airport,AU,Broken Hill,-32.0013999939, 141.472000122
HTI,Hamilton Island Airport,medium_airport,AU,Hamilton Island,-20.3581008911, 148.95199585
BEU,Bedourie Airport,medium_airport,AU,,-24.346099853515625, 139.4600067138672
BIW,Billiluna Airport,small_airport,AU,,-19.566699981699998, 127.666999817
BZP,Bizant Airport,small_airport,AU,Lakefield National Park,-14.7402777778, 144.119444444
YBJ,Baie-Johan-Beetz Water Aerodrome,seaplane_base,CA,Baie-Johan-Beetz,50.283745, -62.81004
BRK,Bourke Airport,medium_airport,AU,,-30.039199829101562, 145.95199584960938
BUC,Burketown Airport,small_airport,AU,,-17.748600006103516, 139.53399658203125
BLN,Benalla Airport,medium_airport,AU,,-36.551899, 146.007004
LCN,Balcanoona Airport,small_airport,AU,,-30.53499984741211, 139.33700561523438
ZBL,Biloela Airport,small_airport,AU,Biloela,-24.320816, 150.509627
BLS,Bollon Airport,small_airport,AU,,-28.051247, 147.481799
BQB,Busselton Margaret River Regional Airport,small_airport,AU,Busselton,-33.688423, 115.401596
ISA,Mount Isa Airport,medium_airport,AU,Mount Isa,-20.663900375399997, 139.488998413
BFC,Bloomfield River Airport,small_airport,AU,,-15.8736000061, 145.330001831
MKY,Mackay Airport,medium_airport,AU,Mackay,-21.170816, 149.182588
BNK,Ballina Byron Gateway Airport,medium_airport,AU,Ballina,-28.833236, 153.561471
BSJ,Bairnsdale Airport,medium_airport,AU,Bairnsdale,-37.887539, 147.569379
GIC,Boigu Island Airport,small_airport,AU,Boigu Island,-9.23278, 142.218002
OKY,Oakey Army Aviation Centre,medium_airport,AU,,-27.409262, 151.736727
BQL,Boulia Airport,medium_airport,AU,,-22.913299560546875, 139.89999389648438
YBP,Yibin Wuliangye Airport,medium_airport,CN,Yibin (Cuiping),28.858431, 104.526157
BMP,Brampton Island Airport,small_airport,AU,,-20.804633, 149.279931
KAH,"Melbourne Heliport, Batman Park",heliport,AU,Melbourne,-37.822272, 144.956789
PPP,Proserpine Whitsunday Coast Airport,medium_airport,AU,Proserpine,-20.494416, 148.553583
YBQ,Telegraph Harbour Seaplane Base,seaplane_base,CA,Thetis Island,48.97, -123.664
ROK,Rockhampton Airport,medium_airport,AU,Rockhampton,-23.380019, 150.475359
BOX,Borroloola Airport,small_airport,AU,,-16.075300216674805, 136.302001953125
BME,Broome International Airport,medium_airport,AU,Broome,-17.948789, 122.227407
BZD,Balranald Airport,medium_airport,AU,,-34.624834, 143.577114
BTD,Brunette Downs Airport,small_airport,AU,,-18.637472, 135.938355
BWQ,Brewarrina Airport,medium_airport,AU,,-29.975792, 146.81438
BYP,Barimunya Airport,small_airport,AU,,-22.673900604248, 119.16600036621
MCY,Sunshine Coast Airport,medium_airport,AU,Maroochydore,-26.593324, 153.08319
BHS,Bathurst Airport,medium_airport,AU,Bathurst,-33.406817, 149.651161
BRT,Bathurst Island Airport,medium_airport,AU,Wurrumiyanga,-11.764966, 130.615774
TSV,Townsville Airport / RAAF Base Townsville,medium_airport,AU,Townsville,-19.252904, 146.766512
BLT,Blackwater Airport,medium_airport,AU,,-23.603099822998047, 148.8070068359375
BVW,Batavia Downs Airport,small_airport,AU,,-12.6591997147, 142.675003052
BDB,Bundaberg Airport,medium_airport,AU,Bundaberg,-24.905039, 152.322612
BUY,Bunbury Airport,small_airport,AU,,-33.378299713134766, 115.677001953125
BIP,Bulimba Airport,small_airport,AU,,-16.8808002472, 143.479003906
ZBO,Bowen Airport,small_airport,AU,Bowen,-20.017999, 148.215245
WEI,Weipa Airport,medium_airport,AU,Weipa,-12.677493, 141.922618
BCK,Bolwarra Airport,small_airport,AU,,-17.388299942, 144.169006348
WTB,Toowoomba Wellcamp Airport,medium_airport,AU,Toowoomba,-27.558332, 151.793335
BWB,Barrow Island Airport,small_airport,AU,,-20.86440086364746, 115.40599822998047
BVZ,Beverley Springs Airport,small_airport,AU,Wunaamin Miliwundi Ranges,-16.732756, 125.439105
CTR,Cattle Creek Airport,small_airport,AU,,-17.607000351, 131.548995972
CGV,Caiguna Airport,small_airport,AU,,-32.280457, 125.477943
CLH,Coolah Airport,small_airport,AU,,-31.773864, 149.615322
CVQ,Carnarvon Airport,medium_airport,AU,Carnarvon,-24.880091, 113.670752
CSI,Casino Airport,small_airport,AU,,-28.881304, 153.060724
CAZ,Cobar Airport,medium_airport,AU,,-31.538299560546875, 145.79400634765625
COJ,Coonabarabran Airport,medium_airport,AU,,-31.3325, 149.266998
CBY,Canobie Airport,small_airport,AU,Canobie,-19.479400634799998, 140.927001953
CBI,Cape Barren Island Airport,small_airport,AU,,-40.391700744628906, 148.01699829101562
CPD,Coober Pedy Airport,medium_airport,AU,Coober Pedy,-29.038312, 134.722166
CRB,Collarenebri Airport,small_airport,AU,,-29.523239, 148.578243
CCL,Chinchilla Airport,medium_airport,AU,Chinchilla,-26.771947, 150.617571
CNC,Coconut Island Airport,small_airport,AU,,-10.050000190734863, 143.07000732421875
CNJ,Cloncurry Airport,medium_airport,AU,Cloncurry,-20.668600082399998, 140.503997803
CBX,Condobolin Airport,small_airport,AU,,-33.06565, 147.21316
CUD,Caloundra Airport,small_airport,AU,Caloundra,-26.80336, 153.104975
CED,Ceduna Airport,medium_airport,AU,,-32.13059997558594, 133.7100067138672
CVC,Cleve Airport,medium_airport,AU,,-33.70970153808594, 136.5050048828125
YCF,Cortes Bay Water Aerodrome,seaplane_base,CA,Cortes Bay,50.063, -124.930002
CFI,Camfield Airport,small_airport,AU,,-17.021699905395508, 131.32699584960938
CFH,Clifton Hills Airport,small_airport,AU,Clifton Hills,-27.018299102800004, 138.891998291
CQP,Cape Flattery Airport,small_airport,AU,,-14.970832, 145.311667
CFS,Coffs Harbour Airport,medium_airport,AU,Coffs Harbour,-30.320601, 153.115997
LLG,Chillagoe Airport,small_airport,AU,Chillagoe,-17.138386, 144.528494
CRH,Cherrabah Airport,small_airport,AU,Cherrabah Homestead Resort,-28.4301, 152.08895
CKW,Christmas Creek Airport,small_airport,AU,Christmas Creek Mine,-22.3543, 119.6426
CXT,Charters Towers Airport,small_airport,AU,,-20.043100357055664, 146.2729949951172
DCN,RAAF Base Curtin,medium_airport,AU,Derby,-17.580458, 123.828449
CKI,Croker Island Airport,small_airport,AU,,-11.164999961853027, 132.48300170898438
CTN,Cooktown Airport,medium_airport,AU,,-15.443649, 145.183221
CMQ,Clermont Airport,medium_airport,AU,,-22.773099899291992, 147.62100219726562
CMA,Cunnamulla Airport,medium_airport,AU,,-28.030000686645508, 145.6219940185547
CML,Camooweal Airport,small_airport,AU,,-19.911699295043945, 138.125
NIF,Camp Nifty Airport,small_airport,AU,,-21.67169952392578, 121.58699798583984
CES,Cessnock Airport,small_airport,AU,,-32.787498, 151.341995
CNB,Coonamble Airport,medium_airport,AU,,-30.980946, 148.377833
ODL,Cordillo Downs Airport,small_airport,AU,Cordillo Downs,-26.74530029296875, 140.63800048828125
CUQ,Coen Airport,medium_airport,AU,Coen,-13.761133, 143.113311
CIE,Collie Airport,small_airport,AU,Collie,-33.3666992188, 116.217002869
OOM,Cooma Snowy Mountains Airport,medium_airport,AU,Cooma,-36.300445, 148.972408
CDA,Cooinda Airport,small_airport,AU,,-12.903300285339355, 132.53199768066406
CWW,Corowa Airport,medium_airport,AU,,-35.994701, 146.356995
CFP,Carpentaria Downs Airport,small_airport,AU,Carpentaria Downs,-18.718481, 144.313028
CYG,Corryong Airport,medium_airport,AU,,-36.18280029296875, 147.88800048828125
CXQ,Christmas Creek Station Airport,small_airport,AU,Wangkat Jungka,-18.8728, 125.934
CDQ,Croydon Airport,small_airport,AU,,-18.225000381469727, 142.25799560546875
KCE,Collinsville Airport,small_airport,AU,,-20.59670066833496, 147.86000061035156
CMD,Cootamundra Airport,medium_airport,AU,,-34.624283, 148.036641
CUG,Cudal Airport,small_airport,AU,,-33.278026, 148.768708
CUY,Cue Airport,small_airport,AU,,-27.4508, 117.917515
CJF,Coondewanna Airport,small_airport,AU,Coondewanna,-22.96669960022, 118.81300354004
CWR,Cowarie Airport,small_airport,AU,,-27.711700439453125, 138.3280029296875
CCW,Cowell Airport,small_airport,AU,,-33.66669845581055, 136.89199829101562
CWT,Cowra Airport,medium_airport,AU,,-33.846894, 148.648007
COY,Coolawanyah Airport,small_airport,AU,Coolawanyah Station,-21.7946, 117.755
DJR,Dajarra Airport,small_airport,AU,,-21.70829963684082, 139.5330047607422
DBY,Dalby Airport,small_airport,AU,,-27.15530014038086, 151.26699829101562
DRN,Dirranbandi Airport,medium_airport,AU,,-28.587912, 148.217161
DNB,Dunbar Airport,small_airport,AU,Maramie,-16.047203, 142.393915
DRB,Derby Airport,medium_airport,AU,Derby,-17.37193, 123.66221
DFP,Drumduff Airport,small_airport,AU,Palmer,-16.052124, 143.013339
DGD,Dalgaranga Gold Mine Airport,small_airport,AU,,-27.830277777800003, 117.316388889
DNG,Doongan Airport,small_airport,AU,Drysdale River,-15.386429, 126.302235
DXD,Dixie Airport,small_airport,AU,New Dixie,-15.1174944348, 143.316049576
DKI,Dunk Island Airport,small_airport,AU,Dunk Island,-17.93913, 146.141447
DLK,Dulkaninna Airport,small_airport,AU,Dulkaninna,-29.0132999420166, 138.4810028076172
DNQ,Deniliquin Airport,medium_airport,AU,Deniliquin,-35.5593986511, 144.945999146
DDN,Delta Downs Airport,small_airport,AU,,-16.99169921875, 141.31700134277344
DLV,Delissaville Airport,small_airport,AU,,-12.550000190734863, 130.68499755859375
DYW,Daly Waters Airport,small_airport,AU,Daly Waters,-16.264695066399998, 133.383378983
DMD,Doomadgee Airport,small_airport,AU,,-17.9403, 138.822006
DVR,Daly River Airport,small_airport,AU,Nauiyu,-13.749806, 130.693878
NLF,Darnley Island Airport,small_airport,AU,Darnley Island,-9.583330154418945, 143.76699829101562
DRD,Dorunda Airport,small_airport,AU,Dorunda Outstation,-16.5537, 141.8238
DVP,Davenport Downs Airport,small_airport,AU,,-24.149999618530273, 141.10800170898438
DPO,Devonport Airport,medium_airport,AU,Devonport,-41.1697006226, 146.429992676
DOX,Dongara Airport,small_airport,AU,Dongara,-29.298128, 114.927334
DRY,Drysdale River Airport,small_airport,AU,Drysdale River,-15.71357, 126.381097
DHD,Durham Downs Airport,small_airport,AU,,-27.075000762939453, 141.89999389648438
DRR,Durrie Airport,small_airport,AU,,-25.684999465942383, 140.22799682617188
SRR,Dunwich Airport,small_airport,AU,North Stradbroke Island,-27.519005, 153.427618
DKV,Docker River Airport,small_airport,AU,Kaltukatjara,-24.859533, 129.122209
DYA,Dysart Airport,medium_airport,AU,,-22.62220001220703, 148.36399841308594
ECH,Echuca Airport,medium_airport,AU,,-36.15719985961914, 144.76199340820312
EUC,Eucla Airport,small_airport,AU,,-31.707084, 128.877243
ETD,Etadunna Airport,small_airport,AU,Etadunna,-28.740800857543945, 138.58900451660156
ENB,Eneabba Airport,small_airport,AU,Eneabba,-29.832500457763672, 115.24600219726562
EIH,Einasleigh Airport,small_airport,AU,Einasleigh,-18.503299713100002, 144.093994141
ELC,Elcho Island Airport,medium_airport,AU,Elcho Island,-12.019399642899998, 135.570999146
EKD,Elkedra Airport,small_airport,AU,,-21.172500610399997, 135.444000244
EMD,Emerald Airport,medium_airport,AU,Emerald,-23.5674991608, 148.179000854
YEQ,Yenkis(Yankisa) Airport,small_airport,PG,,-5.10972222222, 143.917666667
EDD,Erldunda Airport,small_airport,AU,Ghan,-25.206106, 133.254161
ERB,Ernabella Airport,small_airport,AU,,-26.2632999420166, 132.1820068359375
ERQ,Elrose Airport,small_airport,AU,Elrose Mine,-20.9764, 141.0066
EPR,Esperance Airport,medium_airport,AU,Esperance,-33.684399, 121.822998
EVD,Eva Downs Airport,small_airport,AU,Eva Downs,-18.0009994507, 134.863006592
EVH,Evans Head Aerodrome,small_airport,AU,,-29.101786, 153.419255
WHB,Eliwana,medium_airport,AU,,-22.428395, 116.887879
EXM,Exmouth Airport,small_airport,AU,,-22.040677, 114.102663
FRB,Forbes Airport,medium_airport,AU,Forbes,-33.363602, 147.934998
KFE,Fortescue - Dave Forrest Aerodrome,small_airport,AU,Cloudbreak Village,-22.290754, 119.437143
FLY,Finley Airport,small_airport,AU,,-35.658918, 145.561214
FLS,Flinders Island Airport,small_airport,AU,Flinders Island,-40.0917015076, 147.992996216
FVL,Flora Valley Airport,small_airport,AU,,-18.297844, 128.455897
FIK,Finke Airport,small_airport,AU,Finke,-25.5946998596, 134.582992554
FOS,Forrest Airport,medium_airport,AU,,-30.83662, 128.112811
FVR,Oombulgurri Airport,small_airport,AU,Oombulgurri,-15.1647, 127.8401
FOT,Forster (Wallis Is) Airport,small_airport,AU,,-32.202489, 152.481136
JFM,Fremantle Heliport,heliport,AU,Fremantle,-32.045149, 115.733022
FIZ,Fitzroy Crossing Airport,medium_airport,AU,,-18.183596, 125.559783
YGA,Yongchuan Da'an General Airport,small_airport,CN,Chongqing,29.356667, 106.010441
GBP,Gamboola Airport,small_airport,AU,Gamboola,-16.54412, 143.668155
GAH,Gayndah Airport,small_airport,AU,,-25.615939, 151.62055
GBL,South Goulburn Is Airport,small_airport,AU,,-11.649999618530273, 133.3820037841797
GUH,Gunnedah Airport,medium_airport,AU,,-30.957511, 150.248981
GOO,Goondiwindi Airport,small_airport,AU,,-28.521400451660156, 150.32000732421875
GDD,Gordon Downs Airport,small_airport,AU,Gordon Downs,-18.6781005859375, 128.5919952392578
GGD,Gregory Downs Airport,small_airport,AU,,-18.625, 139.23300170898438
YGE,Gorge Harbour Seaplane Base,seaplane_base,CA,Gorge Harbour,50.0994, -125.0235
GET,Geraldton Airport,medium_airport,AU,Geraldton,-28.796101, 114.707001
GFN,Grafton Airport,medium_airport,AU,,-29.7593994140625, 153.02999877929688
GBW,Ginbata Airport,small_airport,AU,Ginbata,-22.5812, 120.03553
GBV,Gibb River Airport,small_airport,AU,Gibb,-16.418661, 126.445685
GKL,Great Keppel Is Airport,small_airport,AU,Great Keppel Island,-23.184575, 150.94164
GLT,Gladstone Airport,medium_airport,AU,Gladstone,-23.869763, 151.225439
GUL,Goulburn Airport,medium_airport,AU,,-34.810298919677734, 149.7259979248047
GLG,Glengyle Airport,small_airport,AU,,-24.808300018310547, 139.60000610351562
GLI,Glen Innes Airport,medium_airport,AU,Glen Innes,-29.676029, 151.691156
GLM,Glenormiston Airport,small_airport,AU,,-22.8882999420166, 138.8249969482422
YGN,Greenway Sound Seaplane Base,seaplane_base,CA,Broughton Island,50.839, -126.775
GFE,Grenfell Airport,small_airport,AU,Grenfell,-34, 148.132995605
GVP,Greenvale Airport,small_airport,AU,,-18.9966, 145.0136
GPD,Mount Gordon Airport,small_airport,AU,Mount Gordon Mine,-19.77265, 139.40425
GPN,Garden Point Airport,medium_airport,AU,Pirlangimpi,-11.399686, 130.425568
GSC,Gascoyne Junction Airport,small_airport,AU,Gascoyne Junction,-25.0546, 115.2026
GTE,Groote Eylandt Airport,medium_airport,AU,Groote Eylandt,-13.972405, 136.458553
GFF,Griffith Airport,medium_airport,AU,Griffith,-34.2508010864, 146.067001343
GTT,Georgetown Airport,small_airport,AU,Georgetown,-18.302676, 143.530925
GEE,Georgetown Airport,small_airport,AU,Georgetown,-41.079491, 146.839061
GYP,Gympie Airport,small_airport,AU,,-26.290149, 152.702998
HWK,Wilpena Pound Airport,small_airport,AU,Hawker,-31.855907440185547, 138.46807861328125
HXX,Hay Airport,medium_airport,AU,,-34.531399, 144.830002
HVB,Hervey Bay Airport,medium_airport,AU,Hervey Bay,-25.320127, 152.880662
HUB,Humbert River Airport,small_airport,AU,,-16.489669799804688, 130.63027954101562
HRY,Henbury Airport,small_airport,AU,Ghan,-24.584, 133.236
HIP,Headingly Airport,small_airport,AU,,-21.33329963684082, 138.2830047607422
HIG,Highbury Airport,small_airport,AU,Highbury,-16.424148, 143.14534
HID,Horn Island Airport,medium_airport,AU,Horn,-10.585628, 142.292653
HLL,Hillside Airport,small_airport,AU,Hillside,-21.718283, 119.440334
HCQ,Halls Creek Airport,medium_airport,AU,,-18.23390007019043, 127.66999816894531
HMG,Hermannsburg Airport,small_airport,AU,Hermannsburg (Ntaria),-23.926485, 132.807798
HLT,Hamilton Airport,medium_airport,AU,,-37.64889907836914, 142.06500244140625
HOK,Hooker Creek Airport,small_airport,AU,Lajamanu,-18.3367004395, 130.638000488
MHU,Mount Hotham Airport,medium_airport,AU,Mount Hotham,-37.0475006104, 147.333999634
HTU,Hopetoun Airport,medium_airport,AU,,-35.715301513671875, 142.36000061035156
HPE,Hope Vale Airport,small_airport,AU,Hope Vale,-15.2923, 145.1035
HSM,Horsham Airport,medium_airport,AU,,-36.669700622558594, 142.17300415039062
HAT,Heathlands Airport,small_airport,AU,Shelburne,-11.7369, 142.576996
HGD,Hughenden Airport,small_airport,AU,,-20.815000534057617, 144.22500610351562
IDK,Indulkana Airport,small_airport,AU,Indulkana,-26.965435, 133.321989
IFL,Innisfail Airport,small_airport,AU,,-17.55940055847168, 146.01199340820312
IFF,Iffley Airport,small_airport,AU,,-18.899999618530273, 141.2169952392578
IGH,Ingham Airport,small_airport,AU,,-18.664149, 146.145804
IKP,Inkerman Airport,small_airport,AU,Inkerman,-16.229225, 141.434607
INJ,Injune Airport,small_airport,AU,Injune,-25.851, 148.5497
INM,Innamincka Airport,small_airport,AU,,-27.697589, 140.739498
IVW,Inverway Airport,small_airport,AU,Inverway,-17.8411006927, 129.643005371
ISI,Isisford Airport,small_airport,AU,,-24.25830078125, 144.4250030517578
IVR,Inverell Airport,medium_airport,AU,Inverell,-29.888299942, 151.143997192
JAB,Jabiru Airport,small_airport,AU,,-12.658056, 132.894638
JUN,Jundah Airport,small_airport,AU,Jundah,-24.838045, 143.061962
JCK,Julia Creek Airport,small_airport,AU,,-20.66830062866211, 141.72300720214844
JUR,Jurien Bay Airport,small_airport,AU,Jurien Bay,-30.302699, 115.055551
UBU,Kalumburu Airport,small_airport,AU,Kalumburu,-14.28784, 126.633182
KDB,Kambalda Airport,small_airport,AU,Kambalda,-31.1907, 121.5978
KAX,Kalbarri Airport,small_airport,AU,Kalbarri,-27.692813, 114.259169
KBY,Streaky Bay Airport,small_airport,AU,,-32.836621, 134.292991
KBJ,Kings Canyon Airport,small_airport,AU,Petermann,-24.260229, 131.488924
KCS,Kings Creek Airport,small_airport,AU,Petermann,-24.421285, 131.819458
OOD,Koodaideri Mine Airport,small_airport,AU,Koodaideri Mine,-22.504291, 119.07683
KRA,Kerang Airport,medium_airport,AU,,-35.751399993896484, 143.93899536132812
KNS,King Island Airport,medium_airport,AU,,-39.877498626708984, 143.8780059814453
KBB,Kirkimbie Station Airport,small_airport,AU,Kirkimbie,-17.7791996002, 129.210006714
KFG,Kalkgurung Airport,small_airport,AU,,-17.431900024414062, 130.80799865722656
KOH,Koolatah Airport,small_airport,AU,Maramie,-15.888484, 142.439461
KKP,Koolburra Airport,small_airport,AU,Koolburra,-15.318900108337402, 143.9550018310547
KCI,Koolan Central Airport,small_airport,AU,Koolan Island,-16.125, 123.735
KRB,Karumba Airport,small_airport,AU,,-17.45669937133789, 140.8300018310547
KML,Kamileroi Airport,small_airport,AU,,-19.375, 140.0570068359375
KPS,Kempsey Airport,medium_airport,AU,,-31.07232, 152.765313
KNI,Katanning Airport,small_airport,AU,,-33.699423, 117.65703
KWM,Kowanyama Airport,medium_airport,AU,Kowanyama,-15.485369, 141.752572
KPP,Kalpowar Airport,small_airport,AU,Kalpower,-14.89, 144.22
KGY,Kingaroy Airport,medium_airport,AU,,-26.581077, 151.839927
KGC,Kingscote Airport,medium_airport,AU,,-35.71390151977539, 137.52099609375
YKT,Klemtu Water Aerodrome,seaplane_base,CA,Klemtu,52.6076345452, -128.521757126
KUG,Kubin Island Airport,small_airport,AU,Kubin Island,-10.22648, 142.219619
KRD,Kurundi Airport,small_airport,AU,Kurundi Station,-20.51, 134.6706
LWH,Lawn Hill Airport,small_airport,AU,,-18.568300247192383, 138.63499450683594
LGH,Leigh Creek Airport,medium_airport,AU,,-30.598301, 138.425995
LNO,Leonora Airport,medium_airport,AU,Leonora,-28.87809944152832, 121.31500244140625
LEL,Lake Evella Airport,small_airport,AU,,-12.498900413513184, 135.80599975585938
LFP,Lakefield Airport,small_airport,AU,Lakefield,-14.9207, 144.203
LDH,Lord Howe Island Airport,small_airport,AU,Lord Howe Island,-31.538204, 159.07546
IRG,Lockhart River Airport,medium_airport,AU,Lockhart River,-12.7869, 143.304993
LTP,Lyndhurst Airport,small_airport,AU,Lyndhurst,-19.1958007812, 144.371002197
LIB,Limbunya Airport,small_airport,AU,Limbunya,-17.2355995178, 129.882003784
LDC,Lindeman Island Airport,small_airport,AU,Lindeman Island,-20.4535999298, 149.039993286
LSY,Lismore Airport,medium_airport,AU,Lismore,-28.830689, 153.258419
LNH,Lake Nash Airport,small_airport,AU,Alpurrurulam,-20.9807, 137.9178
BBL,Ballera Airport,small_airport,AU,,-27.405633, 141.809458
BEO,Lake Macquarie Airport,small_airport,AU,,-33.065975, 151.646283
LKD,Lakeland Airport,small_airport,AU,Lakeland Downs,-15.841213, 144.849118
LOC,Lock Airport,small_airport,AU,Lock,-33.5442008972168, 135.6929931640625
LOA,Lorraine Airport,small_airport,AU,,-18.99329948425293, 139.90699768066406
LTV,Lotus Vale Airport,small_airport,AU,Lotus Vale,-17.048299789399998, 141.37600708
YLP,Mingan Airport,small_airport,CA,Longue-Pointe-de-Mingan,50.2869, -64.1528
LUU,Laura Airport,small_airport,AU,,-15.560495, 144.451418
LHG,Lightning Ridge Airport,medium_airport,AU,,-29.452857, 147.977146
LRE,Longreach Airport,medium_airport,AU,Longreach,-23.4342002869, 144.279998779
LUT,New Laura Airport,small_airport,AU,Laura Station,-15.182758, 144.345535
LER,Leinster Airport,medium_airport,AU,,-27.843299865722656, 120.7030029296875
LVO,Laverton Airport,small_airport,AU,Laverton,-28.614267, 122.428673
TGN,Latrobe Valley Airport,medium_airport,AU,Morwell,-38.211004, 146.470817
LZR,Lizard Island Airport,small_airport,AU,,-14.673273, 145.454571
UBB,Mabuiag Island Airport,small_airport,AU,Mabuiag Island,-9.950168, 142.19523
MYI,Murray Island Airport,small_airport,AU,Murray Island,-9.915105, 144.054644
AVV,Avalon Airport,medium_airport,AU,Lara,-38.039398, 144.468994
ABX,Albury Airport,medium_airport,AU,Albury,-36.066758, 146.959148
MRG,Mareeba Airport,medium_airport,AU,,-17.06920051574707, 145.41900634765625
MBB,Marble Bar Airport,small_airport,AU,,-21.163299560546875, 119.83300018310547
XMC,Mallacoota Airport,small_airport,AU,,-37.59830093383789, 149.72000122070312
MFP,Manners Creek Airport,small_airport,AU,,-22.100000381469727, 137.98300170898438
MLR,Millicent Airport,small_airport,AU,,-37.58359909057617, 140.36599731445312
DGE,Mudgee Airport,medium_airport,AU,Mudgee,-32.564794, 149.609452
MQA,Mandora Airport,small_airport,AU,Mandora,-19.7383003235, 120.837997437
MNW,Macdonald Downs Airport,small_airport,AU,,-22.444000244099996, 135.199005127
MKR,Meekatharra Airport,medium_airport,AU,,-26.6117000579834, 118.5479965209961
MEB,Melbourne Essendon Airport,medium_airport,AU,Essendon Fields,-37.7281, 144.901993
MIM,Merimbula Airport,medium_airport,AU,Merimbula,-36.9085998535, 149.901000977
MLV,Merluna Airport,small_airport,AU,Merluna,-13.0649, 142.4536
MGT,Milingimbi Airport,small_airport,AU,Milingimbi Island,-12.0944004059, 134.893997192
MNG,Maningrida Airport,medium_airport,AU,Maningrida,-12.0560998917, 134.23399353
GSN,Mount Gunson Airport,small_airport,AU,Mount Gunson,-31.4597, 137.174443333
MGV,Margaret River (Station) Airport,small_airport,AU,,-18.6217002869, 126.883003235
MQZ,Margaret River Airport,small_airport,AU,,-33.9305992126, 115.099998474
MVU,Musgrave Airport,small_airport,AU,Musgrave,-14.7757, 143.5047
HBA,Hobart International Airport,medium_airport,AU,Hobart,-42.836101532, 147.509994507
MHO,Mount House Airport,small_airport,AU,Wunaamin Miliwundi Ranges,-17.051917, 125.712491
MCV,McArthur River Mine Airport,small_airport,AU,McArthur River Mine,-16.4424991608, 136.083999634
MQL,Mildura Airport,medium_airport,AU,Mildura,-34.229198455799995, 142.085998535
XML,Minlaton Airport,small_airport,AU,,-34.743801, 137.529087
MIH,Mitchell Plateau Airport,small_airport,AU,Mitchell Plateau,-14.790817, 125.825729
MWY,Miranda Downs Airport,small_airport,AU,Miranda Downs,-17.328899, 141.886002
MTQ,Mitchell Airport,small_airport,AU,,-26.483299255371094, 147.93699645996094
MJP,Manjimup Airport,small_airport,AU,,-34.26530075073242, 116.13999938964844
WLE,Miles Airport,small_airport,AU,,-26.806447, 150.168953
LST,Launceston Airport,medium_airport,AU,Launceston,-41.54529953, 147.214004517
MBW,Melbourne Moorabbin Airport,medium_airport,AU,Melbourne,-37.975799560546875, 145.1020050048828
WUI,Murrin Murrin Airport,small_airport,AU,Murrin Murrin,-28.705299, 121.89099
MEL,Melbourne International Airport,large_airport,AU,Melbourne,-37.673302, 144.843002
MMM,Middlemount Airport,small_airport,AU,,-22.801444, 148.706796
MTL,Maitland Airport,small_airport,AU,,-32.701265, 151.492912
WME,Mount Keith Airport,medium_airport,AU,,-27.28733, 120.554937
ONR,Monkira Airport,small_airport,AU,,-24.816699981689453, 140.5330047607422
MSF,Mount Swan Airport,small_airport,AU,,-22.624696, 135.034512
OXY,Morney Airport,small_airport,AU,,-25.358299255371094, 141.43299865722656
MMG,Mount Magnet Airport,medium_airport,AU,,-28.116100311279297, 117.84200286865234
OOR,Mooraberree Airport,small_airport,AU,,-25.25, 140.98300170898438
MRZ,Moree Airport,medium_airport,AU,Moree,-29.498899459799997, 149.845001221
MET,Moreton Airport,small_airport,AU,Moreton,-12.444199562099998, 142.638000488
MIN,Minnipa Airport,small_airport,AU,,-32.843299865722656, 135.14500427246094
MQE,Marqua Airport,small_airport,AU,Marqua,-22.80579948425293, 137.25100708007812
MOV,Moranbah Airport,medium_airport,AU,Moranbah,-22.057800293, 148.07699585
RRE,Marree Airport,small_airport,AU,,-29.663299560546875, 138.06500244140625
MWB,Morawa Airport,small_airport,AU,,-29.20170021057129, 116.02200317382812
MYA,Moruya Airport,medium_airport,AU,Moruya,-35.8978004456, 150.143997192
MTD,Mount Sanford Station Airport,small_airport,AU,,-16.978300094604492, 130.55499267578125
MIY,Mittebah Airport,small_airport,AU,,-18.8093, 137.0815
UTB,Muttaburra Airport,small_airport,AU,,-22.58329963684082, 144.5330047607422
MGB,Mount Gambier Airport,medium_airport,AU,Mount Gambier,-37.744382, 140.780561
ONG,Mornington Island Airport,small_airport,AU,,-16.662500381469727, 139.17799377441406
MNQ,Monto Airport,small_airport,AU,,-24.892267, 151.101787
MUQ,Muccan Station Airport,small_airport,AU,Muccan Station,-20.658899307250977, 120.06700134277344
MNE,Mungeranie Airport,small_airport,AU,Mungeranie,-28.009199142456055, 138.65699768066406
MVK,Mulka Airport,small_airport,AU,Mulka,-28.34779930114746, 138.64999389648438
MUP,Mulga Park Airport,small_airport,AU,,-25.860000610399997, 131.649993896
MXU,Mullewa Airport,small_airport,AU,,-28.475000381469727, 115.51699829101562
MWT,Moolawatana Airport,small_airport,AU,Moolawatana Station,-29.9069, 139.765
MXD,Marion Downs Airport,small_airport,AU,Marion Downs,-23.363702, 139.649663
MBH,Maryborough Airport,small_airport,AU,Maryborough,-25.513528, 152.713603
RTY,Merty Merty Airport,small_airport,AU,,-28.582713, 140.303264
NMR,Nappa Merrie Airport,small_airport,AU,,-27.549201, 141.158416
NRA,Narrandera Airport,medium_airport,AU,Narrandera,-34.7022018433, 146.511993408
NAA,Narrabri Airport,medium_airport,AU,Narrabri,-30.3192005157, 149.82699585
RPM,Ngukurr Airport,medium_airport,AU,,-14.722800254821777, 134.7469940185547
NBH,Nambucca Heads Airport,small_airport,AU,Nambucca Heads,-30.673058, 152.984233
NLS,Nicholson Airport,small_airport,AU,,-18.049999237060547, 128.89999389648438
NKB,Noonkanbah Airport,small_airport,AU,,-18.4946994781, 124.851997375
NMP,New Moon Airport,small_airport,AU,Basalt,-19.2, 145.773
NPP,Napperby Airport,small_airport,AU,Napperby,-22.5312, 132.7632
ABM,Northern Peninsula Airport,small_airport,AU,Bamaga,-10.946194, 142.455081
NAC,Naracoorte Airport,small_airport,AU,,-36.98529815673828, 140.72500610351562
NRG,Narrogin Airport,small_airport,AU,Narrogin,-32.93, 117.080002
QRM,Narromine Airport,medium_airport,AU,,-32.214698791503906, 148.22500610351562
RVT,Ravensthorpe Airport,small_airport,AU,,-33.7971992493, 120.208000183
NSV,Noosa Airport,small_airport,AU,,-26.423177, 153.064935
NSM,Norseman Airport,small_airport,AU,,-32.203, 121.758127
YNT,Yantai Penglai International Airport,large_airport,CN,Yantai,37.659724, 120.978124
NTN,Normanton Airport,medium_airport,AU,Normanton,-17.68409, 141.069664
NUR,Nullabor Motel Airport,small_airport,AU,,-31.441699981689453, 130.90199279785156
NLL,Nullagine Airport,small_airport,AU,,-21.913299560546875, 120.197998046875
NUB,Numbulwar Airport,small_airport,AU,,-14.271699905395508, 135.7169952392578
UTD,Nutwood Downs Airport,small_airport,AU,Nutwood Downs,-15.8074, 134.1459
ZNE,Newman Airport,medium_airport,AU,Newman,-23.417800903299998, 119.803001404
NYN,Nyngan Airport,small_airport,AU,,-31.550645, 147.202973
OPI,Oenpelli Airport,small_airport,AU,,-12.324999809265137, 133.00599670410156
YOI,Opinaca Aerodrome,small_airport,CA,Éléonore Mine,52.221944, -76.611944
XCO,Colac Airport,small_airport,AU,Colac,-38.286701, 143.679993
OLP,Olympic Dam Airport,small_airport,AU,Olympic Dam,-30.485000610399997, 136.876998901
ONS,Onslow Airport,small_airport,AU,,-21.670161, 115.114902
ODD,Oodnadatta Airport,small_airport,AU,,-27.562473, 135.442946
MOO,Moomba Airport,small_airport,AU,,-28.09939956665039, 140.19700622558594
RBS,Orbost Airport,small_airport,AU,,-37.790000915527344, 148.61000061035156
OAG,Orange Airport,medium_airport,AU,Orange,-33.382014, 149.131262
ODR,Ord River Airport,small_airport,AU,Ord River,-17.34079933166504, 128.91200256347656
OSO,Osborne Mine Airport,small_airport,AU,,-22.0816993713, 140.554992676
OYN,Ouyen Airport,small_airport,AU,Ouyen,-35.088819, 142.354778
ADL,Adelaide International Airport,large_airport,AU,Adelaide,-34.947512, 138.533393
PUG,Port Augusta Airport,medium_airport,AU,,-32.506900787353516, 137.7169952392578
PMK,Palm Island Airport,small_airport,AU,,-18.755300521850586, 146.58099365234375
PBO,Paraburdoo Airport,medium_airport,AU,Paraburdoo,-23.1711006165, 117.745002747
CCK,Cocos (Keeling) Islands Airport,medium_airport,CC,West Island,-12.19134, 96.833696
PDN,Parndana Airport,small_airport,AU,Kangaroo Island,-35.807, 137.264
PDE,Pandie Pandie Airport,small_airport,AU,,-26.122248, 139.403501
DRW,Darwin International Airport / RAAF Darwin,large_airport,AU,Darwin,-12.41497, 130.88185
PRD,Pardoo Airport,small_airport,AU,Pardoo,-20.119428, 119.571945
GOV,Gove Airport,medium_airport,AU,Nhulunbuy,-12.269399642899998, 136.817993164
PPI,Port Pirie Airport,medium_airport,AU,,-33.23889923095703, 137.9949951171875
JAD,Perth Jandakot Airport,medium_airport,AU,Perth,-32.09749984741211, 115.88099670410156
KTA,Karratha Airport,medium_airport,AU,Karratha,-20.712200164799995, 116.773002625
KGI,Kalgoorlie Boulder Airport,medium_airport,AU,Broadwood,-30.791543, 121.464586
PKE,Parkes Airport,medium_airport,AU,Parkes,-33.131401062, 148.238998413
PKT,Port Keats Airport,medium_airport,AU,Wadeye,-14.249701, 129.529538
KNX,East Kimberley Regional (Kununurra) Airport,medium_airport,AU,Kununurra,-15.7781, 128.707993
PLO,Port Lincoln Airport,medium_airport,AU,Port Lincoln,-34.6053009033, 135.880004883
LEA,Learmonth Airport,medium_airport,AU,Exmouth,-22.235201, 114.090024
PXH,Prominent Hill Airport,small_airport,AU,Mount Eba,-29.716, 135.5244
EDR,Pormpuraaw Airport,small_airport,AU,Pormpuraaw,-14.896451, 141.60908
PQQ,Port Macquarie Airport,medium_airport,AU,Port Macquarie,-31.4358005524, 152.863006592
PEY,Penong Airport,small_airport,AU,Penong,-31.916700363159, 133
PTJ,Portland Airport,medium_airport,AU,,-38.31809997558594, 141.4709930419922
PHE,Port Hedland International Airport,medium_airport,AU,Port Hedland,-20.3777999878, 118.625999451
PER,Perth International Airport,large_airport,AU,Perth,-31.94029998779297, 115.96700286865234
PEA,Penneshaw Airport,small_airport,AU,Ironstone,-35.7558462874, 137.962875366
KTR,Tindal Airport,medium_airport,AU,,-14.521100044250488, 132.3780059814453
UMR,Woomera Airfield,small_airport,AU,Woomera,-31.14419937133789, 136.81700134277344
XCH,Christmas Island Airport,medium_airport,CX,Flying Fish Cove,-10.449382, 105.690931
UIR,Quirindi Airport,small_airport,AU,,-31.498177, 150.521708
YQJ,April Point Seaplane Base,seaplane_base,CA,Quadra Island,50.065, -125.235
ULP,Quilpie Airport,medium_airport,AU,,-26.612199783325195, 144.2530059814453
UEE,Queenstown Airport,small_airport,AU,,-42.075001, 145.531998
RRV,Robinson River Airport,small_airport,AU,,-16.7182998657, 136.945007324
YRC,Refuge Cove Seaplane Base,seaplane_base,CA,Desolation Sound,50.1234, -124.843
YRD,Dean River Airport,small_airport,CA,Kimsquit Valley,52.82371, -126.964957
RMK,Renmark Airport,medium_airport,AU,,-34.1963996887207, 140.6739959716797
RCM,Richmond Airport,small_airport,AU,,-20.701900482177734, 143.11500549316406
RAM,Ramingining Airport,small_airport,AU,,-12.356399536132812, 134.8979949951172
ROH,Robinhood Airport,small_airport,AU,,-18.844999313354492, 143.7100067138672
RBU,Roebourne Airport,small_airport,AU,Roebourne,-20.763898, 117.155199
RBC,Robinvale Airport,small_airport,AU,Robinvale,-34.642887, 142.773042
RMA,Roma Airport,medium_airport,AU,Roma,-26.545000076300003, 148.774993896
RPB,Roper Bar Airport,small_airport,AU,Roper Bar,-14.734814, 134.525485
RSB,Roseberth Airport,small_airport,AU,,-25.825737, 139.627476
RTS,Rottnest Island Airport,small_airport,AU,,-32.006699, 115.540001
RTP,Rutland Plains Airport,small_airport,AU,Yagoonya,-15.644963, 141.844373
RHL,Roy Hill Station Airport,small_airport,AU,,-22.625815891, 119.959030151
NDS,Sandstone Airport,small_airport,AU,Sandstone,-27.979999542236328, 119.2969970703125
BWU,Sydney Bankstown Airport,medium_airport,AU,Sydney,-33.923618, 150.990792
CBR,Canberra International Airport,medium_airport,AU,Canberra,-35.3069, 149.195007
WCD,Carosue Dam Airport,small_airport,AU,Cundeelee,-30.174236, 122.322249
CDU,Camden Airport,medium_airport,AU,Cobbitty,-34.038338, 150.686406
NSO,Scone Airport,small_airport,AU,,-32.038012, 150.831966
SQC,Southern Cross Airport,small_airport,AU,,-31.239999771118164, 119.36000061035156
DBO,Dubbo City Regional Airport,medium_airport,AU,Dubbo,-32.2167015076, 148.574996948
SGO,St George Airport,small_airport,AU,,-28.049699783325195, 148.59500122070312
SIX,Singleton Airport,small_airport,AU,Singleton,-32.600832, 151.193056
ZGL,South Galway Airport,small_airport,AU,,-25.683300018310547, 142.10800170898438
SGP,Shay Gap Airport,small_airport,AU,Shay Gap,-20.424699783325195, 120.14099884033203
MJK,Shark Bay Airport,medium_airport,AU,Denham,-25.897294, 113.575802
WOL,Shellharbour Airport,medium_airport,AU,Albion Park Rail,-34.5611, 150.789001
WSY,Shute Harbour/Whitsunday Airport,small_airport,AU,Shute Harbour,-20.276127, 148.754979
SHT,Shepparton Airport,medium_airport,AU,,-36.428341, 145.391473
SBR,Saibai Island Airport,small_airport,AU,Saibai Island,-9.37833, 142.625
GOS,Somersby Airstrip,small_airport,AU,Gosford,-33.367681, 151.299806
SIO,Smithton Airport,medium_airport,AU,,-40.834999084472656, 145.08399963378906
SOI,South Molle Island Helipad,heliport,AU,South Molle Island Resort,-20.2622, 148.8399
SHU,Smith Point Airport,small_airport,AU,,-11.133566, 132.15957
STH,Strathmore Airport,small_airport,AU,Strathmore,-17.862709, 142.557788
SNB,Snake Bay Airport,medium_airport,AU,Milikapiti,-11.417674, 130.648481
NLK,Norfolk Island International Airport,medium_airport,NF,Burnt Pine,-29.041887, 167.939616
NOA,Naval Air Station Nowra - HMAS Albatross,medium_airport,AU,Nowra Hill,-34.9466, 150.542451
SNH,Stanthorpe Airport,small_airport,AU,,-28.620113, 151.983281
SCG,Spring Creek Airport,small_airport,AU,,-18.637704, 144.545672
SHQ,Southport Airport,small_airport,AU,,-27.921848, 153.371469
KSV,Springvale Airport,small_airport,AU,,-23.549999237060547, 140.6999969482422
XRH,RAAF Base Richmond,medium_airport,AU,Richmond,-33.604652, 150.783051
SRN,Strahan Airport,small_airport,AU,,-42.154998779296875, 145.29200744628906
SYD,Sydney Kingsford Smith International Airport,large_airport,AU,Sydney,-33.94609832763672, 151.177001953125
HLS,St Helens Airport,small_airport,AU,,-41.336700439453125, 148.28199768066406
STF,Stephens Island Seaplane Base,seaplane_base,AU,Stephens Island,-9.51, 143.55
TMW,Tamworth Airport,medium_airport,AU,Tamworth,-31.077898, 150.845484
SSP,Silver Plains Airport,small_airport,AU,Silver Plains,-13.9754, 143.5537
WGA,Wagga Wagga City Airport,medium_airport,AU,Wagga Wagga,-35.163484, 147.46832
SWH,Swan Hill Airport,medium_airport,AU,,-35.37580108642578, 143.5330047607422
SWC,Stawell Airport,medium_airport,AU,,-37.07170104980469, 142.74099731445312
XTR,Tara Airport,small_airport,AU,,-27.163054, 150.476423
TBL,Tableland Homestead Airport,small_airport,AU,,-17.2833003998, 126.900001526
XTO,Taroom Airport,small_airport,AU,,-25.801700592041016, 149.89999389648438
TAQ,Tarcoola Airport,small_airport,AU,Tarcoola,-30.7033004761, 134.583999634
TBK,Timber Creek Airport,small_airport,AU,,-15.619999885559082, 130.44500732421875
TDR,Theodore Airport,small_airport,AU,,-24.986796, 150.093076
TQP,Trepell Airport,small_airport,AU,Trepell,-21.834999084473, 140.88800048828
TEF,Telfer Airport,medium_airport,AU,,-21.71500015258789, 122.22899627685547
TEM,Temora Airport,medium_airport,AU,Temora,-34.421398, 147.511993
TAN,Tangalooma Airport,small_airport,AU,,-27.137693, 153.364141
XTG,Thargomindah Airport,medium_airport,AU,Thargomindah,-27.986368, 143.812065
GTS,The Granites Airport,small_airport,AU,The Granites Gold Mine,-20.5483, 130.347
TDN,Theda Station Airport,small_airport,AU,Drysdale River,-14.790567, 126.498041
TYG,Thylungra Airport,small_airport,AU,,-26.093047, 143.45136
TYB,Tibooburra Airport,medium_airport,AU,,-29.451099, 142.057999
TKY,Turkey Creek Airport,small_airport,AU,Turkey Creek,-17.0408000946, 128.205993652
PHQ,The Monument Airport,small_airport,AU,Phosphate Hill,-21.811100006104, 139.92399597168
TUM,Tumut Airport,medium_airport,AU,,-35.26832, 148.240526
TYP,Tobermorey Airport,small_airport,AU,Tobermorey,-22.255800247192383, 137.9530029296875
TXR,Tanbar Airport,small_airport,AU,Tanbar Station,-25.847799301147, 141.92799377441
THG,Thangool Airport,medium_airport,AU,Biloela,-24.494863, 150.577967
TCA,Tennant Creek Airport,medium_airport,AU,Tennant Creek,-19.6343994140625, 134.18299865722656
TCW,Tocumwal Airport,small_airport,AU,,-35.81169891357422, 145.60800170898438
TRO,Taree Airport,medium_airport,AU,Taree,-31.888599, 152.514008
TTX,Truscott-Mungalalu Airport,small_airport,AU,Anjo Peninsula,-14.089699745178, 126.3809967041
TWB,Toowoomba Airport,small_airport,AU,Toowoomba,-27.543365, 151.919112
UDA,Undara Airport,small_airport,AU,,-18.200000762939453, 144.60000610351562
CZY,Cluny Airport,small_airport,AU,,-24.516700744628906, 139.61700439453125
USL,Useless Loop Airport,small_airport,AU,Useless Loop,-26.157923, 113.394817
VCD,Victoria River Downs Airport,small_airport,AU,,-16.402124404907227, 131.00497436523438
VNR,Vanrook Station Airport,small_airport,AU,,-16.963300704956055, 141.9499969482422
WAU,Wauchope Airport,small_airport,AU,Wauchope,-20.640614, 134.215276
WLA,Wallal Airport,small_airport,AU,Wallal,-19.7735996246, 120.649002075
WAV,Wave Hill Airport,small_airport,AU,,-17.393299102783203, 131.1179962158203
WMB,Warrnambool Airport,small_airport,AU,,-38.2952995300293, 142.44700622558594
SYU,Warraber Island Airport,small_airport,AU,Sue Islet,-10.20829963684082, 142.8249969482422
WIO,Wilcannia Airport,small_airport,AU,,-31.522082, 143.378358
WLC,Walcha Airport,small_airport,AU,,-31.009492, 151.547442
WAZ,Warwick Airport,small_airport,AU,,-28.14940071105957, 151.9429931640625
WND,Windarra Airport,small_airport,AU,Laverton,-28.48061, 122.244415
WRN,Windarling Airport,small_airport,AU,Windarling Mine,-30.032277, 119.386489
WNR,Windorah Airport,medium_airport,AU,,-25.41309928894043, 142.66700744628906
WON,Wondoola Airport,small_airport,AU,Wondoola,-18.5750007629, 140.891998291
MFL,Mount Full Stop Airport,small_airport,AU,Wando Vale,-19.67, 144.8852
GYB,Port Hedland/Wodgina Airport,small_airport,AU,Wodgina,-21.036568, 118.642936
WGT,Wangaratta Airport,medium_airport,AU,,-36.41579818725586, 146.3070068359375
WYA,Whyalla Airport,medium_airport,AU,Whyalla,-33.05889892578125, 137.51400756835938
WIT,Wittenoom Airport,small_airport,AU,,-22.224992, 118.353739
WKB,Warracknabeal Airport,medium_airport,AU,,-36.32109832763672, 142.41900634765625
WGE,Walgett Airport,medium_airport,AU,,-30.032801, 148.126007
NTL,Newcastle Airport,medium_airport,AU,Williamtown,-32.79499816894531, 151.83399963378906
WUN,Wiluna Airport,medium_airport,AU,,-26.629199981689453, 120.22100067138672
WPK,Wrotham Park Airport,small_airport,AU,Wrotham Park,-16.658915, 143.999263
WDI,Wondai Airport,small_airport,AU,,-26.277392, 151.861673
WLL,Wollogorang Airport,small_airport,AU,,-17.2199, 137.93453
QRR,Warren Airport,medium_airport,AU,,-31.733299255371094, 147.80299377441406
SXE,West Sale Airport,medium_airport,AU,Sale,-38.090827, 146.965335
WLO,Waterloo Airport,small_airport,AU,,-16.6299991607666, 129.32000732421875
WIN,Winton Airport,medium_airport,AU,,-22.36359977722168, 143.08599853515625
WUD,Wudinna Airport,small_airport,AU,,-33.04330062866211, 135.44700622558594
WEW,Wee Waa Airport,small_airport,AU,,-30.25830078125, 149.4080047607422
WRW,Warrawagine Airport,small_airport,AU,,-20.8442001343, 120.702003479
WWI,Woodie Woodie Airport,small_airport,AU,Woodie Woodie,-21.64551, 121.191184
WWY,West Wyalong Airport,medium_airport,AU,West Wyalong,-33.9371986389, 147.190994263
WYN,Wyndham Airport,small_airport,AU,,-15.51140022277832, 128.1529998779297
BWT,Wynyard Airport,medium_airport,AU,Burnie,-40.997039, 145.726
YYA,Yueyang Sanhe Airport,medium_airport,CN,Yueyang (Yueyanglou),29.311699, 113.281574
YLG,Yalgoo Airport,small_airport,AU,Yalgoo,-28.355300903299998, 116.683998108
OKR,Yorke Island Airport,small_airport,AU,Yorke Island,-9.752801, 143.405673
KYF,Yeelirrie Airport,small_airport,AU,,-27.277060037800002, 120.095672607
XMY,Yam Island Airport,small_airport,AU,Yam Island,-9.899187, 142.774265
YUE,Yuendumu Airport,small_airport,AU,,-22.254199981689453, 131.78199768066406
NGA,Young Airport,medium_airport,AU,,-34.25559997558594, 148.2480010986328
ORR,Yorketown Airport,small_airport,AU,,-35.003564, 137.619295
KYI,Yalata Mission Airport,small_airport,AU,Yalata Mission,-31.470600128173828, 131.8249969482422
KKI,Akiachak Airport,small_airport,US,Akiachak,60.904800415039, -161.42199707031
BCC,Bear Creek 3 Airport,small_airport,US,Bear Creek,63.5733160384, -156.149454117
JBT,Bethel Seaplane Base,seaplane_base,US,Bethel,60.782001495399996, -161.742996216
CZP,Cape Pole Seaplane Base,seaplane_base,US,Cape Pole,55.9663009644, -133.79699707
KBW,Chignik Bay Seaplane Base,seaplane_base,US,Chignik,56.295600891099994, -158.401000977
KBC,Birch Creek Airport,small_airport,US,Birch Creek,66.2740020752, -145.824005127
CZC,Copper Center 2 Airport,small_airport,US,Copper Center,61.943713, -145.299398
HPR,Pretoria Central Heliport,heliport,ZA,Pretoria,-25.65570068359375, 28.220600128173828
ULX,Ulusaba Airport,small_airport,ZA,Ulusaba,-24.7854003906, 31.3549003601
TDT,Tanda Tula Airport,small_airport,ZA,Welverdiend,-24.533599853499997, 31.2999992371
HZV,Hazyview Airport,small_airport,ZA,Hazyview,-25.050100326538086, 31.131900787353516
KHO,Khoka Moya Airport,small_airport,ZA,Khoka Moya,-24.593000411987305, 31.41510009765625
MBM,Mkambati Airport,small_airport,ZA,Mkambati,-31.2849, 29.9884
INY,Inyati Airport,small_airport,ZA,Inyati,-24.777700424194336, 31.385499954223633
TSD,Tshipise Airport,small_airport,ZA,Tshipise,-22.619300842285156, 30.175600051879883
SSX,Singita Safari Lodge Airport,small_airport,ZA,Singita Safari Lodge,-24.801985, 31.42194
KIG,Koingnaas Airport,small_airport,ZA,Koingnaas,-30.187136, 17.282706
PEK,Beijing Capital International Airport,large_airport,CN,Beijing,40.080101013183594, 116.58499908447266
PKX,Beijing Daxing International Airport,large_airport,CN,Beijing,39.509945, 116.41092
CDE,Chengde Puning Airport,medium_airport,CN,Chengde,41.1225, 118.073889
CIF,Chifeng Yulong Airport,medium_airport,CN,Chifeng,42.157708, 118.839455
CIH,Changzhi Wangcun Airport,small_airport,CN,Changzhi,36.247501, 113.125999
BPE,Qinhuangdao Beidaihe Airport,medium_airport,CN,Qinhuangdao,39.666389, 119.058889
DSN,Ordos Ejin Horo Airport,medium_airport,CN,Ordos,39.493389, 109.860172
DAT,Datong Yungang Airport,small_airport,CN,Datong,40.061614, 113.480032
ERL,Erenhot Saiwusu International Airport,medium_airport,CN,Erenhot,43.4225, 112.096667
YIE,Arxan Yi'ershi Airport,medium_airport,CN,Arxan,47.3106, 119.9117
HDG,Handan Airport,medium_airport,CN,Handan,36.525833, 114.425556
HET,Hohhot Baita International Airport,large_airport,CN,Hohhot,40.849658, 111.824598
HUO,Holingol Huolinhe Airport,medium_airport,CN,Holingol,45.487222, 119.407222
HLD,Hulunbuir Hailar Airport,medium_airport,CN,Hailar,49.205002, 119.824997
LFQ,Linfen Yaodu Airport,medium_airport,CN,Linfen (Yaodu),36.132629, 111.641236
LLV,Lüliang Dawu Airport,medium_airport,CN,Lüliang,37.683333, 111.142778
NZH,Manzhouli Xijiao Airport,medium_airport,CN,,49.566667, 117.33
BAV,Baotou Donghe Airport,medium_airport,CN,Baotou,40.560001, 109.997002
SJW,Shijiazhuang Zhengding International Airport,medium_airport,CN,Shijiazhuang,38.280701, 114.696999
TSN,Tianjin Binhai International Airport,large_airport,CN,Tianjin,39.124401092499994, 117.346000671
TGO,Tongliao Airport,medium_airport,CN,Tongliao,43.556702, 122.199997
UCB,Ulanqab Jining Airport,medium_airport,CN,Ulanqab,41.130266, 113.107274
WUA,Wuhai Airport,small_airport,CN,Wuhai,39.7934, 106.7993
HLH,Ulanhot Yilelite Airport,small_airport,CN,Ulanhot,46.195333, 122.008333
XIL,Xilinhot Airport,medium_airport,CN,Xilinhot,43.91559982299805, 115.96399688720703
XNT,Xingtai Dalian Airport,small_airport,CN,Xingtai,36.8831, 114.4293
WUT,Xinzhou Wutaishan Airport,small_airport,CN,Xinzhou,38.597456, 112.969173
YCU,Yuncheng Zhangxiao Airport,small_airport,CN,Yuncheng (Yanhu),35.116391, 111.031389
TYN,Taiyuan Wusu Airport,large_airport,CN,Taiyuan,37.746899, 112.627998
RLK,Bayannur Tianjitai Airport,medium_airport,CN,Bavannur,40.926, 107.7428
NZL,Zhalantun Genghis Khan Airport,medium_airport,CN,Zhalantun,47.865942, 122.768662
ZDM,Ramallah Heliport,heliport,PS,Ramallah,31.91123, 35.20756
ZDY,Delma Airport,small_airport,AE,Delma Island,24.51, 52.3352
ZEN,Zenag Airport,small_airport,PG,Zenag,-6.9522222222200005, 146.61625
BHY,Beihai Fucheng Airport,small_airport,CN,Beihai (Yinhai),21.5394, 109.293999
CGD,Changde Taohuayuan Airport,medium_airport,CN,Changde (Dingcheng),28.9189, 111.639999
HJJ,Huaihua Zhijiang Airport,medium_airport,CN,Huaihua,27.443087, 109.704666
HCZ,Chenzhou Beihu Airport,medium_airport,CN,Chenzhou,25.753419, 112.845404
DYG,Zhangjiajie Hehua International Airport,small_airport,CN,Zhangjiajie (Yongding),29.1028, 110.443001
CAN,Guangzhou Baiyun International Airport,large_airport,CN,Guangzhou (Huadu),23.392401, 113.299004
CSX,Changsha Huanghua International Airport,large_airport,CN,Changsha (Changsha),28.189199, 113.220001
HCJ,Hechi Jinchengjiang Airport,medium_airport,CN,Hechi (Jinchengjiang),24.804344, 107.710819
SHF,Shihezi Huayuan Airport,small_airport,CN,Shihezi,44.2421, 85.8905
HNY,Hengyang Nanyue Airport,small_airport,CN,Hengyang,26.72208, 112.617958
KWL,Guilin Liangjiang International Airport,large_airport,CN,Guilin (Lingui),25.219828, 110.039553
LLF,Yongzhou Lingling Airport,medium_airport,CN,Yongzhou,26.338661, 111.610043
MXZ,Meizhou Meixian Changgangji International Airport,small_airport,CN,Meizhou (Meixian),24.263425, 116.097857
NNG,Nanning Wuxu Airport,large_airport,CN,Nanning (Jiangnan),22.608299, 108.171997
SWA,Jieyang Chaoshan International Airport,medium_airport,CN,Jieyang (Rongcheng),23.552, 116.5033
ZUH,Zhuhai Jinwan Airport,medium_airport,CN,Zhuhai (Jinwan),22.006399, 113.375999
WGN,Shaoyang Wugang Airport,medium_airport,CN,Shaoyang (Wugang),26.806123, 110.641042
SZX,Shenzhen Bao'an International Airport,large_airport,CN,Shenzhen (Bao'an),22.639299, 113.810997
XIN,Xingning Air Base,small_airport,CN,Meizhou (Xingning),24.1492, 115.758003
YLX,Yulin Fumian Airport,medium_airport,CN,Yùlín,22.438056, 110.120833
LZH,Liuzhou Bailian Airport / Bailian Air Base,medium_airport,CN,Liuzhou (Liujiang),24.2075, 109.390999
AYN,Anyang Airport,small_airport,CN,Anyang,36.1339, 114.344002
CGO,Zhengzhou Xinzheng International Airport,large_airport,CN,Zhengzhou,34.526497, 113.849165
ENH,Enshi Xujiaping Airport,medium_airport,CN,Enshi (Enshi),30.320299, 109.485001
LHK,Guangzhou MR Air Base / Guanghua Airport,medium_airport,CN,Xiangyang (Laohekou),32.38866, 111.69425
WUH,Wuhan Tianhe International Airport,large_airport,CN,Wuhan (Huangpi),30.774798, 114.213723
SHS,Jingzhou Shashi Airport,medium_airport,CN,Jingzhou (Shashi),30.29281, 112.44854
LYA,Luoyang Beijiao Airport,medium_airport,CN,Luoyang (Laocheng),34.7411, 112.388
NNY,Nanyang Jiangying Airport,small_airport,CN,Nanyang (Wancheng),32.982696, 112.617467
HPG,Shennongjia Hongping Airport,medium_airport,CN,Shennongjia (Hongping),31.626, 110.34
WDS,Shiyan Wudangshan Airport,medium_airport,CN,Shiyan (Maojian),32.592889, 110.906296
XFN,Xiangyang Liuji Airport,medium_airport,CN,Xiangyang (Xiangzhou),32.152222, 112.291666
YIH,Yichang Sanxia Airport,medium_airport,CN,Yichang (Xiaoting),30.554132, 111.482563
ZHH,Herschel Island Field,medium_airport,CA,Herschel Island (Yukon Territory),69.548229, -139.091608
ZIZ,Zamzama Heliport,heliport,PK,Zamzama Gas Field,26.710944444400003, 67.66725
HAK,Haikou Meilan International Airport,large_airport,CN,Haikou (Meilan),19.9349, 110.459
BAR,Qionghai Bo'ao Airport,medium_airport,CN,Qionghai (Basuo),19.140951, 110.452766
SYX,Sanya Phoenix International Airport,large_airport,CN,Sanya (Tianya),18.3029, 109.412003
XYI,Yongxing Dao (Woody Island) Airport,small_airport,CN,Sansha (Yongxing Dao / Woody Island),16.8328, 112.344002
FNJ,Pyongyang Sunan International Airport,medium_airport,KP,Pyongyang,39.224098, 125.669998
DSO,Sondok Airport,medium_airport,KP,Sŏndŏng-ni,39.745201, 127.473999
WOS,Wonsan Kalma International Airport,medium_airport,KP,Wonsan,39.166801, 127.486
AKA,Ankang Fuqiang Airport,small_airport,CN,Ankang (Hanbin),32.75696, 108.87338
DNH,Dunhuang Mogao International Airport,medium_airport,CN,Dunhuang,40.161098, 94.809196
HXD,Delingha Airport,small_airport,CN,Delingha,37.125286, 97.268658
GOQ,Golmud Airport,medium_airport,CN,Golmud,36.4006, 94.786102
GYU,Guyuan Liupanshan Airport,medium_airport,CN,Guyuan (Yuanzhou),36.078889, 106.216944
HTT,Huatugou Airport,medium_airport,CN,Mengnai,38.201645, 90.837843
HZG,Hanzhong Chenggu Airport,small_airport,CN,Hanzhong (Chenggu),33.133527, 107.203817
INC,Yinchuan Hedong International Airport,medium_airport,CN,Yinchuan,38.322758, 106.393214
JNG,Jining Qufu Airport,medium_airport,CN,Jining,35.292778, 116.346667
JGN,Jiayuguan Airport,small_airport,CN,Jiayuguan,39.856899, 98.3414
LHW,Lanzhou Zhongchuan International Airport,large_airport,CN,Lanzhou (Yongdeng),36.515202, 103.620003
LNL,Longnan Chengzhou Airport,medium_airport,CN,Longnan (Cheng),33.789918, 105.790014
IQN,Qingyang Xifeng Airport,medium_airport,CN,Qingyang (Xifeng),35.802638, 107.598896
SIA,Xi'an Xiguan Airport,medium_airport,CN,Xi'an (Baqiao),34.376701, 109.120003
GXH,Gannan Xiahe Airport,medium_airport,CN,Gannan (Xiahe),34.819014, 102.622261
XNN,Xining Caojiabao International Airport,medium_airport,CN,Haidong (Huzhu Tu Autonomous County),36.528295, 102.040157
XIY,Xi'an Xianyang International Airport,large_airport,CN,Xianyang (Weicheng),34.447102, 108.751999
UYN,Yulin Yuyang Airport,small_airport,CN,Yulin,38.35971, 109.590927
ZHY,Zhongwei Shapotou Airport,medium_airport,CN,Zhongwei (Shapotou),37.573125, 105.154454
UMB,Kalumbila Airport,medium_airport,ZM,Kalumbila,-12.25358, 25.44432
AVK,Arvaikheer Airport,medium_airport,MN,Arvaikheer,46.250301361083984, 102.802001953125
LTI,Altai Airport,medium_airport,MN,Altai,46.376399993896484, 96.22109985351562
BYN,Bayankhongor Airport,medium_airport,MN,Bayankhongor,46.163299560546875, 100.7040023803711
UGA,Bulgan Airport,medium_airport,MN,Bulgan,48.85499954223633, 103.47599792480469
UGT,Bulagtai Resort Airport,small_airport,MN,"Khankhongor, Ömnögovi",43.749304, 104.114985
HBU,Bulgan Sum Airport,small_airport,MN,Bulgan,46.100601, 91.584198
UUN,Baruun Urt Airport,medium_airport,MN,,46.660301208496094, 113.28500366210938
COQ,Choibalsan Airport,medium_airport,MN,,48.13570022583008, 114.64600372314453
UBN,Ulaanbaatar Chinggis Khaan International Airport,large_airport,MN,Ulaanbaatar (Sergelen),47.646916, 106.819833
ZMD,Sena Madureira Airport,small_airport,BR,Sena Madureira,-9.116, -68.6108
ULZ,Donoi Airport,small_airport,MN,Uliastai,47.7093, 96.5258
DLZ,Dalanzadgad Airport,medium_airport,MN,"Dalanzadgad, Ömnögovi",43.608628, 104.367734
KHR,Kharkhorin Airport,small_airport,MN,,47.246667, 102.826111
HJT,Khujirt Airport,small_airport,MN,Khujirt,46.9258003235, 102.773002625
HVD,Khovd Airport,medium_airport,MN,Khovd,47.9541015625, 91.6281967163086
MXV,Mörön Airport,medium_airport,MN,Mörön,49.663299560546875, 100.0989990234375
TSZ,Tsetserleg Airport,small_airport,MN,Tsetserleg,47.461476, 101.483804
TNZ,Tosontsengel Airport,small_airport,MN,Tosontsengel,48.73887, 98.2941
ULN,Buyant-Ukhaa International Airport,medium_airport,MN,Ulaanbaatar,47.843102, 106.766998
ULO,Ulaangom Airport,small_airport,MN,Ulaangom,50.066588, 91.938273
ULG,Ölgii Mongolei Airport,small_airport,MN,Ölgii,48.993301, 89.922501
ZNC,Nyac Airport,small_airport,US,Nyac,60.9807014465, -159.994003296
ZNU,Namu Water Aerodrome,seaplane_base,CA,Namu,51.862825, -127.869357
CWJ,Cangyuan Washan Airport,medium_airport,CN,Lincang (Cangyuan),23.276331, 99.373169
DLU,Dali Fengyi Airport,medium_airport,CN,Dali (Xiaguan),25.649401, 100.319
DIG,Diqing Shangri-La Airport,medium_airport,CN,Diqing (Shangri-La),27.7936, 99.6772
JHG,Xishuangbanna Gasa International Airport,medium_airport,CN,Jinghong (Gasa),21.974648, 100.762224
JMJ,Lancang Jingmai Airport,medium_airport,CN,Pu'er (Lancang),22.417733, 99.784012
LJG,Lijiang Sanyi International Airport,medium_airport,CN,Lijiang (Gucheng),26.68, 100.246002
LUM,Dehong Mangshi Airport,medium_airport,CN,Dehong (Mangshi),24.4011, 98.5317
KMG,Kunming Changshui International Airport,large_airport,CN,Kunming,25.110313, 102.936743
SYM,Pu'er Simao Airport,small_airport,CN,Pu'er,22.793301, 100.959
WNH,Wenshan Puzhehei Airport,small_airport,CN,Wenshan,23.5583, 104.3255
ZAT,Zhaotong Airport,small_airport,CN,Zhaotong (Zhaoyang),27.327549, 103.75617
ZRI,Stevanus Rumbewas Airport,medium_airport,ID,Serui,-1.82842, 136.062402
XMN,Xiamen Gaoqi International Airport,large_airport,CN,Xiamen,24.54400062561035, 118.12799835205078
AQG,Anqing Tianzhushan Airport / Anqing North Air Base,medium_airport,CN,Anqing,30.582199, 117.050003
BFU,Bengbu Airport,medium_airport,CN,Bengbu,32.8477333333, 117.320244444
CZX,Changzhou Benniu International Airport,medium_airport,CN,Changzhou,31.919701, 119.778999
KHN,Nanchang Changbei International Airport,large_airport,CN,Nanchang,28.864815, 115.90271
FUG,Fuyang Xiguan Airport,medium_airport,CN,"Yingzhou, Fuyang",32.882157, 115.734364
FOC,Fuzhou Changle International Airport,large_airport,CN,Fuzhou,25.934669, 119.66318
KOW,Ganzhou Huangjin Airport,small_airport,CN,Ganzhou,25.853333, 114.778889
HGH,Hangzhou Xiaoshan International Airport,large_airport,CN,Hangzhou,30.23609, 120.428865
HZA,Heze Mudan Airport,medium_airport,CN,Heze,35.212972, 115.736748
JDZ,Jingdezhen Luojia Airport,medium_airport,CN,Jingdezhen,29.3386, 117.176003
JIU,Jiujiang Lushan Airport,small_airport,CN,Jiujiang,29.476944, 115.801111
TNA,Jinan Yaoqiang International Airport,large_airport,CN,Jinan,36.857201, 117.216003
JUZ,Quzhou Airport,medium_airport,CN,Quzhou,28.965799, 118.899002
LCX,Longyan Guanzhishan Airport,medium_airport,CN,Longyan,25.6746997833, 116.747001648
HYN,Taizhou Luqiao Airport,medium_airport,CN,Huangyan,28.562201, 121.429001
LYI,Linyi Qiyang Airport,small_airport,CN,Linyi,35.052918, 118.411828
NGB,Ningbo Lishe International Airport,large_airport,CN,Ningbo,29.82670021057129, 121.46199798583984
NKG,Nanjing Lukou International Airport,large_airport,CN,Nanjing,31.735032, 118.865949
HFE,Hefei Xinqiao International Airport,medium_airport,CN,Hefei,31.98779, 116.9769
PVG,Shanghai Pudong International Airport,large_airport,CN,Shanghai (Pudong),31.1434, 121.805
JJN,Quanzhou Jinjiang International Airport,medium_airport,CN,Quanzhou,24.7964, 118.589996
RUG,Rugao Air Base,medium_airport,CN,Rugao,32.25788497924805, 120.50165557861328
RIZ,Rizhao Shanzihe Airport,medium_airport,CN,Rizhao,35.405033, 119.324403
SHA,Shanghai Hongqiao International Airport,large_airport,CN,Shanghai (Minhang),31.198104, 121.33426
SZV,Suzhou Guangfu Airport,medium_airport,CN,Suzhou,31.2631, 120.401001
TXN,Tunxi International Airport,medium_airport,CN,Huangshan,29.733299255371094, 118.25599670410156
WHA,Wuhu Xuanzhou Airport,medium_airport,CN,Wuhu,31.1045, 118.66687
WEF,Weifang Nanyuan Airport,medium_airport,CN,Weifang,36.646702, 119.119003
WEH,Weihai Dashuibo Airport,medium_airport,CN,Weihai,37.187099, 122.228996
WHU,Wuhu Wanli Airport / Wuhu Air Base,small_airport,CN,Wuhu,31.3906, 118.408997
WUX,Sunan Shuofang International Airport,medium_airport,CN,Wuxi,31.494400024399997, 120.429000854
WUS,Nanping Wuyishan Airport,medium_airport,CN,Wuyishan,27.7019, 118.000999
WNZ,Wenzhou Longwan International Airport,large_airport,CN,Wenzhou,27.912201, 120.851997
XUZ,Xuzhou Guanyin International Airport,medium_airport,CN,Xuzhou,34.059056, 117.555278
YTY,Yangzhou Taizhou Airport,medium_airport,CN,Yangzhou,32.5634, 119.7198
YIC,Yichun Mingyueshan Airport,medium_airport,CN,Yichun,27.8025, 114.3062
YNZ,Yancheng Nanyang International Airport,medium_airport,CN,Yancheng,33.425833, 120.203056
YIW,Yiwu Airport,medium_airport,CN,Yiwu,29.3446998596, 120.031997681
HSN,Zhoushan Putuoshan Airport,small_airport,CN,Zhoushan,29.9342, 122.362
NGQ,Ngari Gunsa Airport,medium_airport,CN,Shiquanhe,32.1, 80.053056
AVA,Anshun Huangguoshu Airport,medium_airport,CN,Anshun (Xixiu),26.260556, 105.873333
BPX,Qamdo Bangda Airport,medium_airport,CN,Bangda,30.553600311279297, 97.1082992553711
BFJ,Bijie Feixiong Airport,medium_airport,CN,Bijie,27.267066, 105.472097
CKG,Chongqing Jiangbei International Airport,large_airport,CN,Chongqing,29.712254, 106.651895
DCY,Daocheng Yading Airport,medium_airport,CN,Garzê (Daocheng),29.31632, 100.060317
DAX,Dachuan Airport,small_airport,CN,Dazhou (Daxian),31.1302, 107.4295
GHN,Guanghan Airport,small_airport,CN,Deyang (Guanghan),30.9485, 104.3296
GYS,Guangyuan Panlong Airport,medium_airport,CN,Guangyuan (Lizhou),32.390254, 105.694571
KWE,Guiyang Longdongbao International Airport,large_airport,CN,Guiyang (Nanming),26.541466, 106.803331
GZG,Garze Gesar Airport,small_airport,CN,Garzê (Garzê),31.7575, 99.554167
JZH,Jiuzhai Huanglong Airport,medium_airport,CN,Ngawa (Songpan),32.853333, 103.682222
KGT,Kangding Airport,medium_airport,CN,Garzê (Kangding),30.142464, 101.73872
KJH,Kaili Huangping Airport,medium_airport,CN,Kaili  (Huangping),26.972, 107.988
LLB,Libo Airport,small_airport,CN,Qiannan (Libo),25.4525, 107.961667
LIA,Liangping Airport,small_airport,CN,Liangping,30.679399, 107.786003
LXA,Lhasa Gonggar Airport,medium_airport,CN,Shannan (Gonggar),29.298001, 90.911951
LZO,Luzhou Yunlong Airport,medium_airport,CN,Luzhou (Yunlong),29.030357, 105.468407
UNR,Öndörkhaan Airport,small_airport,MN,Öndörkhaan,47.30486, 110.6092
WMT,Zunyi Maotai Airport,medium_airport,CN,Zunyi,27.81638, 106.33268
MIG,Mianyang Nanjiao Airport,medium_airport,CN,Mianyang (Fucheng),31.428101, 104.740997
NAO,Nanchong Gaoping Airport,small_airport,CN,Nanchong (Gaoping),30.798104, 106.16415
HZH,Liping Airport,medium_airport,CN,Liping,26.32217, 109.1499
LZY,Nyingchi Mainling Airport,medium_airport,CN,Nyingchi (Mainling),29.303301, 94.335297
LPF,Liupanshui Yuezhao Airport,medium_airport,CN,Liupanshui (Zhongshan),26.609417, 104.979
LGZ,Shannan Longzi Airport,small_airport,CN,Shannan,28.4225, 92.344444
TCZ,Tengchong Tuofeng Airport,medium_airport,CN,Baoshan (Tengchong),24.938056, 98.485833
TFU,Chengdu Tianfu International Airport,large_airport,CN,Chengdu (Jianyang),30.31252, 104.441284
TEN,Tongren Fenghuang Airport,medium_airport,CN,Tongren (Daxing),27.883333, 109.308889
CTU,Chengdu Shuangliu International Airport,large_airport,CN,Chengdu (Shuangliu),30.558257, 103.945966
CQW,Chongqing Xiannüshan Airport,medium_airport,CN,Wulong,29.465658, 107.693664
WSK,Chongqing Wushan Airport,small_airport,CN,Wushan,31.06896, 109.708958
WXN,Wanzhou Wuqiao Airport,small_airport,CN,Wanzhou,30.8017, 108.433
XIC,Xichang Qingshan Airport,medium_airport,CN,Liangshan (Xichang),27.9891, 102.183998
ACX,Xingyi Wanfenglin Airport,medium_airport,CN,Xingyi,25.083423, 104.960804
ZYI,Zunyi Xinzhou Airport,medium_airport,CN,Zunyi,27.5895, 107.0007
AKU,Aksu Hongqipo Airport,medium_airport,CN,Aksu (Onsu),41.262501, 80.291702
ACF,Aral Tarim Airport,small_airport,CN,Aral,40.464167, 81.246944
BPL,Bole Alashankou Airport,medium_airport,CN,Bole,44.895461, 82.30007
IQM,Qiemo Yudu Airport,medium_airport,CN,Qiemo,38.234516, 85.465462
FYN,Fuyun Koktokay Airport,medium_airport,CN,Fuyun,46.804169, 89.512006
HMI,Hami Airport,medium_airport,CN,Hami,42.8414, 93.669197
KCA,Kuqa Qiuci Airport,small_airport,CN,Kuqa,41.677856, 82.872917
KRL,Korla Licheng Airport,medium_airport,CN,Korla,41.6978, 86.128899
KRY,Karamay Airport,small_airport,CN,Karamay,45.46655, 84.9527
KJI,Burqin Kanas Airport,medium_airport,CN,Burqin,48.2223, 86.9959
NLT,Xinyuan Nalati Airport,medium_airport,CN,Xinyuan,43.4318, 83.3786
RQA,Ruoqiang Loulan Airport,medium_airport,CN,Ruoqiang Town,38.974722, 88.008333
QSZ,Shache Airport,medium_airport,CN,Shache,38.24542, 77.056149
KHG,Kashgar Airport,medium_airport,CN,Kashgar,39.5429000854, 76.0199966431
SXJ,Shanshan Airport,medium_airport,CN,Shanshan,42.91170120239258, 90.24749755859375
TCG,Tacheng Airport,small_airport,CN,Tacheng,46.672501, 83.340797
TLQ,Turpan Jiaohe Airport,medium_airport,CN,Turpan,43.0308, 89.0987
HTN,Hotan Airport,medium_airport,CN,Hotan,37.03850173950195, 79.86489868164062
URC,Ürümqi Diwopu International Airport,large_airport,CN,Ürümqi,43.907100677490234, 87.47419738769531
YIN,Yining Airport,small_airport,CN,Ili (Yining / Ghulja),43.955799, 81.330299
YTW,Yutian Wanfang Airport,small_airport,CN,Hotan (Yutian),36.8085, 81.7827
AOG,Anshan Teng'ao Airport / Anshan Air Base,medium_airport,CN,Anshan,41.105301, 122.853996
CGQ,Changchun Longjia International Airport,large_airport,CN,Changchun,43.996201, 125.684998
CNI,Changhai Airport,medium_airport,CN,"Changhai, Dalian",39.266667, 122.666944
CHG,Chaoyang Airport,medium_airport,CN,"Shuangta, Chaoyang",41.538101, 120.434998
DTU,Wudalianchi Dedu Airport,medium_airport,CN,Heihe,48.441037, 126.128374
FYJ,Fuyuan Dongji Aiport,medium_airport,CN,Fuyuan,48.197219, 134.36298
HRB,Harbin Taiping International Airport,large_airport,CN,Harbin,45.623402, 126.25
HEK,Heihe Aihui Airport,medium_airport,CN,Heihe,50.171621, 127.308884
JIL,Jilin Ertaizi Airport,small_airport,CN,Jilin,44.002652, 126.395244
JMU,Jiamusi Dongjiao Airport,medium_airport,CN,Jiamusi,46.843399, 130.464996
JSJ,Jiansanjiang Shidi Airport,medium_airport,CN,Jiansanjiang,47.108248, 132.65792
JXA,Jixi Xingkaihu Airport,medium_airport,CN,Jixi,45.293, 131.193
LDS,Yichun Lindu Airport,medium_airport,CN,Yichun,47.752056, 129.019125
YUS,Yushu Batang Airport,medium_airport,CN,Yushu (Batang),32.836389, 97.036389
MDG,Mudanjiang Hailang International Airport,medium_airport,CN,Mudanjiang,44.5241012573, 129.569000244
OHE,Mohe Gulian Airport,medium_airport,CN,Mohe,52.916871, 122.422759
NDG,Qiqihar Sanjiazi Airport,medium_airport,CN,Qiqihar,47.239601135253906, 123.91799926757812
YSQ,Songyuan Chaganhu Airport,medium_airport,CN,Qian Gorlos Mongol Autonomous County,44.938114, 124.550178
DLC,Dalian Zhoushuizi International Airport,large_airport,CN,"Ganjingzi, Dalian",38.965698, 121.539001
TNH,Tonghua Sanyuanpu Airport,medium_airport,CN,Tonghua,42.2538888889, 125.703333333
SHE,Shenyang Taoxian International Airport,large_airport,CN,"Hunnan, Shenyang",41.639801, 123.483002
YNJ,Yanji Chaoyangchuan Airport,medium_airport,CN,Yanji,42.8828010559, 129.451004028
YKH,Yingkou Lanqi Airport,medium_airport,CN,"Laobian, Yingkou",40.542524, 122.3586
