Extension,Popularity
.a,Medium
.a00,Low
.a01,Low
.a1wish,Low
.a26,Low
.a2d,Low
.a2s,Low
.a3c,Low
.a3x,High
.a4r,Low
.a4w,Low
.a52,Very High
.a64,Low
.a64rpt,Low
.a78,Low
.a83,Low
.aa,High
.aa3,Low
.aab,Low
.aac,Very High
.aacx,Low
.aae,Low
.aaf,Low
.aam,Low
.aan,Low
.aar,Low
.aas,Low
.aaui,Medium
.aax,High
.ab,Low
.abbdoc,Low
.abbu,Low
.abc,Low
.abcdg,Low
.abcdp,Low
.abdata,Low
.abex,Low
.abicollab,Low
.abk,Low
.abkprj,Medium
.abl,Low
.abr,Very High
.abs,Low
.abw,Low
.abz,Low
.ac,Low
.ac$,Medium
.ac3,Very High
.ac4,Low
.aca,Very High
.acb,Very High
.acbl,Very High
.acbm,Low
.acc,Low
.accda,Very High
.accdb,Very High
.accdc,Very High
.accde,Very High
.accdr,Very High
.accdt,Very High
.accdu,Very High
.accdw,Very High
.accessor,Very High
.accft,Very High
.accountfile,Low
.accountpicture-ms,Very High
.acctl,Low
.acd,Low
.acd-bak,Low
.acd-zip,Low
.ace,Very High
.acf,Very High
.acg,High
.ach,Low
.acl,Very High
.aclapp,Low
.aclx,Low
.acm,Low
.aco,Very High
.acp,Very High
.acr,Very High
.acrobatsecuritysettings,Very High
.acs,Very High
.acs2,Low
.acs3,Low
.acs4,Low
.acsm,Medium
.acsrf,Low
.act,Very High
.action,Low
.actions4,Medium
.activitydiagram,Medium
.actm,Medium
.actproj,Low
.acusa,Low
.acv,Very High
.acw,Very High
.ac_,Low
.ad,Medium
.ada,Low
.adb,Low
.adc,Low
.adcf,Low
.adcp,Very High
.add,Low
.addin,Very High
.ade,Very High
.ade_aq,Low
.adf,Low
.adg,Low
.adh,Low
.adi,Low
.adm,Low
.adminarchive,Low
.adml,Low
.adn,Very High
.ado,Very High
.adobebridge,Very High
.adoc,Low
.adp,Very High
.adpcm,Low
.adpp,Very High
.adpr,Low
.adp_aq,Low
.adq,Low
.ads,Low
.adsk,Low
.adt,Very High
.adts,Very High
.adv,Low
.advixeexp,Low
.advixeproj,Low
.advs,Very High
.adx,Low
.adz,Low
.ad_,Low
.aea,Low
.aec,Low
.aecap,Low
.aedtheme,Low
.aegraphic,Low
.aeh,Low
.aep,High
.aepx,High
.aerize-explorer,Low
.aes,Low
.aet,High
.aetx,Low
.aev,Low
.aex,Very High
.aexpk,Low
.afc,Low
.aff,Low
.afi,Low
.afl,Low
.afm,Low
.afphoto,Low
.afs,Low
.afx,Low
.afzplug,Low
.agathachristiedeathnilesavedgame,Low
.agathachristieperilatendhousesavedgame,Low
.agb,Low
.agdb,Low
.age3xsav,Low
.age3ysav,Low
.agf,Low
.agl,Low
.aglib,Low
.agmodule,Low
.agp,Low
.agsc,Low
.agtoolkit,Low
.agx,Low
.ahc,Low
.ahk,Very High
.ahs,Very High
.ahtml,Low
.ahu,Very High
.ahx,Low
.ai,Very High
.aia,Very High
.aif,Very High
".aif,",Low
.aifc,Very High
.aiff,Very High
.aim,Low
.aimppack,Low
.aimppl,Low
.aimppl4,Low
.aip,Very High
.air,Very High
.ais,Low
.ait,Very High
.aix,Low
.akf,Low
.aks,Low
.alac,Very High
.alb,Low
.albw,Low
.alc,Low
.alf,Low
.alg,Low
.algo,Low
.alias,Low
.alic,Low
.all,Low
.alm,Low
.alp,Low
.alpha,Medium
.als,High
.altova_licenses,Low
.alv,Very High
.aly,Low
.alz,Low
.am,Low
.am5,Low
.amb,Low
.amc,Very High
.amd,Low
.ame,Low
.ameproj,Low
.ameprojcc,Medium
.ameprojcs5,Low
.ameprojcs5.5,Low
.ameprojcs6,Low
.amf,Very High
.amf0,Low
.amf3,Low
.ami,Low
.amiglobe,Low
.amio,Low
.amj,Low
.amk,Low
.amkey,Low
.aml,Low
.amm,Low
.amp,Very High
.amplxe,Low
.amplxeproj,Low
.amr,Very High
.ams,Very High
.amsproj,Low
.amt,Low
.amts,Low
.amv,Very High
.amxd,Low
.amz,Low
.an,Low
.analogproject,Low
.ancientsealsavedgame,Low
.androidproj,Medium
.ani,Very High
.anim,Low
.animations,Low
.anki,Low
.ankiaddon,Low
.anm,Low
.ann,Low
.annot,Low
.annots,Low
.ans,Low
.ant,Low
.antmpl,Low
.anx,Low
.anydvd,Low
.anydvdhd,Low
.anydvd_smsk,Low
.an_,Low
.aob,Very High
.aoi,Low
.aom,Medium
.ap,Low
.ap2,Low
.ap3,Low
.apa,Low
.apb,Low
.apc,Very High
.apcdoc,Low
.apd,Medium
.ape,Very High
.apf,Low
.apfx,Low
.api,Very High
.apj,Low
.apk,Very High
.apkg,Low
.apl,Very High
.aplg,Low
.aplibrary,Low
.aplmodel,Low
.apln,Very High
.aplp,Low
.apm,Low
.apmb,Low
.apmx64,Low
.apmx86,Low
.apng,Medium
.app,Medium
.appcontent-ms,Very High
.applescript,Low
.application,Very High
.appref-ms,Very High
.approj,Low
.appup,Low
.appv,Low
.appxmanifest,High
.appxupload,Low
.apr,Low
.aprj,Low
.aps,Low
.apt,Low
.apv,Low
.apw,Low
.apx,Low
.aqdb,Low
.aqt,Low
.aquacadesavedgame,Low
.ar,Low
.arc,Very High
.arcade,Low
.arch,Low
.arch00,Low
.archive,Low
.arcut,Low
.arcutx,Low
.ard,Medium
.aren,Low
.arescol,Medium
.areyousmartermakethegradesavedgame,Low
.arf,Low
.arh,Low
.aria2,Low
.arj,Very High
.ark,Low
.arlnk,Low
.arn,Very High
.arp,Low
.ars,Medium
.art,Medium
.artask,Low
.arti,Low
.artpro2,Low
.artx,Low
.arw,Very High
.arx,High
.as,Very High
.as$,Low
.as2,Low
.as4,Low
.asa,Very High
.asar,Low
.asax,Very High
.asc,Very High
.ascs,Very High
.ascx,Very High
.asd,High
.asdatabase,Low
.ase,Very High
.aseprite,Low
.ases,Low
.asf,Very High
.ash,Low
.ashbak,Medium
.ashcwz,Low
.ashdisc,High
.ashlang,Low
.ashleyjonesandtheheartofegyptsavedgame,Low
.ashprj,Medium
.ashx,Very High
.asice,Low
.asics,Low
.ask,Low
.asl,Very High
.asm,Very High
.asmtree,Low
.asmx,Very High
.asn,Low
.asnd,Low
.asp,Very High
.asphotoalbumtemplate,Low
.aspictureeffect,Low
.asproj,Low
.aspx,Very High
.asr,Low
.ass,Very High
.assecurityinformation,Low
.assistant,Low
.assoc,Low
.ast,Very High
.astropopsavedgame,Low
.asv,Very High
.asw,Low
.aswcs,Low
.asws,Low
.asx,Very High
.asx_aq,Low
.asy,Low
.as_,Low
.atc,Very High
.atc_list,Low
.atd,Low
.atf,Very High
.ath,Low
.atl,Low
.atlantisadventuresavedgame,Low
.atlantisquestsavedgame,Low
.atlg,Low
.atn,Very High
.atom,Low
.atomsvc,Low
.atp5,Low
.atpinf,Low
.atr,Low
.ats,Low
.atv,Low
.atx,Low
.atx5,Low
.atz,Low
.atz5,Low
.au,Very High
.au3,High
.aud,Low
.audiodecoder,Low
.aup,Very High
.aup3,Low
.aur,Low
.aurx,Low
.aus,Low
.automaticdestinations-ms,Low
.aux,Low
.auz,Low
.ava,Very High
.avastconfig,Very High
.avastlic,Very High
.avastsounds,Very High
.avasttheme,Very High
.avastvpn,High
.avatar,Low
.avc,Low
.avchd,Low
.ave,Low
.avgconfig,Low
.avgdi,Low
.avgdx,Low
.avgfv,Low
.avglic,Low
.avgsounds,Low
.avgtheme,Low
.avgvpn,Low
.avi,Very High
.avi-2,Low
.avi-3,Low
.avif,Low
.avi_neo,Low
.avj,Low
.avl,Low
.avm,Low
.avr,Very High
.avrolayout,Low
.avroskin,Low
.avs,Very High
.avsi,Very High
.av_,Low
.aw,Very High
.awa,Low
.awb,Very High
.awd,Low
.awe,Low
.awf,Very High
.awi,Low
.awk,Low
.awlive,Low
.awm,Low
.awp,Low
.aws,High
.awses,Low
.awshortcut,Low
.awt,Low
.awzip,Low
.ax,Medium
.axa,Low
.axd,Very High
.axf,Low
.axp,Very High
.axt,Very High
.axv,Low
.axx,Low
.ax_,Low
.ay,Low
.ayc2,Low
.aye,Low
.azkendsavedgame,Low
.azl,Medium
.azm,Low
.azn,Low
.azs,Medium
.azw,Medium
.azw4,Low
.azz,Low
.azzx,Low
.b1,Low
.b3d,Very High
.b4a,Low
.b4f,Low
.b4p,Low
.b4s,Very High
.b5,Low
.b5i,High
.b5t,Very High
.b64,Very High
.b6i,Medium
.b6t,Very High
.ba$,Low
.babyluvsavedgame,Low
.backup,Low
.bad,Low
.bag,Low
.baggage,Low
.bak,High
.baka,Low
.ballhallasavedgame,Low
.ballistiksavedgame,Low
.balz,Low
.ban,Low
.band,Low
.bap,Low
.bar,Low
.bas,Very High
.basebinary,Low
.baseconfig,Low
.bash,Low
.bashrc,Low
.bash_history,Low
.bash_history-oracle,Low
.bash_history-redmine,Low
.bash_login,Low
.bash_logout,Low
.bash_profile,Low
.bat,Very High
.battle,Low
.bat_6d6f4bc5,Low
.bat_aq,Low
.bau,Very High
.bay,High
.ba_,Low
.bb0,Low
.bb1,Low
.bb2,Low
.bb3,Low
.bb4,Low
.bb5,Low
.bbc,Low
.bbg,Low
.bbh,Low
.bbj,Low
.bbrkpuzzle,Low
.bbrksave,Low
.bbs,Low
.bbsong,Low
.bc,Low
.bc!,Low
.bca,Low
.bcd,Low
.bcf,Medium
.bch,Low
.bci,Medium
.bcm,Low
.bcmr,Low
.bcmx,Low
.bcp,Very High
.bcpf,Low
.bcpkg,Medium
.bcs,Low
.bcss,Medium
.bct,Low
.bctpuri,Medium
.bcuri,Medium
.bcw,Low
.bd,High
.bdb,Medium
.bdc,Medium
.bdcm,High
.bdcr,High
.bde,Low
.bdl,Low
.bdmv,Very High
.bdoc,Low
.bdp,Low
.bdq,Low
.bdsdeploy,Low
.bdsgroup,Low
.bdsproj,Low
.bdtp,Low
.bdv,Low
.bdx,Low
.bef,Low
.bejeweled2deluxesavedgame,Medium
.bejeweled3savedgame,Low
.bejeweledsavedgame,Low
.bejeweledtwistsavedgame,Low
.bex,Low
.bexpk,Low
.bf,Low
.bfc,Very High
.bfg,Low
.bfli,Low
.bfont,Low
.bfr,Very High
.bft,Low
.bg00,Low
.bg9,Low
.bga,Low
.bgd,Low
.bgeo,Low
.bgi,Very High
.bgl,Low
.bgp,Low
.bgw,Low
.bh,Medium
.bh2pcm,Low
.bhf,Low
.bhx,Very High
.bi,Low
.bib,Medium
.bibtex,Low
.bidlist,Low
.bidqueue,Low
.bie,Low
.bif,Medium
.big,Low
.bigcityadventuressfsavedgame,Low
.bigkahunareef2savedgame,Low
.biglybt,Low
.bii,Low
.bik,Very High
.bimx,Low
.bin,Very High
.bin;*.cue,Low
.binarycookies,Low
.binder,Low
.bin_,Low
.bio,Low
.bioexcess,Low
.bip,Low
.birdfont,Low
.bitcoinpaymentrequest,Low
.bitmap,Medium
.bitpim,Low
.biz,Low
.bi_,Low
.bjar,Low
.bk,Low
.bk1,Low
.bk2,Low
.bk3,Low
.bkf,Very High
.bkg,Low
.bko,Low
.bkr,Low
.bks,Medium
.bkz,Low
.bl1,Low
.bl2,Low
.bl3,Low
.blackhawkstriker2savedgame,Low
.blake2sp,Low
.blake3,Low
.blasterball2drm3savedgame,Low
.blasterball2holidayssavedgame,Low
.blasterball2remixsavedgame,Low
.blasterball3savedgame,Low
.blb,Low
.blend,Medium
.blf,Low
.blg,Very High
.blk,High
.blkx,Low
.blogthis,Very High
.blorb,Low
.blp,Low
.bls,Low
.bluej,Low
.bluestacks,Medium
.blw,Very High
.bm,Medium
.bmc,Low
.bmd,Low
.bmdx,Low
.bmf,Low
.bmk,Low
.bml,Low
.bmml,Low
.bmo,Low
.bmp,Very High
.bmpenx,Low
.bmpr,Low
.bmpskin,Low
.bmr,Low
.bms,Medium
.bmt,Low
.bmv,Low
.bm_,Low
.bnd,Low
.bnt,Low
.bobthebuildersavedgame,Low
.boe,Low
.bof,Low
.bok,Low
.boo,Low
.book,Low
.boomvoyagesavedgame,Low
.bootskin,Low
.bootstrap,Low
.bos,Low
.bot,Low
.bouncesavedgame,Low
.bow,Low
.bowerrc,Low
.box,Low
.bp,Low
.bp3,Low
.bpa,Low
.bpdx,Very High
.bpf,Low
.bpg,Medium
.bpj,Low
.bpk,Low
.bpl,Low
.bpm,Low
.bpmc,Low
.bpoly,Low
.bpp,Low
.bpr,Medium
.bprc,Low
.bpx,Low
.br,Low
.br2,Low
.brain,Low
.brainzip,Low
.braw,Low
.bri,Low
.brickshooteregyptsavedgame,Low
.bricksofcamelotsavedgame,Low
.bricksofegyptsavedgame,Low
.brk,Low
.bro,Low
.brp,Low
.brs,Low
.brstm,Low
.brstmspm,Low
.bru,Medium
.brushcategory,Low
.brushlibrary,Low
.brushvariant,Low
.brx,Low
.bs,Low
.bs4,Low
.bsa,Low
.bsc,Very High
.bscomp,Low
.bscp,Low
.bsdesign,Low
.bsed,Low
.bsf,Medium
.bsh,Low
.bsi,Low
.bsl,Low
.bsp,Very High
.bss,Low
.bsskin,Low
.bsz,Low
.bt,Low
.btapp,Very High
.btb,Low
.btd,Low
.btf,Low
.bti,Low
.btinstall,Very High
.btkey,Very High
.btm,Low
.btmn,Low
.btoa,Low
.btod,Low
.btp,Low
.btpl,Low
.bts,Low
.btsearch,Very High
.btskey,Low
.btskin,Very High
.btwsendto,High
.bubblefishbobsavedgame,Low
.bubbleshootersavedgame,Low
.build,Low
.buildalot2savedgame,Low
.buildalot3savedgame,Low
.buildalotsavedgame,Low
.buildinggreatwallofchinacesavedgame,Low
.buj,Low
.bulk,Low
.bulk-001,Low
.bumptheme,Low
.bumpwidget,Low
.bun,Low
.bundle%2dcontents,Low
.bup,High
.bus,Low
.butterflyescapesavedgame,Low
.bvd,Low
.bvr,Low
.bvy,Low
.bw,Very High
.bwf,High
.bwi,Medium
.bwp,Low
.bwpr,Low
.bwt,Very High
.bww,Low
.bwz,Medium
.bxml,Low
.bxrc,Low
.bxt,Low
.byp,Low
.bz,Very High
.bz2,Very High
.bza,Low
.bzb,Low
.bzip,Low
.bzip2,Very High
.bzt,Low
.bzz,Low
.b_w,Low
.c,Very High
.c++,Low
.c13,Low
.c2d,Very High
.c2r,Very High
.c2u,Low
.c32,Low
.c3l,Low
.c4b,Low
.c4d,Low
.c4f,Low
.c4g,Low
.c4i,Low
.c4k,Low
.c4l,Low
.c4m,Low
.c4p,Low
.c4s,Low
.c4u,Low
.c4v,Low
.c64,Low
.ca,Low
.ca1,Low
.ca2,Low
.ca3,Low
.cab,Very High
.cache,Low
.cache-3,Low
.cachedump,Low
.caction,Low
.cae02,Low
.caf,Very High
.caff,Low
.cag,Low
.cah,Low
.cakemaniasavedgame,Low
.cakewalkstudioware,Low
.cakewalkwindowlayout,Low
.cal,High
.calib,Low
.calibz,Low
.caliperskin,Low
.cals,Medium
.calx,Low
.cam,Very High
.cam360,Low
.camelsounds,Low
.caml,Low
.camm,Low
.camp,Very High
.camproj,Medium
.camrec,Medium
.camthtr,Low
.camv,Low
.cannonblastsavedgame,Low
.cap,Very High
.caps,Low
.car,Low
.cas,Low
.cat,Very High
.cat3dexpoperation,Low
.catalog,Low
.catanalysis,Low
.catcatalog,Low
.catdrawing,Low
.catmaterial,Low
.catpart,Low
.catprocess,Low
.catproduct,Low
.catscript,Low
.catsettings,Low
.catshape,Low
.catsystem,Low
.catvbs,Low
.catwashsavedgame,Low
.ca_,Low
.cb,Low
.cb2,Low
.cb7,Medium
.cba,Low
.cbf,Low
.cbl,Low
.cbo,Low
.cbp,Medium
.cbproj,Low
.cbr,Very High
.cbt,Medium
.cbw,Low
.cbx,Low
.cbz,Very High
.cc,Very High
.cca,Low
.ccc,Low
.ccd,Very High
.ccf,High
.ccgame,Medium
.cch,Low
.cci,Low
.ccip,Medium
.ccl,Low
.ccproj,Low
.ccpuni,Low
.ccpunizs32,Low
.ccr,Low
.ccs,Low
.cct,Low
.ccu,Low
.ccx,Low
.ccz,Low
.cc~,Low
.cd,Very High
.cd5,Low
.cda,Very High
.cdadj,Low
.cdb,Low
.cdc,Very High
.cdda,Very High
.cdf,Very High
.cdg,Low
.cdi,Very High
.cdk,Low
.cdl,Low
.cdlx,Medium
.cdm,Low
.cdmp,Very High
.cdo,Low
.cdoc,Low
.cdr,Very High
.cdrom,Low
.cdrt,Low
.cds,Low
.cdt,Medium
.cdu,Low
.cdw,Low
.cdwlxml,Low
.cdx,Very High
.cdxl,Low
.cdxml,Very High
.cedf,Low
.cedprj,Medium
.cekey,Low
.cel,Very High
.cell,Low
.cells,Low
.celtx,Low
.celx,Low
.cem,Low
.ceph,Low
.cept,Low
.cer,Very High
.cert,Low
.cesf,Low
.cetrace,Low
.cetrainer,Medium
.cex,Low
.cezeokey,Low
.cf,Low
.cf1,Low
.cf2,Low
.cf3,Low
.cf7,Low
.cfa,Low
.cfc,High
.cfexe,Low
.cff,Medium
.cfg,Very High
.cfm,Very High
.cfml,Low
.cfn,Low
.cfo,Low
.cfos6link,Low
.cfospnet,Low
.cfosspeed,Low
.cfp,Low
.cfs,Low
.cft,Low
.cfx,Low
.cfxxe,Low
.cg,Medium
.cgb,Low
.cgf,Low
.cgi,Low
.cgl,Low
.cgm,High
.cgrp,Low
.ch,Low
.ch4,Low
.ch6,Low
.ch8,Low
.cha,Very High
.challenge_plain,Low
.chameleongemssavedgame,Low
.changedb,Low
.chapters,Low
.chat,Low
.chd,Low
.che,Low
.check,Low
.chesstitanssave-ms,Very High
.chf,Low
.chk,Very High
.chl,Low
.chls,Low
.chlsj,Low
.chlsx,Low
.chm,Very High
.chmprj,Low
.chm_aq,Low
.chp,Low
.chproj,Low
.chpscrap,Low
.chr,Medium
.chs,Low
.cht,Low
.chuzzledeluxesavedgame,Medium
.chw,Low
.chx,High
.chy,Low
.ch_,Low
.ci,Low
.cida,Low
.cif,Very High
.cil,High
.cilx,Low
.cin,Very High
.ciso,Low
.cit,Low
.citrixonline,Low
.citrixonline312,Low
.citrixonline393,Low
.citrixonline408,Low
.citrixonline445,Low
.citrixonline491,Low
.civ4replay,Low
.civ4savedgame,Low
.civ4worldbuildersave,Low
.civ5map,Low
.civ5proj,Low
.civ5sln,Low
.civbeyondswordreplay,Low
.civbeyondswordsave,Low
.civbeyondswordwbsave,Low
.civwarlordsreplay,Low
.civwarlordssave,Low
.civwarlordswbsave,Low
.ciw,Low
.ckz,Low
.cl2,Low
.cl3,Low
.cl5,Low
.cl7,Low
.cla,Low
.clas,Low
.class,Medium
.classdiagram,Medium
.clb,Low
.cld,Low
.cli,Low
.clj,Low
.cljs,Low
.cljx,Low
.clk,Medium
.clm,Low
.clm2,Low
.clmlic,Low
.clms,Low
.clo,Low
.cloe,Low
.clojure,Low
.clonecd,Low
.clonedvd,Low
.clonedvdmobile,Low
.clp,Very High
.clr,Very High
.cls,High
.clsj,Low
.clt,Low
.clx,Very High
.cly,Low
.cm1,Low
.cm10rcmlayoutevent,Low
.cm10rcmlayoutevent.1,Low
.cm10rcmresourceloader,Low
.cm12rcmlayoutevent,Low
.cm12rcmlayoutevent.1,Low
.cm12rcmresourceloader,Low
.cm2,Low
.cm3,Low
.cmap,Low
.cmb,Low
.cmbl,Low
.cmc,Low
.cmcsend,Low
.cmd,Very High
.cmdb,Low
.cmdsh,Low
.cmd_aq,Low
.cme,Low
.cml,Low
.cmm,Low
.cmmp,Medium
.cmmtpl,Medium
.cmp,Low
.cmp7,Low
.cmpgn,Low
.cmr,Low
.cms,Low
.cmt,Low
.cmx,High
.cmz,Low
.cm_,Low
.cnf,Very High
.cnk,Low
.cns,Low
.cnt,Low
.cnv,Low
.cn_,Low
.co,Low
.cob,Low
.cod,Very High
.cof,Low
.coffee,High
.coffeerushsavedgame,Low
.coffeetycoonsavedgame,Low
.col,Very High
.collapsesavedgame,Low
.collection,Very High
.colorproject,Low
.colpkg,Low
.com,Very High
.com%252fa%253ff%253d2142030097%2526pn%253dcomcast%2526p%253dc,Low
.com%252fa%253ff%253d2142030098%2526pn%253dcomcast%2526p%253dc,Low
.com%2f%3fp%3dnews,Low
.com&adsafe=adultsonly&num_radlinks=15&dt=1299879193548&u_tz=6,Low
".com,s=98980_2,s",Low
".com,s=99301_2,s",Low
.com-googlemail#database,Low
.comfycakessave-ms,Very High
.comicdoc,Low
.comicstl,Low
.comictpl,Low
.command,Low
.commandline,Low
.comparison7,Low
.componentdiagram,Medium
.compositefont,Very High
.com_,Low
.com_0,Low
.com_aq,Low
.com_bookmarks,Low
.com}-_jailbait_pics,Low
.con,Low
.conf,Very High
.confd-journal,Low
.config,Very High
.configprofile,Low
.configsettings,Low
.consis,Low
.contact,Very High
.contacts,Low
.container,Low
.content,Low
.contentsonclipboard,Low
.controlpanel,Low
.cookiedb,Low
.cool,Low
.copyright,Low
.cord,Low
.core,Low
.corelextension,Low
.corelproject,Low
.corelshow,Low
.corelshowproject,Low
.cov,High
.coverage,Very High
.coveragexml,Very High
.co_,Low
.cp,Medium
.cpbitmap,Low
.cpc,Low
.cpdf,Low
.cpe,Medium
.cpf,Low
.cpg,Low
.cph,Low
.cpio,Very High
.cpj,Low
.cpk,Low
.cpl,Very High
.cpl_aq,Low
.cpm,Low
.cpp,Very High
.cpq4,Low
.cpq5,Low
.cpr,Low
.cprr,Low
.cps,Low
.cpsd,Low
.cpt,High
.cptl,Low
.cpx,Low
.cpy,Low
.cp_,Low
.cqe,Low
.cqf,Low
.cr,Low
.cr2,Very High
.cr3,Low
.cramfs,Low
.crash,Low
.crazychickensoccersavedgame,Low
.crc,Low
.crceph,Low
.crd,Very High
.crdownload,Low
.crds,Very High
.crec,Low
.crf,Low
.crio,Low
.crl,Very High
.crmlog,Low
.cro,Low
.cron,Low
.crp,Low
.crpano,Low
.crpd,Low
.crplugin,Low
.crs,Low
.crt,Very High
.crtx,Very High
.crt_aq,Low
.crv,Low
.crw,Very High
.crwl,Low
.crx,Very High
.cryengine,Low
.cryproject,Low
.crysisjmsf,Low
.crysispsf,Low
.crz,Low
.cs,Very High
.cs1,Medium
.cs80v2,Low
.csa,Low
.csaplan,Low
.csb,Low
.csc,Low
.cscfg,Low
.cscft,Low
.cscnp,Low
.cscont,Low
.cscpflt,Low
.cscpkt,Low
.cscpro,Low
.cscta,Low
.csctf,Low
.csd,Low
.csdef,Low
.csdproj,High
.cse,Low
.csf,Very High
.csg,Low
.csh,Very High
.cshader,Medium
.cshtml,Very High
.csi,Low
.csk,Low
.cskin,Low
.csl,High
.cslog,Low
.csm,Low
.cso,Low
.csp,Medium
.cspkg,Low
.cspl,Low
.csplan,Low
.csproj,Very High
.csr,Low
.css,Very High
.csv,Very High
.csv.gz,Low
.csvenx,Low
.csx,Low
.csz,Low
.cs_,Low
.ct,High
.ct4im,Low
.cta,Low
.ctb,Medium
.ctd,Low
.ctde,Low
.ctf,Medium
.ctg,Low
.ctk,Low
.ctl,High
.ctm,Medium
.ctoa,Low
.ctp,Medium
.cts,Low
.ctt,Very High
.ctw,Low
.ctx,Medium
.ct_,Low
.cube,Low
.cud,Low
.cue,Very High
.cui,High
.cuid,Low
.cuix,Medium
.cuj,Low
.cul,Low
.culist,Low
.cup,Low
.cur,Very High
.cursor,Low
.cursorfx,Low
.curxptheme,Low
.cus,High
.cust,Low
.cut,High
.cu_,Low
.cv,Low
.cv2,Low
.cvd,Low
.cvf,Low
.cvp,Low
.cvr,Low
.cvs,Low
.cvx,Low
.cw3,Low
.cwb,Low
.cwe,Low
.cwg,Low
.cwk,Low
.cwms,Low
.cwp,Low
.cwt,Low
.cwu,Low
.cww,Low
.cxml,Low
.cxx,Very High
.cyberducklicense,Low
.cyberduckprofile,Low
.cze,Low
.czip,Low
.d,Medium
.d$$,Low
.d00,Low
.d01,Low
.d2v,Very High
.d41,Low
.d5p,Low
.d64,Low
.d81,Low
.d88,Low
.da,Low
.da5,Low
.daa,High
.dacpac,High
.dae,High
.daf,Low
.dai,Low
.dal,Low
.dan,Low
.dao,Medium
.dap,Low
.daproj,Low
.dar,Low
.dart,Medium
.das,Low
.dat,Very High
".dat""",Low
.data,Low
.database,Low
.datasource,Very High
.dat_bak_48396,Low
.dav,High
.dax,Low
.daz,Low
.da_,Low
.db,Very High
".db""",Low
.db-journal,Low
.db2,Low
.db3,Low
.dba,Low
.dbb,Low
.dbc,Low
.dbd,Low
.dbdif,Low
.dbf,High
.dbg,Low
.dbk,Low
.dbl,Low
.dbm,Low
.dbml,Very High
.dbop,Low
.dbp,Medium
.dbpf,Low
.dbpro,Low
.dbproj,Medium
.dbq,High
.dbr,Low
.dbs,Low
.dbsdif,Low
.dbt,High
.dbunit,Low
.dbw,Low
.dbx,Very High
.dbx-backup,Low
.dbx-external-drive,Low
.dbx-passwords,Low
.dbx-vault,Low
.dbxlink,Low
.dbx_aq,Low
.db_,Low
.dc,Low
.dc1,Low
.dc2,Low
.dc3,Low
.dc42,Medium
.dca,Low
.dcc,Low
.dcd,Low
.dce,Medium
.dcext,Low
.dcf,Low
.dcl,High
.dcls,Low
.dcm,Very High
.dcm30,Low
.dcmjp2k,Low
.dcmjp2kl,Low
.dcp,Very High
.dcpr,Very High
.dcr,Very High
.dcs,Very High
.dcst,Very High
.dct,Very High
.dctmp,Low
.dctx,Very High
.dctxc,Very High
.dcu,Low
.dcupdate,Low
.dcupdatezip,Low
.dcv,Low
.dcvr,Low
.dcx,Very High
.dd,High
.dd32,Low
.dd64,Low
.ddb,Low
.ddd,Low
.ddf,Medium
.ddl,Low
.ddoc,Low
.ddp,Low
.dds,Very High
.ddt,Low
.ddwscan,Low
.de2,Low
.deadspacesave,Low
.deb,Very High
.debuglog,Low
.dec,Low
.deck,Low
.ded,Low
.deejam,Low
.deepblueseasavedgame,Low
.def,Very High
.default,Low
.definition,Low
.dek,Low
.del,High
.dem,Very High
.democracy,Low
.deploymentoptions,Low
.deploymenttargets,Low
.deployproj,Low
.deproj,Low
.der,Very High
.des,High
.design,Low
.desklink,Very High
.desksoftlicense,Low
.deskthemepack,Very High
.desktop,Low
.dess,High
.det,Very High
.deu,High
.deusex,Low
.dev,Medium
.deviceinfo,Low
.devicemetadata-ms,Low
.devpackage,Low
.devpak,Low
.dex,Low
.de_,Low
.dfd,Low
.dff,Medium
.dfl,Low
.dfm,Medium
.dfont,Low
.dfproj,Medium
.dft,Medium
.dfu,Low
.dfx,Low
.dfxp,Low
.dg-key,Low
.dg1,Low
.dgaddin,Low
.dgc,Low
.dgcr,Low
.dgf,Low
.dgi,Low
.dgimglib,Low
.dgl,Low
.dgm,Low
.dgmarker,Low
.dgml,Very High
.dgn,High
.dgp,Low
.dgprint,Low
.dgr,Low
.dgrecommend,Low
.dgscheme,Low
.dgscheme-web,Low
.dgscript,Low
.dgsl,High
.dgtoolbar,Low
.dgu,Low
.dgz,Low
.dhl,Low
.dhr,Low
.dht,Medium
.dhtml,Low
.di,Low
.dia,Low
.diag,High
.diagcab,Very High
.diagcfg,Very High
.diagpkg,Very High
.diagsession,High
.dialog,Low
.diamonddetectivesavedgame,Low
.dib,Very High
.dic,Very High
.dicom,High
.dicombz2,Low
.dicomzip,Low
.dict,Low
.dif,Very High
.diff,High
.digi,Low
.dim,Medium
.din,Low
.dinerdash2savedgame,Low
.dinerdash4savedgame,Low
.dinerdashsavedgame,Low
.dip,Low
.dipx,Low
.dir,Low
.dired,Low
.dis,Low
.disabled,Very High
.disc,Low
.disco,Very High
.discovery,Low
.disk,Low
.diskcopy42,Low
.diskdefines,Low
.disktective,Low
.dist,Low
.dita,Low
.ditamap,Low
.ditaval,Low
.div,Very High
.divx,Very High
".divx""",Low
.dix,Low
.diz,Very High
.di_,Low
.djanimations,Low
.djd,Low
.djl,Low
.djmusic,Low
.djplugin,Low
.djprojects,Low
.djrevealers,Low
.djswipes,Low
.djv,Very High
.djvu,Very High
.dkl,Low
.dks,Low
.dlc,High
.dlf,Low
.dlg,Low
.dll,Very High
.dlm,Low
.dlp,Medium
.dlt,Low
.dlu,Low
.dlx,Very High
.dl_,Low
.dm,Low
.dm2,Low
.dmb,High
.dmbk,Low
.dmc,Low
.dmd,Low
.dme,Low
.dmf,Medium
.dmg,Very High
.dmgpart,Low
.dmi,Low
.dmit,Low
.dml,Low
.dmm,Medium
.dmnd,Low
.dmo,Low
.dmp,Very High
.dmrs,Low
.dms,Low
.dmsa,Low
.dmsd,Low
.dmse,Low
.dmskm,Very High
.dmsm,Low
.dmsp,Low
.dmss,Low
.dmv,Low
.dmw,Low
.dmx,Medium
.dmx-info,Medium
.dm_1,Low
.dn,Low
.dna,Low
.dng,Very High
.dni,Low
.dnt,Low
.dntu,Low
.do,Low
.do2,Low
.dob,Medium
.doc,Very High
.doc--,Low
.docb,Low
.docbook,Low
.doce,Low
.docenx,Low
.dochtml,Very High
.dockerfile,Low
.docklet,Low
.dockpack,Low
.docktheme,Low
.dockzip,Low
.docl,Low
.docm,Very High
.docmenx,Low
.docmhtml,Very High
.docx,Very High
.docxe,Low
.docxenx,Low
.docxf,Low
.docxl,Low
.docxml,Very High
.doc_aq,Low
.doe,Low
.dok,Low
.dol,Low
.doo,Low
.dop,Medium
.dorascarnivalsavedgame,Low
.dorasworldadventuresavedgame,Low
.dot,Very High
.dotfuproj,Low
.dothtml,Very High
.dotm,Very High
.dotx,Very High
.download,High
.downloadfile,Low
.downloadhost,Low
.dox,Medium
.do_,Low
.dp,Low
.dpb,Low
.dpf,Low
.dpg,Medium
.dph,Low
.dpk,Medium
.dpkw,Low
.dpl,Medium
.dpo,Low
.dpp,Low
.dpr,Medium
.dproj,Low
.dps,High
.dpso,Low
.dpss,Low
.dpsx,Low
.dpt,Medium
.dptx,Low
.dpx,High
.dqy,Very High
.drb,Low
.drc,Very High
.drd,Low
.dream,Low
.dreamchronicles2savedgame,Low
.dreamchroniclessavedgame,Low
.drfx,Low
.drg,Low
.dri,Very High
.drl,Low
.drmmeta,Low
.droid,Low
.dropbox,Low
.drp,Medium
.drr,Low
.drs,Low
.drt,Low
.drv,Very High
.drw,Medium
.drz,Low
.dr_,Low
.ds,Medium
.ds1,Low
.ds10,Low
.ds2,High
.ds3,Low
.ds4,Low
.ds5,Low
.ds6,Low
.ds7,Low
.ds8,Low
.ds9,Low
.dsa,Very High
.dsb,Low
.dsc,Low
.dscn,Low
.dsd,Medium
.dsdb,Low
.dsdic,Low
.dse,Low
.dsf,High
.dsgl,Low
.dsh,Medium
.dshader,Medium
.dsi,Low
.dsk,High
.dsku,Low
.dsl,Low
.dslsetup,Low
.dsm,Very High
.dsn,Very High
.dsp,Very High
.dsprototype,Low
.dsr,Medium
.dss,Very High
.dst,High
.dstudio,Low
.dsv,Very High
.dsw,Very High
.dsx,High
.ds_,Low
.ds_store,Low
.dt,Low
.dt2,Low
.dta,Low
.dtapart,Low
.dtcp-ip,Low
.dtd,Very High
.dtf,Low
.dtk,Low
.dtl,Low
.dto,Low
.dtp,Low
.dtproj,Low
.dtq,Low
.dts,Very High
.dts-hd,Low
.dtsconfig,Very High
.dtsearch,Low
.dtsearchtask,Low
.dtshd,Medium
.dtsma,Low
.dtswa,Low
.dtswav,Low
.dtsx,Very High
.dtt,Low
.dtx,Medium
.dt_,Low
.du1,Low
.du2,Low
.dubaskin,Low
.duck,Low
.duckdb,Low
.duf,Low
.duh,Low
.duk,Low
.dumodule,Low
.dump,Low
.dun,Very High
.duo,Low
.dup,Low
.dup2,Low
.du_,Low
.dv,Very High
.dva,Low
.dvam,Low
.dvb,High
.dvd,Very High
.dvdfab5,Low
.dvdfab6,Medium
.dvdfabbluray2bluray,Medium
.dvdfabbluray2dvd,Medium
.dvdfabbluray2mobile,Medium
.dvdfabbluray2mobile3d,Medium
.dvdfabbluraydecrypt,Low
.dvdfabdecrypter,Low
.dvdfabdvd2dvd,Medium
.dvdfabdvd2mobile,Medium
.dvdfabdvddecryt,Low
.dvdfabfile2bluray,Low
.dvdfabfile2dvd,Low
.dvdfabfile2mobile,Medium
.dvdfabfilemover,Medium
.dvdfabgold5,Low
.dvdfabmobile,Low
.dvdfabmobile2dto3d,Low
.dvdfabplatinum5,Low
.dvdmedia,Low
.dvdproj,Low
.dvdr,Low
.dvf,Medium
.dvi,Medium
.dvp,Low
.dvplaylist,Low
.dvr,Very High
.dvr-m,Low
.dvr-ms,Very High
.dvs,Medium
.dvsd,Low
.dvx,Low
.dwc,Low
.dwd,Low
.dwf,Medium
.dwfb,Low
.dwfx,Very High
.dwg,Very High
.dwg;*.idw,Low
.dwi,Very High
.dwp,Very High
.dwproj,Low
.dwr,Low
.dws,High
.dwt,Very High
.dwz,Low
.dx,Low
.dxb,Medium
.dxe,Medium
.dxf,Very High
.dxh,Low
.dxp,Very High
.dxpack,Low
.dxpackpro,Low
.dxr,Low
.dxt,Medium
.dxtheme,Low
.dxthemepro,Low
.dxu,Medium
.dxx,High
.dyf,Low
.dylib,Low
.dyn;jsessionid=bf5v3ldm1bzn2cqbd0xcfeq,Low
.dz,Low
.dz3dt,Medium
.dza,Low
.dzbl,Low
.dzep,Low
.dzip,Low
.dzl,Low
.dzm,Very High
.dzp,Very High
.dzprj,Low
.dzs,Medium
.dzt,Very High
.dztr,Low
.e,Low
.e-design,Low
.e01,Medium
.eac3,Medium
.eal,Low
.eam,Low
.eap,Very High
.ear,Medium
.eas,Low
.eas-ms,Low
.easm,Low
.easmx,Very High
.eaz,Low
.eba,Low
.ebd,Low
.ebdl,Low
.ebev,Low
.ebf,Low
.ebi,Low
.ebn,Low
.ebo,Low
.ebp,Low
.ebs,Medium
.ebu,Low
.ec3,Medium
.ec4,Low
.ecd,Low
.ecf,Low
.eci,Low
.ecl,Low
.ecp,Low
.ecs,Very High
.ect,Medium
.ecw,Very High
.ec_,Low
.ed,Low
.eda,Low
.edb,Low
.eddx,Low
.edg,Low
.edge,Low
.edi,Low
.edif,Low
.editorconfig,Low
.edl,Low
.edmx,Very High
.edn,High
.edoc,Low
.edpi,Low
.edr,Low
.edrw,Low
.edrwx,Very High
.eds_pckg,Low
.edw,Low
.edx,Low
.edz,Low
.efc,Low
.efi,Low
.efk,Low
.efl9,Low
.efp,Low
.efs,Low
.efslib,Low
.efsp,Low
.efss,Low
.efu,High
.efw,Low
.efx,Low
.egb,Low
.egg,Low
.egisenc,Low
.egisenx,Low
.egp,Low
.egplugin,Low
.egr,Low
.egtree,Low
.egv,Medium
.ehm,Low
.ehplmn,Low
.ehpx,Low
.ehsx,Low
.ehtx,Low
.ei,Low
.eidi,Low
.eif,Medium
.eighteenwheelshaulinsavedgame,Low
.eip,Medium
.eit,Low
.eix,Low
.el,Low
.el1,Medium
.el2,Medium
.el3,Medium
.el4,Medium
.el5,Medium
.el6,Medium
.el7,Low
.el8,Low
.eld,Low
.elf,Low
.elfo,Low
.elg,Low
.elm,Very High
.elx,Low
.em,Medium
.email,Low
.emd;.nl2,Low
.emf,Very High
.emff,Low
.emi,Low
.eml,Very High
.emm,Low
.emo,Low
.emp,Low
.emptybinaryregistry,Very High
.emt,Low
.emulecollection,High
.emx,Low
.emz,Low
.enb,Low
.enc,Very High
.enews,Low
.enf,Low
.enfpack,Low
.eng,Low
.engd,Low
.enigma,Low
.enigma64,Low
.enl,Low
.enlic,Low
.enlx,Low
.enovwebdoc,Low
.enp,Low
.enq,Low
.ens,Low
.ent,Low
.enth,Low
.entl,Low
.enu,Low
.env,Very High
.enw,Low
.enx,Low
.enz,Low
.en_,Low
.eoi,Low
.eop,Low
.eot,Low
.epa,Low
.epa_file,Low
.epc,Low
.epd,Low
.epf,Very High
.epi,Low
.epim,Low
.epp,Low
.epr,Medium
.eprt,Low
.eprtx,Very High
.eps,Very High
.eps2,Low
.eps3,Low
.epsf,Low
.epsi,Low
.ept,Low
.epub,Very High
.eqb,Low
.eqbak,Low
.eqconfig,Low
.eqlog,Low
.eqp,Low
.eragesoundset,Low
.erf,Very High
.ergo,Low
.eri,Low
.err,High
.ers,Low
.ersx,Low
.ersy,Low
.erwin,Low
.esc,Low
.escaperosecliffislandsavedgame,Low
.esd,Low
.esg,Low
.esk,Low
.esm,Low
.esobi,Low
.esp,Medium
.esr,Low
.ess,Low
.est,Low
.esx,Low
.es_,Low
.et,Low
.eta,High
.etd,Medium
.etf,Low
.etl,Very High
.eto,Low
.etp,Low
.etq,Low
.ets,Low
.ett,Low
.ettx,Low
.etx,Low
.eud,Low
.euph,Low
.evb,Low
.evc,Low
.evf,Low
.evn,Low
.evo,Very High
.evob,Low
.evpd,Low
.evr,High
.evrc,High
.evt,Very High
.evtx,Very High
.ew,Low
.ewd,Low
.ex,Low
.ex01,Low
.ex5,Low
.exa,Low
.examl,Low
.examplesavegame,Low
.exb,Low
.exc,Very High
.excs,Low
.exe,Very High
.exe#,Low
.exe2,Low
.exe_,Low
.exe_aq,Low
.exf,Low
.exif,Low
.exp,Very High
.expandrivelicense,Low
.explzhcompress,Low
.explzhdivision,Low
.explzhextract,Low
.export,Low
.exprwdasax,Low
.exprwdasmx,Low
.exprwdbot,Low
.exprwdconfig,Low
.exprwdcss,Low
.exprwddoclib,Low
.exprwdedited,Low
.exprwdhomeop,Low
.exprwdhomepg,Low
.exprwdhtml,Low
.exprwdhtt,Low
.exprwdjs,Low
.exprwdlinkbar,Low
.exprwdlist,Low
.exprwdlistdata,Low
.exprwdmaster,Low
.exprwdnav,Low
.exprwdnopub,Low
.exprwdopen,Low
.exprwdpiclib,Low
.exprwdresx,Low
.exprwdshtm,Low
.exprwdshtml,Low
.exprwdsitemap,Low
.exprwdskin,Low
.exprwdstm,Low
.exprwdsurvey,Low
.exprwdtheme,Low
.exprwdtxt,Low
.exprwdunknown,Low
.exprwdweb,Low
.exprwdwfdoclib,Low
.exprwdxml,Low
.exprwdxoml,Low
.exprwdxsl,Low
.exprwdxslt,Low
.exr,Very High
.ext,Low
.ext2,Low
.extra,Low
.exw,Low
.ex_,Low
.eyaml,Low
.eyb,Low
.eyml,Low
.ezconfig,Low
.eze,Low
.ezhex,Low
.ezlog,Low
.ezsetup,Low
.eztut,Low
.eztutor,Low
.ezup,Low
.ezupgrade,Low
.f,Medium
.f1s,Low
.f2k,Low
.f32,Low
.f3d,Low
.f4a,High
.f4b,Low
.f4f,Low
.f4m,Low
.f4p,High
.f4v,Very High
.f4x,Low
.f5c,Low
.f77,Low
.f90,Medium
.f95,Medium
.fabbproject,Low
.fabpfpkg,Low
.fad,Very High
.fag,Low
.failed,Low
.fairytreasuresavedgame,Low
.fam,Low
.familyfeudthreesavedgame,Low
.familyx,Low
.fan,Low
.fap,Low
.faq,Low
.far,Very High
.farmfrenzypizzapartysavedgame,Low
.farmfrenzysavedgame,Low
.farrun,Low
.fas,High
.fat,Very High
.fatesavedgame,Medium
.fateundiscoveredrealmssavedgame,Low
.fav,Very High
.favorite,Low
.fax,High
.fb2,Low
.fb2.zip,Low
.fb2k-component,High
.fba,Low
.fbat,Low
.fbd,Low
.fbexplore,Low
.fbfilesetx,Low
.fbk,Low
.fbl,Low
.fboptsx,Low
.fbp,Low
.fbr,Low
.fbs,Low
.fbt,Low
.fbv,Low
.fbwinsx,Low
.fbx,Very High
.fbz,Low
.fc,Low
.fc13,Low
.fc14,Low
.fc2,Low
.fc3,Low
.fc4,Low
.fcat,Low
.fcd,High
.fcdt,High
.fcfx,Low
.fcm,Low
.fcp,Low
.fcs,Very High
.fcz,Low
.fd,Low
.fd2,Low
.fdb,Low
.fdc,Very High
.fdd,Low
.fdf,Very High
.fdff,Low
.fdi,Low
.fdl,Low
.fdlang2,Low
.fdlang4,Low
.fdm,Very High
.fdmuplsendtoshlext,Low
.fdp,Low
.fdpart,Low
.fds,Low
.fdsrch2,Low
.fdxsl2,Low
.fdxsl4,Low
.fea,Low
.feap,Low
.feature,High
.fedb,Low
.feed,Low
.feed-ms,Low
.feedback,High
.feedsdb-ms,Low
.fem,Low
.fen,Low
.feq,Low
.ff,Low
.ffa,Very High
.ffapreset,Low
.ffbeauty,Low
.ffblush,Low
.ffcmd,Low
.ffebrow,Low
.ffeiris,Low
.ffelash,Low
.ffeline,Low
.ffeshadow,Low
.ffeye,Low
.fff,Very High
.fffilter,Low
.fffocuslayer,Low
.ffhilight,Low
.ffl,Very High
.ffli,Low
.fflip,Low
.ffmakeup,Low
.ffo,Very High
.ffpreset,Low
.ffproject,Low
.ffshape,Low
.ffskin,Low
.ffs_batch,Medium
.ffs_db,Medium
.ffs_gui,Medium
.ffs_real,Medium
.fft,Very High
.ffteeth,Low
.ffx,Very High
.ffxml,Low
.ffxptheme,Low
.fga,Low
.fgdoc,Low
.fgdump-log,Low
.fgs,Low
.fgsheet,Low
.fgslide,Low
.fh,Low
.fh10,Low
.fh11,Low
.fh8,Low
.fh9,Low
.fhc,Low
.fhd,Low
.fhf,Low
.fhq,Low
.fhr,Low
.fhs,Low
.fht,Low
.fhx,Low
.fhz,Low
.fh_proj,Low
.fi,Low
.fid,Low
.fido,Medium
.fidx,Low
.fif,Low
.fig,High
.fil,Low
.file,Low
.filegroup,Low
.fill,Low
.filp,Low
.filter,Low
.filters,Very High
.finaldrivenitrosavedgame,Low
.fins,Low
.fipv,Low
.fishdomsavedgame,Low
.fit,Very High
.fitreg,Low
.fits,High
.fiz,Low
.fj3,Low
.fkc,Low
.fky,Low
.fl3,Very High
.fla,Very High
.flac,Very High
.flashfxp_picon,Low
.flatpakref,Low
.flb,Low
.flc,Very High
.fld,Medium
.flf,Low
.flg,Low
.flh,Low
.fli,Very High
.flib,Low
.flic,Very High
.flinstaller,Low
.flk,Low
.flka,Low
.flkb,Low
.flkey,Low
.fll,Low
.flmod,Low
.floq,Low
.flow,High
.flowerquestsavedgame,Low
.flowmaplibrary,Low
.flp,Very High
.fls,Low
.flst,Very High
.flt,Very High
.flv,Very High
".flv""",Low
.flve,Low
.flvp,Low
.flw,Low
.flwa,Low
.flx,Low
.fm,Low
.fmf,Low
.fmp,High
.fmsh,Low
.fmt,Low
.fmx,Medium
.fnd,Very High
.fng,Low
.fnt,Low
.fo,Low
.fo4pas,Low
.foam,Low
.fob,Low
.fodg,High
.fodp,High
.fods,High
.fodt,High
.fol,Low
.folder,Low
.foldersharelibrary,Low
.foldershareoverlayadded,Low
.foldershareoverlaychanged,Low
.foldershareoverlaydeleted,Low
.foli,Low
.folio,Low
.fomod,Low
.fon,Very High
.fonts,Low
.for,Low
.forge,Low
.fossil,Low
.fourelementssavedgame,Low
.fo_,Low
.fp,Medium
.fp2,Low
.fp5,Low
.fp7,Low
.fpdoclib,Low
.fpgtrg,Low
.fphomeop,Low
.fphomepg,Low
.fphtml,Medium
.fpj,Low
.fpk,Low
.fpl,Low
.fplinkbar,Low
.fplist,Low
.fplistdata,Low
.fpnav,Low
.fpnopub,Low
.fpopen,Low
.fpp,Low
.fppiclib,Low
.fpr,Low
.fprg,Low
.fpsl,Low
.fpsurvey,Low
.fpt,Medium
.fptheme,Low
.fpweb,Low
.fpx,Very High
.fpxml,Low
.fqf,Low
.fr3,Low
.fr4,Low
.fra,High
.fragment,Low
.frd,Low
.frdat,Low
.free,Low
.freecellsave-ms,Very High
.freepp,Low
.fres,Low
.freshcontact,Low
.freshroute,Low
.frf,Low
.frg,Very High
.fri,Low
.frm,High
.fro,Low
.frp,Low
.frs,Low
.frt,Low
.fruitfallsavedgame,Low
.frw,Low
.frx,High
.fr_,Low
.fs,Very High
.fsat,Low
.fsb,Low
.fsc,Medium
.fset,Low
.fsh,Very High
.fshotfix,Low
.fsi,Very High
.fsl,Low
.fsm,Low
.fsn,Low
.fsp,Low
.fsproj,Very High
.fsqueue,Low
.fsrc,Low
.fssave,Low
.fsscript,Very High
.fssx,Low
.fst,Medium
.fsw,Low
.fsx,Very High
.ft,Low
.ft10,Low
.ft11,Low
.ft8,Low
.ft9,Low
.ftc,Low
.ftd,Low
.ftes,Low
.fth,High
.ftm,Low
.ftmb,Low
.ftp,Low
.ftpc,Low
.fts,Low
.ftvx,Low
.ftw,Low
.ftx,Very High
.fud,Low
.fun,Low
.funkiballadventuresavedgame,Low
.fun_list,Low
.fup,Low
.furl,Low
.fv,Low
.fvp,Low
.fw,Low
.fwa,Low
.fwdn,Low
.fwiz,Low
.fwp,High
.fws,Low
.fwu,Low
.fx,Very High
.fx3,Low
.fxb,Low
.fxcop,Low
.fxd,Low
.fxe,Low
.fxg,Very High
.fxm,Low
.fxo,Low
.fxp,High
.fxpl,Medium
.fxpreset,Low
.fxpreset_pack,Low
.fxr,Low
.fxs,Low
.fxt,Low
.fxw,Low
.fx_t,Low
.fyc,Low
.fz,Low
.fzb,Low
.fzbz,Low
.fzip,Low
.fzm,Low
.fzp,Low
.fzpz,Low
.fzs,Low
.fzz,Low
.g09,Low
.g10,Low
.g11,Low
.g1a,Low
.g1e,Low
.g1l,Low
.g1m,Low
.g1n,Low
.g1r,Low
.g1s,Low
.g1w,Low
.g2e,Low
.g2m,Low
.g2r,Low
.g3,Very High
.g3f,Low
.g3n,Low
.g64,Low
.g722,Low
.gadget,Very High
.gai,Low
.galapagosavedgame,Low
.galsave,Low
.gam,Low
.game,Low
.gan,Low
.gas,Low
.gasx,Low
.gb,Low
.gb1,Low
.gb7,Low
.gba,Low
.gba.ds,Low
.gbc,Low
.gbhs,Low
.gbi,Low
.gblorb,Low
.gbm,Low
.gbp,Low
.gbproj,Low
.gbr,Very High
.gbs,Low
.gbt,Low
.gbts,Low
.gc3,Low
.gca,Medium
.gcd,High
.gcf,Low
.gch,Low
.gci,Low
.gcm,Low
.gcp,Low
.gcs,Low
.gcscenario,Low
.gcsx,Very High
.gcw,Medium
.gcx,Low
.gd3,Low
.gdb,Low
.gdd,Low
.gddoc,Low
.gddraw,Low
.gdfmakerproject,Medium
.gdform,Low
.gdi,Low
.gdl,Low
.gdlink,Low
.gdm,Low
.gdnote,Low
.gdoc,Very High
.gdraw,Very High
.gdrive,Low
.gds,Low
.gdscript,Low
.gdsheet,Low
.gdslides,Low
.gdtable,Low
.gdw,Low
.geany,Low
.ged,Medium
.gel,Low
.gem,Medium
.gemspec,Low
.gen,Low
.generictest,High
.genh,Low
.geo,Low
.geojson,Low
.geoproj,Low
.geor,Low
.geot,Low
.gep,Low
.gephi,Low
.get,Low
.getright,Low
.gexf,Low
.gez,Low
.gfb,Low
.gfd,Low
.gfe,High
.gfi,Low
.gfie,Low
.gform,Very High
.gfs,Very High
.gfx,Low
.gg,High
.gg1,Low
.ggb,Low
.ggc,Medium
.ggg,Low
.ggt,Low
.gh,Low
.gha,Low
.ghash,Low
.ghg,Low
.ghlayout,Low
.gho,Low
.ghs,Low
.ghuser,Low
.ghx,Low
.gi,Very High
.gid,Low
.gif,Very High
.gifenx,Low
.giff,Medium
.gif~c200,Low
.gig,Low
.gih,Very High
.gim,Low
.git,Low
.gitattributes,High
.gitconfig,Low
.gitext,Low
.gitignore,High
.gitmodules,High
.gix,Low
.gizmo,Low
.gi_,Low
.gjam,High
.gjd,Low
.gla,Low
.gladinetsp,Low
.glb,High
.glink,Very High
.glk,Very High
.glm,Low
.glox,Very High
.glr,Low
.gls,Low
.gltf,High
.glua,Low
.gluaw,Low
.glw,Low
.gly,Low
.glyph2savedgame,Low
.glyphsavedgame,Low
.gm6,Low
.gm81,Low
.gmad,Low
.gmailfs,Low
.gmanifest,Medium
.gmap,Very High
.gmb,Low
.gmbl,Low
.gmd,Low
.gme,Low
.gmf,Low
.gmk,Low
.gml,Low
.gmmp,Very High
.gmo,Low
.gms,Low
.gmw,Low
.gmx,Low
.gmxp,Low
.gmz,Low
.gna,Low
.gnd,Low
.gnote,High
.gnucash,Low
.gnutar,Low
.gnx,Low
.go,Low
.gob,Low
.god,Low
.gom,High
.google2,Low
.goomod,Low
.gotomeeting,Low
.gotomeeting1082,Low
.gotomeeting2539,Low
.gotomeeting3499,Low
.gotomeeting3880,Low
.gotomeeting3911,Low
.gotomeeting4007,Low
.gotomeeting4062,Low
.gotomeeting4099,Low
.gotomeeting4151,Low
.gotomeeting4190,Low
.gotomeeting4288,Low
.gotomeeting4340,Low
.gotomeeting4376,Low
.gotomeeting4419,Low
.gotomeeting6039,Low
.gotomeeting6090,Low
.gotomeeting6140,Low
.gotomeeting6291,Low
.gotoopener,Low
.gotoopener491,Low
.governorofpoker2premiumeditionsavedgame,Low
.goz,Low
.gp,Low
.gp3,Low
.gp4,Medium
.gp5,Low
.gpb,Very High
.gpbank,Low
.gpd,Low
.gpf,Low
.gpg,Low
.gph,Low
.gpj,Low
.gpkg,Low
.gpl,Low
.gpr,Low
.gprop,Low
.gps,Very High
.gpt,Low
.gpx,Medium
.gp_,Low
.gqsx,Very High
.gr7,Low
.gr8,Low
.gr9,Low
.gra,Very High
.gradientlibrary,Low
.grammar,Low
.gramps,Low
.graphml,Low
.graphmlz,Low
.grd,Very High
.grdb,Low
.greenshot,Medium
.grey,Low
.grf,Medium
.grfx,Very High
.gro,Low
.groove,Low
.groovy,Low
.group,Very High
.groupproj,Low
.groups,Low
.grov,Low
.grp,Very High
.grph,Low
.grs,Low
.grv,Very High
.grx,Low
.gry,Low
.gr_,Low
.gs,Low
.gsa,Very High
.gsb,Low
.gsba,Low
.gsc,Low
.gscript,Very High
.gsdu,Low
.gsf,High
.gsh,Medium
.gshader,Medium
.gsheet,Very High
.gshortcut,Low
.gsite,High
.gsk,Low
.gslides,Very High
.gsm,Very High
.gsms,Low
.gso,Low
.gsp,Low
.gss,Low
.gst,Low
.gta,Very High
.gtabin,Low
.gtable,Very High
.gtar,Low
.gtarchiv,Low
.gte,Low
.gtm,Low
.gtp,Low
.gtr,Low
.gtz,Low
.gui,Low
.gun,Low
.gvd,Low
.gvi,Very High
.gvm,Low
.gvp,Low
.gw,Low
.gwx,Low
.gwz,Low
.gxb,Low
.gxd,Low
.gxf,Very High
.gxkey,Low
.gxt,Low
.gym,Low
.gym_zip,Low
.gz,Very High
.gza,Low
.gzip,Very High
.gzndx,Low
.gzp,Low
.h,Very High
.h++,Low
.h1c,Very High
.h1d,Very High
.h1f,Very High
.h1h,Very High
.h1k,Very High
.h1q,Very High
.h1s,Very High
.h1t,Very High
.h1v,Very High
.h1w,Very High
.h261,Low
.h263,Low
.h264,High
.h265,Low
.h26l,Low
.h2w,Low
.h2_,Low
.h3d,Low
.h4r,Low
.h4v,Low
.h5,Low
.h5bprj,Low
.h5c,Low
.h5m,Low
.h5p,Low
.h5u,Low
.ha,Low
.hal,Low
.halog,Low
.ham6,Low
.ham8,Low
.hamachi,Low
.handlebars,Low
.happyfish,Low
.har,Low
.hash,Low
.hashes,Low
.hb,Low
.hbk,Low
.hbm,Low
.hbs,Low
.hc,Low
.hcd,Low
.hci,Low
.hcj,Low
.hckx,Low
.hcode,Low
.hcp,Low
.hcr,Low
.hct,Low
.hcu,Low
.hd,High
.hd2,Low
.hda,Low
.hdalc,Low
.hdanc,Low
.hdd,Very High
.hdev,Low
.hdf,Low
.hdg,Low
.hdi,High
.hdmov,Very High
.hdmp,Very High
.hdp,Very High
.hdr,Very High
.hdri,Low
.hds,Low
.hdv,Low
.hdvp,Low
.hdz,Low
.header,Low
.heartssave-ms,Very High
.hebundle,Low
.hed,Low
.heic,Low
.heif,Low
.hejs,Low
.help,Low
.hemcr,Low
.heprj,Low
.heroesofhellas2olympiasavedgame,Low
.heroesofhellassavedgame,Low
.hes,Low
.heu,Low
.hevbs,Low
.hevc,Low
.hewsp,Low
.hex,Medium
.hexbook,Low
.hexdwc,Low
.hexhis,Low
.hexlic,Low
.hexpatch,Low
.hexsel,Low
.hexset,Low
.hfc,Low
.hfp,Low
.hfs,Very High
.hfv,Low
.hfw,Low
.hg1,Low
.hgb,Low
.hgc1,Low
.hgl,Low
.hgm,Low
.hgr,Low
.hh,Very High
.hh7,Low
.hhc,High
.hhk,Medium
.hhp,High
.hiddenobjectgameshowsavedgame,Low
.hie,Low
.hif,Low
.him,Low
.hip,Low
.hiplc,Low
.hipnc,Low
.hips,Low
.hir,Low
.his,Low
.hit,Low
.hiv,Low
.hjt,Low
.hl7,Low
.hlf,Low
.hlh,Low
.hlp,Very High
.hlp_aq,Low
.hlr,Low
.hlsl,High
.hlsli,High
.hlv,Low
.hl_,Low
.hm10,Low
.hm11,Low
.hm12,Low
.hm91,Low
.hmd,Low
.hml,Medium
.hmp,Low
.hmt,Low
.hnd,Low
.hnl,Low
.hnq,Low
.hnt,Low
.hnv,Low
.ho!,Low
.hog,Low
.hol,Very High
.holdemsave-ms,Low
.homemakeoversavedgame,Low
.honmod,Low
.honreplay,Low
.hosts,Low
.hot,Low
.hotlist,Low
.hp,Low
.hp1,Low
.hp2,Low
.hp3,Low
.hp4,Low
.hp6,Low
.hp7,Low
.hp8,Low
.hp9,Low
.hpa,Low
.hpb,Low
.hpc,Low
.hpd,Low
.hpe,Low
.hpf,Low
.hpg,Low
.hpgl,Low
.hph,Low
.hpi,Low
.hpj,Low
.hpk,Low
.hpkg,Low
.hpl,Low
.hpm,Low
.hpn,Low
.hpo,Low
.hpp,Very High
.hpr,Low
.hprj,Low
.hps,Low
.hpt,Low
.hqx,Very High
.hr,Low
.hr2,Low
.hrd,Low
.hrf,Low
.hrz,Low
.hs,Low
.hs6lic,Low
.hs7lic,Low
.hs8lic,Low
.hsc,Low
.hsg,Low
.hsh,Medium
.hshader,Medium
.hsi,Low
.hskat,Low
.hsm,Low
.hsp,Low
.hst,Low
.ht,Very High
.ht1,Low
.hta,Very High
.htaccess,High
.htaccess_1und1,Low
.hta_aq,Low
.htc,Very High
.htk,Very High
.htm,Very High
.htm&rloc=__ezmqpfdcemg__4p6xdf5dkd2__thonjgx8ani__ind_,Low
.htm2,Low
.htmenx,Low
.htmhjt,Low
.html,Very High
.html-,Low
.htmlenx,Low
.htmls,Low
.htpasswd,Low
.htt,Very High
.htw,Medium
.htx,Very High
.ht_,Low
.huf,Low
.hun,Low
.hv3,Low
.hvc1,Low
.hvj,Low
.hwas,Low
.hwl,Low
.hwp,Low
.hws,Low
.hwt,Low
.hx1,Low
.hxa,Very High
.hxb,Low
.hxc,Very High
.hxd,Very High
.hxe,Very High
.hxf,Very High
.hxh,Very High
.hxi,Very High
.hxk,Very High
.hxl,Low
.hxm,Low
.hxn,Low
.hxq,Very High
.hxr,Very High
.hxs,Very High
.hxt,Very High
.hxv,Very High
.hxw,Very High
.hxx,Very High
.hx_,Low
.hydra,Medium
.hyp,Very High
.hyperballoidthecompleteeditionsavedgame,Low
.hyperballoidthenextchallengesavedgame,Low
.hyph,Low
.i,Very High
.i00,Low
.i18n,Low
.i2b,Low
.i2g,Low
.i61,Low
.i64,Low
.ia,Low
.iab,Low
.iad,Low
.iaf,Low
.iajfuedca,Low
.iam,Low
.ibadr,Medium
.ibb,Low
.ibc,Very High
.ibd,Low
.ibdat,Medium
.ibe,Low
.ibg,Low
.ibp,Medium
.ibpt,Low
.ibq,High
.ibr,Low
.ibtmpl,Low
.ib_lic,Low
.ib_mon,Low
.ica,High
.ical,Low
.icalevent,Low
.icaltodo,Low
.icap,High
.icb,High
.icbu,Low
.icc,Very High
.ice,Low
.icf,Low
.icg,Low
.ichat,Low
.ichattransfer,Low
.icl,Very High
.icm,Very High
.icma,High
.icml,High
.icmt,High
.icn,Medium
.icns,High
.ico,Very High
.icon,High
.iconpack,Low
.iconpackage,Medium
.icontainer,Low
.icp,Low
.icpr,Low
.icr,Low
.ics,Very High
.icst,High
.icx,Low
.ic_,Low
.id,Low
.idap,High
.idb,Very High
.idc,Medium
.ide,Low
.idea,High
.identifier,Low
.idf,Low
.idl,Very High
.idlk,Very High
.idm,Low
.idml,High
.idms,High
.idn,Low
.idp,Low
.idpk,Very High
.idpp,High
.idr,Low
.idroo,Low
.idrz,Low
.ids,Low
.idsp,Low
.idv,Low
.idvi,Low
.idw,Low
.idw;*.dwg,Low
.idx,Very High
.ie,Low
.ies,Low
.ietabmulti,Low
.iev,Low
.ie_,Low
.if,Low
.if90,Low
.ifc,Low
.iff,Very High
.ifl,Low
.iflv,Low
.ifo,Very High
.ifol,Low
.ifos,Low
.ifs,Low
.ige,Low
.iges,Low
.iglang,Low
.igp,Very High
.igr,Low
.igs,Low
.igtheme,Low
.ihe,Low
.ihtm,Low
.ihtml,Low
.iie,Low
.iif,Low
.iii,Very High
.iip,Low
.iiq,High
.iit,Low
.iklax,Low
.ikm,Low
.il,Low
.ilb,Low
.ilbm,Medium
.ilc,Low
.ild,Low
.ilg,Low
.ilk,Very High
.ils,Low
.im1,Medium
.im24,Medium
.im32,Medium
.im8,Medium
.ima,Very High
.image,Medium
.imageportfoliolibrary,Low
.images2pdf,Medium
.imap,Low
.imazing,Low
.imazingapp,Low
.imc,Low
.imd,Low
.ime,Low
.imesx,Very High
.imf,Low
.img,Very High
.imgc,Low
.imgpart,Low
.imh,Low
.imi,Low
.imk,Low
.iml,Low
.imlst,Low
.imm,Low
.imn,Low
.imoviemobile,Low
.imovieteams,Low
.imovietrailer,Low
.imp,Medium
.imq,Low
.ims,Low
.imw,Low
.imx,Low
.imz,Medium
.im_,Low
.in,Low
.inc,Very High
.inca,Very High
.incaballsavedgame,Low
.incadiasavedgame,Low
.incaquestsavedgame,Low
.incd,Very High
.incdsendto,Low
.incl,Low
.incp,Very High
.inct,Very High
.incx,Very High
.ind,Low
.indb,Very High
.indd,Very High
.indk,Very High
.indl,Very High
.indp,Very High
.inds,Very High
.indt,Very High
.inf,Very High
.info,Medium
.infopathxml,Very High
.inf_aq,Low
.ing,Low
.ini,Very High
.ini-dist,Low
.ini-production,Low
.inl,Very High
.inlx,Very High
.inms,Medium
.ino,Low
.inp,Low
.ins,Very High
.inspxe,Low
.inspxeproj,Low
.inspxez,Low
.inst,Low
.install,Medium
.instantrename,Low
.ins_aq,Low
.int,High
.inta,Medium
.interface,Low
.internetconnect,Low
.internetmailsend,Low
.inv,Low
.inx,Very High
.in_,Low
.io,Low
.iom,Low
.ion,Medium
.ip,Medium
.ip2,Low
.ipa,Very High
.ipalias,Low
.ipc,Low
.ipch,Low
.ipd,Low
.ipf,Low
.ipfix,Medium
.ipg,Very High
.iph,Low
.iphoto,Low
.iphotoproject,Low
.ipj,Low
.ipk,Low
.ipl,Low
.ipla,Low
.ipm,Low
.ipn,Low
.ipo,Low
.ipp,Low
.ipproj,Medium
.ipr,Medium
.ips,Low
.ipsw,Very High
.ipt,Low
.iptheme,Medium
.ipynb,Low
.iqm,Low
.iqy,Very High
.ir,Low
.ir2,Low
.ircam,Low
.ircp,Low
.irf,Low
.irg,Low
.iris,Low
.iros,Very High
.irp,Low
.irs,Very High
.is,Low
.isa,Very High
.iscsi,Low
.isd,Low
.isdb,Low
.isdoc,Low
.isdocx,Low
.isds,Low
.ise,Low
.isi,Low
.isl,Low
.ism,Low
.isma,Low
.ismv,High
.iso,Very High
.isofileimage,Low
.isp,Very High
.ispac,Medium
.ispro,Low
.ispy,Low
.isp_aq,Low
.iss,Very High
.iss5,Low
.issue,Low
.issuite,Low
.ist,Low
.isu,Low
.isv,Low
.isx,Low
.isym,Low
.isz,Very High
.is_,Low
.it,Very High
.ita,Medium
.itb,Low
.itc2,Low
.itdb,Very High
.ite,Very High
.itf,Low
.itg,Low
.ithmb,Low
.iti,Low
.itl,Very High
.itlp,Very High
.itls,Very High
.itms,Very High
.itmx,Low
.itp,Low
.itpc,Very High
.itrace,Very High
.its,Very High
.itss,Very High
.itt,Low
.itv,Low
.itz,Very High
.it_,Low
.iv,Low
.iv2i,Low
.ivaud,Low
.ivb,Medium
.ive,Low
.ivf,Very High
.ivm,Low
.ivn,Low
.ivr,Very High
.ivs,Low
.iw4,Medium
.iw44,Very High
.iw5dlc,Low
.iwb,Low
.iwc,Low
.iwcf,Low
.iwd,Low
.iwdgt,Low
.iwp,Low
.iwtpk,Low
.iwtpl,Low
.iwzip,Low
.ix,Low
.ix2,Low
.ixa,Low
.ize,Low
.j,Medium
.j2,Low
.j2b,Low
.j2c,High
.j2e,Low
.j2k,Very High
.j3b,Low
.j64,Low
.j6i,Low
.j8e,Low
.ja,Low
.jacl,Low
.jad,High
.jade,Low
.jag,Low
.jam,Low
.jap,Low
.jar,Very High
.jascproject,Low
.jaskin,Low
.jav,Low
.java,Very High
.jb2,Low
.jbackup,Low
.jbb,Low
.jbc,Low
.jbf,Very High
.jbg,Low
.jbig,Low
.jbig2,Low
.jbk,Low
.jbr,Medium
.jbz,Low
.jc!,Low
.jcd,Medium
.jcp,Low
.jcw,Low
.jcx,Low
.jc_,Low
.jd,Low
.jdc,Medium
.jdf,Very High
.jeopardysavedgame,Low
.jeq,Low
.jewelmatch2savedgame,Low
.jewelmatch3savedgame,Low
.jewelmatchsavedgame,Low
.jewelmatchsnowscapessavedgame,Low
.jewelofatlantissavedgame,Low
.jewelquest2savedgame,Low
.jewelquest3savedgame,Low
.jewelquestheritagesavedgame,Low
.jewelquestsavedgame,Low
.jewelquestsolitaire2savedgame,Low
.jewelsofcleopatrasavedgame,Low
.jewelthiefsavedgame,Low
.jff,Low
.jfi,Low
.jfif,Very High
.jfr,High
.jgp,Low
.jhd,Low
.jhtm,Low
.jhtml,Low
.jiaf,Low
.jias,Low
.jif,Very High
.jil,Low
.jj,Low
.jlp,Low
.jlr,Low
.jls,Very High
.jmap,Low
.jmp,Low
.jmx,Low
.jng,Very High
.jnl,Low
.jnlp,Very High
.jnp,Low
.jnt,Very High
.jnx,Low
.job,Very High
.joboptions,Very High
.jod,Very High
.joe,Low
.johndeeredrivegreensavedgame,Low
.jojosfashionshowsavedgame,Low
.jos,Low
.joz,Low
.jp2,Very High
.jpc,Very High
.jpe,Very High
.jpeg,Very High
.jpeg 2000,Low
.jpegenx,Low
.jpf,High
.jpg,Very High
.jpg-large,Low
.jpg@oscsid=7d4567e9bd50b2f334844513937d0ea4,Low
.jpgenx,Low
.jpgs,Low
.jpg_56x42,Low
.jpg_large,Low
.jpk,Medium
.jpm,Very High
.jpn,Low
.jpp,Low
.jps,Very High
.jpt,Low
.jpx,High
.jp_,Low
.jree,Low
.jrf,Low
.jrmime,Low
.jrs,Low
.js,Very High
.jscript,Low
.jscsrc,Low
.jse,Very High
.jsee,Low
.jse_aq,Low
.jsf,High
.jsfl,High
.jshintrc,Low
.jshtm,Low
.jsk,Low
.jsl,Medium
.jsm,Low
.jso,Low
.json,Very High
.jsonld,Low
.jsonlz4,Low
.jsp,Very High
.jsproj,High
.jss,Low
.jsv,Low
.jsx,Very High
.jsxbin,Very High
.jsxinc,Very High
.js_,Low
.js_aq,Low
.jtp,Very High
.jtv,Low
.jtx,Very High
.juicerpatch,Low
.jurassicrealmsavedgame,Low
.jv,Low
.jvdb,Low
.jvsk,Low
.jvt,Low
.jwl,Low
.jws,Low
.jxl,Low
.jxr,Very High
.k25,Medium
.k2edoc,Low
.k3g,Very High
.k7e,Low
.kar,Very High
.kava,Low
.kb,Low
.kbcf,Low
.kbcim,Low
.kbcls,Low
.kbd,Low
.kbed,Low
.kbgi,Low
.kbl,Low
.kbr8,Low
.kbrf,Low
.kbtf,Low
.kburl,Low
.kbwc,Low
.kc0,Low
.kc1,Low
.kcc,Low
.kces,Low
.kcey,Low
.kci,Low
.kdb,Low
.kdbx,High
.kdc,Very High
.kde,Low
.kdmp,Low
.kep,Low
.keturacomparison,Low
.key,Very High
.key-backupbyhdinspectorportable,Low
.key-tef,Low
.keyboardmacro,Low
.keychain,Low
.keyhelp,Low
.keylist,Low
.kf,Low
.kfa,Low
.kfm,Low
.kfn,Low
.kfx,Low
.kgb,Very High
.kge,Very High
.khe,Low
.khub,Low
.kin,Low
.kipx,Medium
.kix,Low
.kiz,Low
.kkf,Low
.klc,Low
.klnx,High
.kma,Low
.kml,Very High
.kmm,Low
.kmmp,Low
.kmp,Low
.kmv,Low
.kmy,Low
.kmz,Very High
.kne,Low
.kni,Low
.knm,Low
.kno,Low
.knt,Low
.koa,Medium
.kok,Low
.komodoproject,Low
.komodotool,Low
.kon,Low
.kor,Low
.koz,Low
.ko_,Low
.kpf,Low
.kpg,Low
.kpl,Very High
.kproj,Low
.kps,Low
.kpz,Low
.kqp,Low
.kra,Low
.krabbyquestsavedgame,Low
.kraw,Low
.kro,Low
.ksc,Low
.ksf,Very High
.ksign,Low
.kspmm,Low
.kss,Low
.kst,Low
.kt,Low
.ktf,Low
.kth,Low
.ktx,Low
.kx,Low
.kxa,Low
.kxf,Low
.kxl,Low
.kxp,Low
.kxs,Low
.kxsfc,Low
.kys,Very High
.l,Low
.l01,Medium
.l16,Low
.l9,Low
.la,Low
.la1,Low
.lab,Low
.label,Very High
.laccdb,Very High
.laf,Low
.lan,Low
.lang,Low
.lao,Low
.lap,Low
.lar,Low
.las,High
.last,Low
.launchd,Low
.lavs,Low
.lax,Low
.lay,Low
.layerdiagram,Medium
.layout,Very High
.lbd,Low
.lbi,Very High
.lbl,Low
.lbm,Very High
.lbp,Low
.lbr,Low
.lbt,Low
.lbw,Low
.lbx,Medium
.lc,Low
.lcap,Low
.lcd,Medium
.lce,Low
.lcf,Low
.lck,Low
.lcm,Low
.lcp,Low
.lcpp,Low
.lcs,Low
.ld2,Low
.ldb,Very High
.ldbk,Low
.ldd,Low
.ldf,Very High
.ldi,Low
.ldif,Low
.ldl,Low
.ldml,Low
.ldp,Low
.ldr,Low
.lds,Low
.ldt,Low
.leases,Low
.leechget,Low
.leg,Low
.leo,Low
.lep,Low
.ler,Low
.less,High
.let,Low
.letter,Low
.lex,Very High
.lexe,Low
.le_,Low
.lff,Low
.lfm,Low
.lfnt,Low
.lft,Low
.lg4,Low
.lgc,Low
.lgf,Low
.lgl,Low
.lgn,Low
.lgp,Low
.lgr,Low
.lgs,Low
.lgv,Low
.lha,Very High
.li5,Low
.lib,Very High
.library-ms,Very High
.libzip,Medium
.lic,Very High
.license,Low
.lickeys,Low
.lif,Low
.lighthouse-pledge,Low
.lighthouse-project,Low
.lin,High
.linkage2,Low
.linq,Low
.liongthelostamuletssavedgame,Low
.lisp,Low
.list,Low
.listenurl,Low
.lit,Very High
.litcoffee,Low
.livereg,Low
.livesubscribe,Low
.liveupdate,High
.ljp,Medium
.lkg,Low
.lli,Medium
.lmd,Low
.lmf,Low
.lmf-ms,Low
.lmk,Low
.lml,Medium
.lmp4,Very High
.lmsff,Low
.lng,High
.lnk,Very High
.lnk2,Low
.lnk_aq,Low
.lnr,Low
.lnst,Very High
.lnx,Low
.loa,Low
.loaded,Low
.loadtest,High
.lob,Low
.loc,Low
.locale,Low
.localstorage,Low
.lock,Low
.lof,Low
.log,Very High
.log1,Low
.log2,Low
.log4net,Low
.log5,Low
.logbook3,Low
.logg,Low
.logonvista,Low
.logonxp,Low
.look,Low
.looklibrary,Low
.lor,Low
.lot,Low
.love,Low
.loxone,Low
.loxplan,Low
.lp,Low
.lp3,Low
.lpaq1,Low
.lpaq5,Low
.lpaq8,Low
.lpcm,Low
.lpf,Low
.lpi,Low
.lpk,Low
.lpp,Medium
.lpr,Low
.lproj,Low
.lps,Low
.lpu,Low
.lqt,Low
.lqu,Low
.lrc,Low
.lrcat,Medium
.lrcx,Low
.lrdb,Low
.lrf,Low
.lrmodule,Low
.lrs,Low
.lrtemplate,Low
.lrtoolkit,Low
.lrv,Low
.lrweb,Low
.lrx,Low
.ls3proj,Low
.lsaprototype,Low
.lsf,Low
.lsi,Low
.lsl,Low
.lsn,Low
.lsp,High
.lsproj,Low
.lsq,Low
.lst,Very High
.lsx,Low
.lsxproj,Medium
.lsxtproj,Medium
.lsz,Low
.lt2,Low
.ltf,Low
.ltm,Low
.ltw,Low
.ltx,Medium
.ltz,Low
.lua,High
.luac,Low
.luacodec,Low
.luacomp,Low
.luar,Low
.lug,Low
.lum,Low
.lut,Low
.luxor2savedgame,Low
.luxor3savedgame,Low
.luxoramunrisingsavedgame,Low
.luxorquestsavedgame,Low
.luxorsavedgame,Low
.lv,Low
.lva,Low
.lvf,Medium
.lvlad,Low
.lvp,Low
.lvr,Medium
.lvrbt,Low
.lvw,Low
.lwav,Low
.lwc,Low
.lwf,High
.lwo,Low
.lwp,Low
.lws,Low
.lwv,Very High
.lx3,Low
.lxaddon,Low
.lxf,Low
.lxfml,Low
.lxmon,Low
.lxplan,Low
.lxtrust,Low
.lx_,Low
.lyr,Low
.lyx,Low
.lz,Very High
.lz4,Low
.lzh,Very High
.lzma,Very High
.lzma86,Low
.lzo,Very High
.lzp,Low
.lzs,Low
.lzt,Low
.lzx,Low
.m,High
.m10,Low
.m11,Low
.m12,Low
.m14,Low
.m15,Medium
.m1a,Very High
.m1p,Low
.m1s,Medium
.m1v,Very High
.m2a,Very High
.m2e,Low
.m2f,Low
.m2l,Low
.m2p,Very High
.m2ps,Low
.m2s,Medium
.m2t,Very High
.m2ts,Very High
.m2u,Low
.m2v,Very High
.m3d,Low
.m3g,Low
.m3u,Very High
.m3u8,Very High
.m3url,Low
.m3x,Low
.m4,Low
.m4a,Very High
.m4b,Very High
.m4e,High
.m4p,Very High
.m4r,Very High
.m4s,Low
.m4v,Very High
.m75,Low
.ma,Low
.mab,Low
.mac,Very High
.macbin,Low
.mad,Very High
.maf,Very High
.maff,High
.mag,Very High
.magic,Low
.magicacademysavedgame,Low
.magicmatchadventuressavedgame,Low
.magnet,Medium
.mahjongmedleysavedgame,Low
.mahjongtitanssave-ms,Very High
.mailablistview,Low
.mailabview,Low
.mailhost,Low
.mailview,Low
.mak,Very High
.makefile,Low
.mal,Low
.mam,Very High
.mamc,Low
.mamcprofile,Low
.man,Low
.manifest,Medium
.map,Very High
.mapg,Low
.mapimail,Very High
.mapisend,Low
.maple,Low
.maplet,Low
.maq,Very High
.mar,Very High
.marc,Low
.markdown,Low
.mart,Low
.mas,Very High
.mask,Medium
.mass,Low
.masseffectsave,Low
.master,Very High
.mat,Very High
.matdb,Low
.math,Low
.matp,Low
.matroska,Low
.mats,Low
.matte,Medium
.matu,Low
.matx,Low
.mau,Very High
.mav,Very High
.maw,Very High
.max,Medium
.maxc,Low
.mayhem,Low
.ma_,Low
.mb,Low
.mba,Low
.mbam,Medium
.mbc,Low
.mbd,Low
.mbdb,Low
.mbf,Medium
.mbg,Low
.mbi,Low
.mbk,Low
.mbl,Low
.mbm,Low
.mbox,Low
.mbp,Medium
.mbpkg,Low
.mbr,High
.mbsa,Medium
.mbt,Low
.mbw,Low
.mbx,Low
.mb_,Low
.mc,Low
.mc19mime,Low
.mc6,Low
.mc8,Low
.mc9,Low
.mca,Low
.mcc,Low
.mcd,Medium
.mce,Low
.mcep,Low
.mcf,Medium
.mcg,Low
.mch,Low
.mci,Low
.mcl,Very High
.mclt,Low
.mcm,Low
.mcmeta,Low
.mcml,Low
.mcp,Medium
.mcpp,Low
.mcr,High
.mcs,Low
.mct,Low
.mcv,Low
.mcw,Low
.mcx,Low
.mcz,Low
.md,High
.md1,Low
.md2,Low
.md2p,Low
.md2s,Low
.md4,Low
.md5,Very High
.md5sum,Low
.mda,Very High
.mda_aq,Low
.mdb,Very High
.mdbhtml,Very High
.mdb_aq,Low
.mdc,Low
.mdccache,Low
.mdd,Low
.mde,Very High
.mdeck,Low
.mdeckt,Low
.mdef,Low
.mde_aq,Low
.mdf,Very High
.mdi,Very High
.mdl,High
.mdlp,Low
.mdm,Low
.mdmp,Very High
.mdn,Very High
.mdoc,Low
.mdown,Low
.mdp,Very High
.mdr,Low
.mds,Very High
.mds;*.mdf,Low
.mdsp,Low
.mdt,Very High
.mdtext,Low
.mdtxt,Low
.mdus,Low
.mdw,Very High
.mdwn,Low
.mdx,Very High
.mdz,Very High
.mdz_aq,Low
.md_,Low
.me,Low
.mea,Low
.mechdat,Low
.med,High
.mediaget2,Low
.medialib,Low
.medialib-bak,Low
.mef,Very High
.megamanager,Low
.meh,Low
.mel,Low
.mem,Medium
.menc,Medium
.menu,Low
.menuskin,Low
.meo,Very High
.mep,Low
.mer,Low
.mergeoptions7,Low
.meshdat,Low
.met,Medium
.metalink,Medium
.mexw64,Low
.mf,Low
.mfa,Low
.mfalist,Low
.mfcribbon-ms,Very High
.mfd,Low
.mfe,Medium
.mff,Low
.mfg,Low
.mfl,Low
.mfm,Low
.mfp,Very High
.mft,Low
.mfw,High
.mf_,Low
.mg1,Low
.mg2,Low
.mg3,Low
.mg4,Low
.mg8,Low
.mgb,Low
.mgc,Very High
.mgd,Low
.mgf,Low
.mgjson,Low
.mgp,Low
.mgt,Low
.mgz,Low
.mht,Very High
.mhtenx,Low
.mhtm,Low
.mhtml,Very High
.mhtmlenx,Low
.mi,Low
.mi4,Low
.mia,Low
.miaf,Low
.mib,Low
.mic,Low
.microkey25_data,Low
.microkey_data,Low
.mid,Very High
.midi,Very High
.midicodec,Low
.mie,Low
.mif,Medium
.miff,High
.mig,Very High
.migtable,Low
.mihb,Low
.mil,Low
.milk,Low
.mim,Very High
.mime,Low
.minesweepersave-ms,Very High
.mini,Low
.mini2sf,Low
.minibank,Low
.minidsf,Low
.minigsf,Low
.minipsf,Low
.minipsf2,Low
.minissf,Low
.miniusf,Low
.mio,Low
.mip,Low
.miro,Low
.mis,Low
.mit,Low
.mix,Medium
.miz,Very High
.mi_,Low
.mj2,Low
.mjd,Very High
.mjp,Low
.mjp2,Low
.mjpeg,Low
.mjpg,Low
.mjr,Low
.mjs,Low
.mk,Very High
.mk3d,Very High
.mka,Very High
.mkd,Low
.mkdn,Low
.mklk,Low
.mks,Medium
.mkv,Very High
".mkv""",Low
.ml,Low
.mla,Low
.mlapp,Low
.mlappinstall,Low
.mlc,Very High
.mld,Low
.mldatx,Low
.mle,Low
.mlg,Low
.mli,High
.mllicense,Low
.mln,High
.mlp,Very High
.mlpkginstall,Low
.mlpl,Low
.mls,Low
.mlsxml,Low
.mlt,Low
.mltbx,Low
.mlua,Low
.mlx,Low
.mm,Medium
.mmap,Medium
.mmas,Low
.mmat,Low
.mmb,Low
.mmbas,Low
.mmc,Medium
.mmcmp,Low
.mmd0,Low
.mmdc,Low
.mme,Low
.mmf,Low
.mmi,Low
.mmip,Medium
.mmjb,Low
.mmjb_mime,Low
.mmjproject,Low
.mml,Very High
.mmlic,Low
.mmm,Very High
.mmmp,Low
.mmms,Low
.mmo,Low
.mmp,Very High
.mmpz,Low
.mms,Medium
.mmv,High
.mmw,Very High
.mmz,Low
.mm_,Low
.mn,Low
.mn1,Low
.mn2,Low
.mn3,Low
.mn4,Low
.mn5,Low
.mn6,Low
.mn7,Low
.mn8,Low
.mn9,Low
.mnc,Low
.mnd,Low
.mng,Very High
.mni,Low
.mnit,Low
.mnk,Low
.mnl,Medium
.mnm,Low
.mno,Very High
.mnr,Medium
.mns,High
.mnt,Low
.mnu,Very High
.mnx,Low
.mny,Low
.mo,Low
.mo3,Very High
.mob,Low
.moba,Low
.mobi,High
.mobileconfig,Low
.mobileprovision,Low
.moc,Low
.mocha,Low
.mod,Very High
.model,Low
.modelproj,Medium
.modinfo,Low
.mods,Low
.module,Medium
.mof,Low
.mogrt,Low
.moh,Very High
.mol,Low
.mom,Low
.mon,Low
.monitor,Low
.monopolysavedgame,Low
.moov,Low
.mop7,Low
.mortimerbecketttimeparadoxsavedgame,Low
.mos,Very High
.mou,Low
.mount,Low
.mov,Very High
".mov,",Low
.movie,Low
.mozconfig,Low
.mozeml,Low
.mozlz4,Low
.mo_,Low
.mp,Low
.mp+,Very High
.mp1,Very High
.mp1a,Low
.mp1v,Low
.mp2,Very High
.mp2a,Low
.mp2p,Low
.mp2ps,Low
.mp2s,Low
.mp2t,Low
.mp2ts,Low
.mp2v,Very High
.mp3,Very High
".mp3""",Low
.mp3a,Low
.mp3pro,Low
.mp4,Very High
".mp4""",Low
.mp4a,Low
.mp4b,Low
.mp4bank,Low
.mp4p,Low
.mp4r,Low
.mp4v,Very High
.mp5,Low
.mp7,Low
.mpa,Very High
.mpa2,Low
.mpa4,Low
.mpb,Low
.mpc,Very High
.mpc8,Low
.mpcatalog,Low
.mpcd,Low
.mpcpl,Very High
.mpd,High
.mpdp,Very High
.mpdsp,Low
.mpe,Very High
.mpeg,Very High
.mpeg-1,Low
.mpeg-2,Low
.mpeg-4,Low
.mpeg1,Very High
.mpeg1video,Low
.mpeg2,Very High
.mpeg2ts,Low
.mpeg2video,Low
.mpeg3,Low
.mpeg4,Very High
.mpega,Low
.mpegps,Low
.mpegts,Low
.mpegtsraw,Low
.mpegv,Low
.mpegvideo,Low
.mpf,Very High
.mpg,Very High
.mpg1,Low
.mpg2,Low
.mpg3,Low
.mpg4,Low
.mpg4a,Low
.mpga,Very High
.mpgv,Medium
.mpgx,Medium
.mph,Low
.mpi,Low
.mpj,Low
.mpk,Low
.mpl,Very High
.mplog,Medium
.mpls,Very High
.mpm,High
.mpn,Low
.mpo,Very High
.mpp,Very High
.mpp2,Low
.mpq,Low
.mpr,Medium
.mps,High
.mpsub,Low
.mpt,High
.mptm,Low
.mptmz,Low
.mpts,Low
.mpud,Low
.mpv,Very High
.mpv1,Low
.mpv2,Very High
.mpv4,Very High
.mpvd,Low
.mpvm,Low
.mpvuhpcp,Low
.mpw,High
.mpx,Very High
.mq4,Low
.mq5,Low
.mqh,Low
.mqv,Very High
.mrbak,Medium
.mrc,Low
.mres,Low
.mrex,Medium
.mrf,Low
.mrg,Low
.mrimg,Medium
.mrk,Low
.mrp,Low
.mrq,Low
.mrsql,Medium
.mrw,Very High
.ms,Low
.ms-dvr,Low
.ms-one-stub,High
.ms-windows-store-license,Very High
.ms3d,Low
.ms7,Low
.msa,Low
.msbcm,Low
.msc,Very High
.mscc,Low
.mscr,Low
.msc_aq,Low
.msd,Low
.msdax,Low
.msdm,High
.msdvd,Very High
.mse,Medium
.mse-installer,Low
.mse-set,Low
.mse-symbol,Low
.msf,Low
.msg,Very High
.msh,Low
.mshc,Low
.msi,Very High
.msixupload,Low
.msi_aq,Low
.msj,Low
.msk,Low
.msl,High
.mslz,Low
.msm,Medium
.msmessagestore,Low
.msn4,Low
.msolaprole.1,Low
.msp,Very High
.mspl,Low
.msp_aq,Low
.msrcincident,Very High
.mss,Low
.msstyles,Very High
.mst,Medium
.msu,Very High
.msv,High
.msvp,Low
.msw,Low
.mswmm,Very High
.msz,Low
.ms_,Low
.mt2,Low
.mt2s,Low
.mt5,Low
.mta,Low
.mtb,Low
.mtbk,Low
.mtbkwz,Low
.mtdt,Low
.mtf,Low
.mth,Low
.mtjt,Low
.mtl,High
.mtm,Very High
.mtpt,Low
.mtqp,Low
.mts,Very High
.mts1,Low
.mts2,Low
.mts3,Low
.mtst,Low
.mtv,Very High
.mtww,Low
.mtx,High
.mtxcfg,Low
.mu,Low
.mub,Low
.mucow,Low
.mud,Low
.mui,Low
.mul,Low
.mulib,Low
.mun,Low
.muphlp,Low
.murl,Low
.mus,Low
.musc,Low
.muse,Low
.musx,Low
.mu_,Low
.mv,Low
.mv1,Low
.mv2,Low
.mvc,Low
.mvd,Medium
.mvex,Low
.mvg,Medium
.mvi,Low
.mvp,Low
.mvpl,Low
.mvv,Low
.mvx,Low
.mvy,Low
.mw,Low
.mwand,Low
.mwb,Low
.mwb7,Low
.mwd,Low
.mwdeck,Low
.mwf,Low
.mwk,Low
.mws,Low
.mwv,Low
.mwz,Low
.mx,Low
.mx1,Low
.mx2,Low
.mxaddon,Low
.mxcc,Low
.mxd,Low
.mxdic,Low
.mxf,Very High
.mxg,Low
.mxi,Very High
.mxl,Low
.mxm,Low
.mxp,Very High
.mxpl,Low
.mxs,Low
.mxskin,Low
.mxt,Low
.mxv,Low
.mxx,Low
.mycolors,Low
.myd,Medium
.mydocs,Very High
.myh,Low
.mylic,Low
.mysql,Low
.mysterycookbooksavedgame,Low
.mysterypinewyorkfortunesavedgame,Low
.mysterypithelondoncapersavedgame,Low
.mysterypivegassavedgame,Low
.mz5,Low
.mzp,Low
.n-gage,High
.n1_,Low
.n2p,Low
.n64,Low
.n80,Low
.nab,High
.nabs,Low
.naf,Low
.nameonclipboard,Low
.nanflmrkxtns,Low
.nanokey2_data,Low
.nanokey_data,Low
.nanopad2_data,Low
.nanopad2_glob,Low
.nanopad2_set,Low
.nanopad_data,Low
.nanopad_glob,Low
.nanopad_set,Low
.nars,Low
.natvis,Medium
.nb,Low
.nba,High
.nbak,Low
.nbi,Very High
.nbib,Low
.nbk,Low
.nbp,Low
.nbs,Medium
.nbt,High
.nbtitle,Low
.nbu,Medium
.nbv,Medium
.nc,Low
.ncak1,Low
.ncb,Very High
.ncc,Low
.ncd,Very High
.ncf,Low
.ncfg,Low
.ncg,Low
.nck,Low
.nckd2,Low
.nckf1,Low
.nckk,Low
.ncks2,Low
.ncks2m2,Low
.ncks4,Low
.ncks4m2,Low
.ncks5,Low
.ncks8,Low
.nckx1,Low
.nckx1m2,Low
.nckz1,Low
.nckz2,Low
.ncm,Low
.ncm2,Low
.ncmj,Low
.ncmm,Low
.ncmm2,Low
.ncmst,Low
.nco,Very High
.ncor,Medium
.ncp,Medium
.ncr,Low
.ncs,Very High
.nct,Very High
.ncw,High
.ncx,Low
.nc_,High
.nd,Low
.nda,High
.ndf,Very High
.ndi,Low
.ndif,Low
.ndl,Low
.ndp,Low
.ndpa,Low
.ndpi,Low
.ndpis,Low
.ndpr,Low
.ndprj,Low
.ndpvs,Low
.nds,Medium
.ndx,Low
.nef,Very High
.neo,Low
.neqcurve,Low
.neroserial,Low
.neroserial11,Low
.neroserial12,Low
.nero_scout_video,High
.nero_search_email_result,High
.nes,Low
.nessus,Low
.net,Low
.net%2525252fh%2525252fmsglistads%252526r%25253d0%252cc566a026,Low
.netproject,Low
.networkconnect,Low
.nex,Medium
.nf2,Low
.nfb,Low
.nfc,Medium
.nfd_audio,Very High
.nfd_data,Very High
.nfl,High
.nfm8,Low
.nfo,Very High
.nfslicense,Low
.nft,Low
.ngc,Low
.nge,Low
.ngfx-bvh,Low
.ngfx-cppcap,Low
.ngfx-gputrace,Low
.ngfx-proj,Low
.ngfx-shaderprof,Low
.ngg,High
.ngp,Low
.nhb,Medium
.nhcode,Low
.nhd,Medium
.nhf,Very High
.nhv,Very High
.nib,Low
.nick,Very High
.nif,Low
.nifcache,Low
.nil,Low
.nim,Low
.nji,Very High
.njt,High
.nk,Low
.nk2,Very High
.nkb,Low
.nkfn,Low
.nki,Low
.nkm,Low
.nkp,Low
.nkple,Low
.nks,Low
.nktrl2_data,Low
.nktrl_data,Low
.nktrl_set,Low
.nlang,Low
.nlang2,Low
.nlang3,Low
.nld,Medium
.nlm,High
.nlp,Low
.nlq,Low
.nl_,Low
.nmap,Low
.nmbsplb,Low
.nmbtemplate,Low
.nmc,Low
.nmd,Very High
.nmf,Low
.nmh-stream,Low
.nml,Low
.nmsv,Low
.nmw,Very High
.nmx,Low
.nna,Low
.noa,Low
.nob,Low
.nod,Low
.nol,Very High
.nopb,Low
.nopd,Low
.nope,Low
.nopem,Low
.nopeq,Low
.nopev,Low
.nopi,Low
.nopj,Low
.nops,Low
.nopt,Low
.nor,Low
.nortonpccheckupupdater,Low
.noscriptsinhere,Low
.not,Low
.notebook,Low
.noun,Low
.now,Low
.nozskin,Low
.nozzlelibrary,Low
.npbk,Low
.npc,Low
.npe,Low
.npf,Low
.npk,Low
.npl,Low
.npp,Low
.npr,Low
.npsf,Low
.nqp,Low
.nr3,Very High
.nr4,Very High
.nra,Very High
.nrb,Very High
.nrbak,Low
.nrc,Very High
.nrd,Very High
.nre,Very High
.nrf,Low
.nrg,Very High
.nrh,Very High
.nri,Very High
.nrj,Very High
.nrkt,Low
.nrm,Very High
.nrproj,Low
.nrs,Very High
.nrt,Low
.nru,Very High
.nrv,Very High
.nrw,Very High
.nrx,Low
.ns1,Medium
.ns2,Low
.ns3,Low
.ns4,Low
.nsa,Very High
.nsb,Low
.nsb_search_more,Medium
.nsconfig,Low
.nsd,Very High
.nse,Low
.nsf,Low
.nsfe,Low
.nsh,High
.nsi,High
.nsight-gfxbvh,Low
.nsight-gfxcppcap,Low
.nsight-gfxgpt,Low
.nsight-gfxproj,Low
.nsight-gfxshaderprof,Low
.nsis,Low
.nsl,Low
.nsr,Low
.nst,Very High
.nsu,Low
.nsv,Very High
.nt,Low
.nt8bk,Low
.ntar,High
.ntbk,Low
.ntf,Low
.ntfs,Very High
.nth,Medium
.nts,Low
.ntx,Low
.nt_,Low
.nt_36d298da,Low
.nuke,Low
.numbers,Low
.numbers-tef,Low
.nunit,Low
.nupkg,Low
.nusm,Low
.nut,Medium
.nuv,Very High
.nv-gpudmp,Low
.nv3dvpcmd,Low
.nv3dvppl,Low
.nvavi,Low
.nvc,Very High
.nvda-addon,Low
.nvdl,Low
.nvf,Low
.nvi,Low
.nvr,Low
.nvram,Very High
.nwa,Low
.nwbak,Low
.nwbc-config-update,Low
.nwcab,Low
.nwdb,Low
.nwf,Low
.nws,Very High
.nxl,Low
.nxm,Low
.nxs,Low
.nxv,Low
.nzb,High
.nzn,Low
.o,Low
.o2s,Low
.oas,Low
.obd,Very High
.obi,Low
.obj,Very High
.obk,Low
.obm,Low
.obr,Low
.obs,Low
.obs-service,Low
.obskin,Low
.obt,Very High
.obz,Very High
.ob_,Low
.oca,Medium
.ocp,Low
.ocr,Low
.ocrec,Low
.ocsmeet,Very High
.oct,Low
.ocx,Very High
.oc_,Low
.odb,Very High
.odc,Very High
.odccubefile,Very High
.odcdatabasefile,Very High
.odcnewfile,Very High
.odctablecollectionfile,Very High
.odctablefile,Very High
.odf,Very High
.odg,Very High
.odh,Very High
.odl,Very High
.odm,Very High
.odoc,Low
.odp,Very High
.ods,Very High
.odt,Very High
.oeaccount,Low
.oeb,Low
.oem,Low
.oemigaccount,Low
.oet,Low
.oetpl,Low
.oex,Very High
.ofc,Low
.ofl,Low
.ofn,Low
.oform,Low
.ofr,Very High
.ofs,Very High
.oft,Very High
.ofx,Low
.oga,Very High
.ogg,Very High
.ogm,Very High
.ogv,Very High
.ogw,Low
.ogx,Very High
.oil,Low
.oiv,Low
.ok,Low
.okt,Very High
.ol,Low
.olb,Low
.old,Low
.oll,Low
.olproj,Low
.ols,Very High
.oly,Low
.oma,Very High
.omc,Low
.omf,Medium
.omfi,Low
.omg,Low
.omod,Low
.omronplc,Low
.omu,Low
.on2,Low
.onb&w,Low
.onbatch,Low
.one,Very High
.oneffects,Low
.onenhance,Low
.onepkg,Very High
.onetastic,Low
.onetoc,Very High
.onetoc2,Very High
.onexport,Low
.onportrait,Low
.onpreset,Low
.onresize,Low
.oodagtdat,Low
.oodagtid,Low
.oodagtrpd,Low
.oodbri,Low
.oodbrp,Low
.oodguisettings,Low
.op,Low
.opc,Very High
.opcses,Low
.opd,Low
.opdownload,Low
.opf,Low
.oph,Low
.opi,Low
.opj,Low
.opk,Low
.opl,Low
.oplmn,Low
.opml,Low
.oprc,Low
.opt,Low
.opus,Very High
.opuscert,Low
.opw,Low
.opx,Medium
.oqy,Very High
.or5,Low
.or6,Low
.ora,Medium
.orbolt,Low
.orderedtest,Very High
.orf,Very High
.original_epub,Low
.ory,Low
.osax,Low
.osc,Low
.osdx,Very High
.osf,Low
.osheet,Low
.osk,Low
.osl,Low
.oslides,Low
.osm,Low
.osm.bz2,Low
.osm.gz,Low
.osm.xz,Low
.osm.zip,Low
.osp,Low
.osr,Low
.oss,High
.ost,Very High
.osz,Low
.osz2,Low
.os_,Low
.otb,Low
.otf,Very High
.otg,Very High
.oth,Very High
.otherfolder,Low
.otl,Low
.otl-poolzahlung,Low
.otllc,Low
.otlnc,Low
.otm,Very High
.otn,Low
.otp,Very High
.ots,Very High
.ott,Very High
.otv5key,Low
.otvdatafile,Low
.otvlangfile,Low
.out,Very High
.out1,Low
.ova,Very High
.ovd,Low
.ovf,Very High
.ovisuite,Medium
.ovl,Low
.ovpn,Medium
.owl,Low
.oxps,Very High
.oxt,Very High
.p,Medium
.p00,Low
.p01,High
.p02,Low
.p03,Low
.p04,Low
.p05,Low
.p06,Low
.p07,Low
.p08,Low
.p09,Low
.p10,Very High
.p11,Low
.p12,Very High
.p12d,Low
.p13,Low
.p14,Low
.p15,Low
.p16,Low
.p17,Low
.p18,Low
.p19,Low
.p2,Low
.p20,Low
.p21,Low
.p22,Low
.p23,Low
.p24,Low
.p25,Low
.p26,Low
.p27,Low
.p28,Low
.p29,Low
.p2bt,Low
.p2g,High
.p2i,High
.p2kc,Low
.p2p,Medium
.p2z,Low
.p30,Low
.p3l,High
.p3m,High
.p3r,High
.p3t,Low
.p4i,Low
.p4s,Low
.p50,High
.p5p,Low
.p6,Low
.p64,Low
.p65,Low
.p7,Low
.p7b,Very High
.p7c,Very High
.p7m,Very High
.p7r,Very High
.p7s,Very High
.p951,High
.p9d,Low
.p9s,Low
.pa,Low
.paal,Low
.pab,Very High
.pac,Low
.package,High
.pad,Low
.padl,Low
.pae,Low
.pae2,Low
.paf,Very High
.pafx,Low
.pafz,Low
.pag,Medium
.pages,Medium
.pages-tef,Low
.pai,Low
.paj,Low
.pak,High
.pal,Very High
.palm,Low
.paltalk,Low
.pam,Low
.pan,Low
.pano,Very High
.pantheonsavedgame,Low
.pap,Low
.paper,Low
.paperlibrary,Low
.papert,Low
.paq8f,Low
.paq8jd,Low
.paq8l,Low
.paq8o,Low
.par,High
.par2,Medium
.paradisequestsavedgame,Low
.parquet,Low
.part,High
.part04rar,Low
.part1,Low
.partial,Very High
.partitions,Low
.pas,High
.pat,Very High
.patch,Very High
.patches,Low
.path,Low
.patternlibrary,Low
.pawn,Low
.pax,Low
.pb,Low
.pba,Low
.pbc,Low
.pbd,Low
.pbf,Medium
.pbg,Medium
.pbi,Low
.pbit,Low
.pbiviz,Low
.pbix,Low
.pbj,High
.pbk,Very High
.pbl,Low
.pbm,Very High
.pbmp,Low
.pbo,Low
.pbp,Low
.pbr,Low
.pbs,Low
.pbv,Low
.pbxproj,Low
.pc1,Low
.pc2,Low
.pc3,High
.pca,Medium
.pcap,Very High
.pcapng,Very High
.pcast,Very High
.pcb,Very High
.pcblib,Low
.pcc,Medium
.pcd,Very High
.pce,Low
.pcf,Low
.pch,Very High
.pch++,Low
.pck,Low
.pcl,Low
.pcm,Medium
.pcp,Low
.pcr,Low
.pcs,Low
.pct,Very High
.pcx,Very High
.pd,Low
.pdadj,Low
.pdb,Very High
.pdc,Low
.pdd,Very High
.pde,Medium
.pdf,Very High
.pdfe,Low
.pdfenx,Low
.pdfinfo,Low
.pdfl,Low
.pdfs,Very High
.pdfxml,Very High
.pdfz,Low
.pdf_,Low
.pdi,Very High
.pdk,Low
.pdl,High
.pdlcp,Low
.pdm,Low
.pdn,Very High
.pdp,Very High
.pds,High
.pdt,Medium
.pdtex,Low
.pdts,Low
.pdx,Very High
.pdxe,Low
.pdy,Low
.pd~[389],Low
.pea,Very High
.ped,Low
.pef,Very High
.peg,Medium
.pegglenightssavedgame,Low
.pegglesavedgame,Low
.pek,Low
.pem,Low
.pen,Low
.penguinssavedgame,Low
.perfmoncfg,Very High
.perl,Low
.perlapp,Low
.perlcriticrc,Low
.perlctrl,Low
.perlnet,Low
.perlsvc,Low
.perltray,Low
.pes,Low
.pesession,Low
.pet,Low
.pez,Low
.pf,Low
.pf2,Low
.pfa,Low
.pfb,Low
.pfc,Low
.pfcolors,Low
.pfd,Medium
.pff,Low
.pfi,Low
.pfile,Low
.pfl,Low
.pfm,Very High
.pfo,Low
.pfolder,Low
.pfplugin,Low
.pfr,Low
.pfs,Low
.pfv,Low
.pfx,Very High
.pg,Low
.pga,Low
.pgc,Low
.pgd,Low
.pge,Low
.pgf,High
.pgif,Low
.pgiff,Low
.pgl,Low
.pgm,Very High
.pgn,Low
.pgp,High
.pgr,Low
.pgsa,Low
.pgsr,Low
.pgt,Low
.pgu,Low
.pgx,Medium
.pha,Low
.phd,Low
.phi,Low
.phl,Low
.phn,Low
.phonepower,Low
.photo booth,Low
.photolibrary,Low
.photoshow,Low
.php,Very High
.php1,Low
.php2,Medium
.php3,Very High
.php4,Very High
.php5,Medium
.php6,Medium
.php@cat_id=25&sessionid=adbd7e99a16e10f1cdccd5964b48b695,Low
.phpproj,Low
.phps,Low
.phpsa,Low
.phpt,Low
.phpw,Low
.php_1und1,Low
.phr,Low
.pht,Low
.phtml,Medium
.phw,Low
.phy,Low
.physi,Low
.phz,Low
.pi,Low
.pi1,Low
.pi2,Low
.pi3,Low
.pi4,Low
.pi9,Low
.pic,Very High
.picio,Low
.piclc,Low
.picnc,Low
.picon,Low
.pict,Very High
.pict2,Low
.pif,Very High
.pif_aq,Low
.pim,Low
.pin,Low
.pins,Low
.pinstall,Low
.pio,Low
.pip,Very High
.piratesoftreasureislandsavedgame,Low
.pirates_savegame,Low
.pit,Low
.piv,Low
.pivotlink,Low
.pix,Very High
.pixar,Low
.pixexp,Medium
.pixrun,Medium
.pi_,Low
.pjc,Low
.pjfif,Low
.pjpe,Low
.pjpeg,Low
.pjpg,Low
.pjs,Low
.pjt,Low
.pjx,Low
.pk,Low
.pk1,Low
.pk2,Low
.pk3,Medium
.pk4,Low
.pka,Low
.pkb,Low
.pkcs12,Low
.pkf,Medium
.pkg,Low
.pkgdef,Very High
.pkgundef,Very High
.pkinfo,Low
.pklg,Medium
.pkm,Low
.pko,Very High
.pkp,Medium
.pkpass,Low
.pkr,Low
.pks,Low
.pkt,Very High
.pkz,Low
.pl,Very High
.pl4,Low
.pl6,Low
.pl9,Low
.pla,Low
.plan,Low
.plantsvszombieshpsavedgame,Low
.plantsvszombiessavedgame,Low
.player,Low
.plb,Low
.plc,Low
.plcmemarea,Low
.pld,Low
.ple,Very High
.plf,Low
.plg,Medium
.plist,Very High
.pll,Low
.plm,Low
.plmx,Low
.pln,Very High
.plp,Low
.plproj,Low
.plr,Low
.pls,Very High
.plsc,Low
.plsk,Low
.plt,High
.plu,Low
.plu250,Low
.plug,Low
.plugin,Low
.plv,Low
.plx,Low
.ply,Very High
.plz,Low
.pl_,Low
.pm,High
.pm2,Low
.pm6,Low
.pma,Very High
.pmb,Low
.pmbak,Low
.pmc,Very High
.pmd,Medium
.pmdx,Low
.pme,Low
.pmf,Low
.pmg,Medium
.pmk,Low
.pml,Very High
.pmm,Low
.pmp,Very High
.pmp2,Low
.pmr,Very High
.pmv,Medium
.pmvx,Low
.pmw,Very High
.pmz,Low
.pm_,Low
.pnagent,Low
.pnb,Low
.pnc,Low
.pnf,Very High
.png,Very High
.pngwalk,Low
.pnm,Very High
.pns,Very High
.pnt,Very High
.pntg,Very High
.pn_,Low
.po,Medium
.pod,Low
.podcast,Low
.podcast publisher,Low
.poet,Low
.pof,Low
.pokersuperstars3savedgame,Low
.pol,Low
.polarbowlerfirstframesavedgame,Low
.polarbowlersavedgame,Medium
.polargolfersavedgame,Medium
.polarpoolsavedgame,Low
.polish (pl),Low
.poly,Low
.pont,Low
.poo,Low
.pool,Low
.pop,Low
.por,Low
.pos,Low
.posc,Low
.postal,Low
.postbuild,Low
.pot,Very High
.pothtml,Very High
.potm,Very High
.potx,Very High
.pov,Low
.pow,Low
.powerdvd,Low
.powerpro,Low
.powerproclip,Low
.pp,Medium
.pp2,Low
.ppa,Very High
.ppam,Very High
.ppd,Low
.ppdf,Medium
.ppf,Low
.ppi,High
.ppj,High
.ppk,Very High
.ppkg,Very High
.ppl,Low
.ppm,Very High
.ppma,Medium
.ppmd,Low
.ppml,Low
.ppng,Low
.ppo,Low
.ppp,Medium
.ppr,Medium
.pprj,Low
.pproj,High
.ppronote,Low
.pps,Very High
.ppsenx,Low
.ppsm,Very High
.ppsmenx,Low
.ppsx,Very High
.ppsxenx,Low
.ppt,Very High
.ppte,Low
.pptenx,Low
.ppthtml,Very High
.pptl,Low
.pptm,Very High
.pptmenx,Low
.pptmhtml,Very High
.pptv,Low
.pptx,Very High
.pptxenx,Low
.pptxml,Very High
.ppv,Low
.ppw,Low
.ppws,Low
.ppx,Low
.ppz,Low
.pp_,Low
.pq,Low
.pqa,Low
.pqf,Low
.pqg,Low
.pqhero,Low
.pqi,Low
.pqw,Low
.pr,Low
.pr7,Low
.prbak,Low
.prc,Very High
.prd,Low
.prdx,Low
.pre,Very High
.prefpane,Low
.prefs,Low
.prel,Low
.prep,Low
.preset,Low
.prexport,Very High
.prf,Very High
.prfproj,Low
.prfpset,Very High
.prfsession,Low
.prf_aq,Low
.prg,Medium
.pri,Low
.primes,Low
.printerexport,Very High
.priprinter,Low
.prj,Medium
.prjemb,Low
.prjfpga,Low
.prjgrp,Low
.prjpcb,Low
.prl,Low
.prm,Very High
.prmp,High
.prn,Medium
.pro,Medium
.prof,Low
.profile,High
.programkey,Low
.proj,Low
.project,Low
.proofingtool,Low
.prop,Low
.propdesc,Low
.properties,High
.props,Very High
.provbank,Low
.provisionprofile,Low
.prp,Low
.prpreset,Very High
.prproj,High
.prs,Medium
.prsl,Very High
.prst,Very High
.prsx,Low
.prt,Low
.prtl,Very High
.prv,Low
.prvkr,Low
.prvx,Low
.prx,Low
.pr_,Low
.ps,Very High
.ps1,Very High
.ps1x,Low
.ps1xml,Very High
.ps2,Medium
.ps3,Low
.psa,Low
.psafe3,Low
.psb,Very High
.psbf,Low
.psc,Low
.psc1,Very High
.pscmd,Low
.pscp,Low
.psd,Very High
.psd1,Very High
.psdc,Low
.psdt,Medium
.pse,Low
.pse10db,Low
.pse12db,Low
.pse7db,Low
.pse8db,Low
.pse9db,Low
.psedb,Low
.psess,Very High
.pset,Very High
.psf,Very High
.psf2,Low
.psgi,Low
.psh,Medium
.pshader,Medium
.psi,Low
.psjob,Low
.psjs,Low
.pslic,Low
.psm,High
.psm1,Very High
.psnxml,Low
.psp,Very High
.pspautosave,High
.pspb,Low
.pspbrus,Low
.pspbrush,Very High
.pspbumpmap,High
.pspcache,High
.pspcmykprofile,High
.pspd,Low
.pspdeformationmap,High
.pspenvironmentmap,High
.pspfram,Low
.pspframe,High
.pspgradient,High
.pspi,Low
.pspimag,Low
.pspimage,Very High
.pspmask,High
.psppalette,High
.psprj,Low
.psproj,Low
.pspscript,High
.pspselection,High
.pspshape,High
.pspstyledline,High
.pspt,Low
.psptube,High
.pspworkspace,Medium
.psq,Low
.psr,Low
.pss,High
.pssc,Very High
.pst,Very High
.psv,Low
.psw,Very High
.psx,Low
.psy,Low
.psz,Low
.pt,Medium
.pt1,Low
.pt2,Low
.pt3,Low
.pt36,Low
.pt4,Low
.pt5,Low
.pt6,Low
.ptad,Low
.ptah,Low
.ptb,Medium
.ptf,Low
.ptfc,Low
.ptfo,Low
.ptg,Low
.ptgbatch,Low
.ptif,Low
.ptiff,Low
.ptl,Medium
.ptm,Very High
.ptn,Low
.pto,Low
.ptr,Low
.pts,Low
.ptsh,Low
.ptshortcut,Low
.ptt,Low
.ptw,High
.ptx,Medium
.ptxt,Low
.pub,Very High
.pubhtml,Very High
.pubkr,Low
.publishproj,High
.pubmhtml,Very High
.pubxml,High
.pud,Low
.puf,Low
.pum,Low
.pup,Low
.puppet,Low
.puppyluvsavedgame,Low
.purblepairssave-ms,Very High
.purbleshopsave-ms,Very High
.pushstore,Low
.puz,Low
.puzzleblastsavedgame,Low
.pva,Very High
.pvd,Low
.pvf,Very High
.pvfl,Low
.pvm,Low
.pvr,Low
.pvs,Low
.pvz,Low
.pwb,Low
.pwc,Low
.pwd,Medium
.pwdef,Low
.pwds,Low
.pwdump,Low
.pwe,Low
.pwi,Medium
.pwk,Low
.pwmc,Low
.pwml,Low
.pwn,Low
.pwp,Medium
.pws,Low
.pwt,Very High
.pww,Low
.pwx,Low
.pwz,Very High
.px,Low
.px3,Low
.pxa,Low
.pxb,Low
.pxc,Low
.pxe,Low
.pxf,Low
.pxg,Low
.pxi,High
.pxj,Low
.pxl,Medium
.pxm,Low
.pxml,Low
.pxn,Low
.pxp,Low
.pxr,Very High
.pxs,Low
.pxt,Medium
.pxw,Low
.py,Very High
.py3,Low
.pyc,Very High
.pyd,High
.pyo,Very High
.pyproj,Low
.pys,Medium
.pyw,Very High
.pyz,Very High
.pyzw,Very High
.pz2,Low
.pz3,Low
.pzc,Low
.pzf,Low
.pzfx,Low
.pzm,Low
.pzt,Low
.pzz,Low
.q,Low
.q07,Low
.qafiboe,Low
.qba,Low
.qbb,Low
.qbe,Low
.qbj,Low
.qbm,Low
.qbo,Low
.qbr,Low
.qbs,Low
.qbw,Low
.qbx,Low
.qby,Low
.qcm,Low
.qcn,Low
.qcow2,Low
.qcp,Very High
.qdat,Medium
.qdb,Medium
.qdes,Low
.qdf,Medium
.qdf-backup,Low
.qdr,Medium
.qds,Very High
.qdt,Medium
.qdtp,Low
.qes,Low
.qfg,Low
.qfx,Medium
.qgs,Low
.qgz,Low
.qht,Very High
.qhtm,Very High
.qic,Low
.qif,Medium
.qiz,Low
.qlr,Low
.qmgc,Low
.qml,Low
.qms,Low
.qmv,Low
.qoi,Low
.qop,Low
.qpa,Very High
.qpg,Low
.qpj,Low
.qpl,Low
.qpr,Low
.qprj,Low
.qpt,Low
.qpw,Low
.qpx,Medium
.qqq,Low
.qrc,Low
.qrt,Low
.qry,Low
.qs,Low
.qs4,Low
.qs8,Low
.qsed,Low
.qseg,Low
.qsf,Low
.qsfv,Low
.qsl,Low
.qsm,Low
.qss,Low
.qst,Low
.qt,Very High
.qtf,Low
.qti,Very High
.qtif,Very High
.qtk,Low
.qtl,Very High
.qtm,Low
.qtmp,Low
.qtp,Very High
.qtpp,Low
.qtr,Very High
.qts,Very High
.qtsk,Low
.qtt,Low
.qttabbarcommand,Low
.qttabgroup,Medium
.qtx,Very High
.qua,Low
.quad,Low
.qud,Low
.que,Medium
.query,Low
.queryanalysis,Low
.quo,Low
.qup,Low
.qwc,Low
.qwd,Low
.qwk,Low
.qwmod,Low
.qwt,Low
.qxb,Low
.qxd,Low
.qxl,Low
.qxp,Low
.qxt,Low
.r,Low
.r00,Very High
.r01,Very High
.r02,Very High
.r03,Very High
.r04,Very High
.r05,Very High
.r06,Very High
.r07,Very High
.r08,Very High
.r09,Very High
.r10,Very High
.r11,Very High
.r12,Very High
.r13,Very High
.r14,Very High
.r15,Very High
.r16,Very High
.r17,Very High
.r18,Very High
.r19,Very High
.r1m,Low
.r20,Very High
.r21,Very High
.r22,Very High
.r23,Very High
.r24,Very High
.r25,Very High
.r26,Very High
.r27,Very High
.r28,Very High
.r29,Very High
.r2lang,Low
.r2lic,Low
.r2skin,Low
.r2skin-addon,Low
.r30,Medium
.r31,Medium
.r32,Medium
.r33,Medium
.r34,Medium
.r35,Medium
.r36,Medium
.r37,Medium
.r38,Medium
.r39,Medium
.r3d,Low
.r3t,Low
.r40,Medium
.r41,Medium
.r42,Medium
.r43,Medium
.r44,Medium
.r45,Medium
.r46,Medium
.r47,Medium
.r48,Medium
.r49,Medium
.r50,Medium
.r51,Medium
.r52,Medium
.r53,Medium
.r54,Medium
.r55,Medium
.r56,Medium
.r57,Medium
.r58,Medium
.r59,Medium
.r60,Medium
.r61,Medium
.r62,Medium
.r63,Medium
.r64,Medium
.r65,Medium
.r66,Medium
.r67,Medium
.r68,Medium
.r69,Medium
.r70,Medium
.r71,Medium
.r72,Medium
.r73,Medium
.r74,Medium
.r75,Medium
.r76,Medium
.r77,Medium
.r78,Medium
.r79,Medium
.r80,Medium
.r81,Medium
.r82,Medium
.r83,Medium
.r84,Medium
.r85,Medium
.r86,Medium
.r87,Medium
.r88,Medium
.r89,Medium
.r90,Medium
.r91,Medium
.r92,Medium
.r93,Medium
.r94,Medium
.r95,Medium
.r96,Medium
.r97,Medium
.r98,Medium
.r99,Medium
.ra,Very High
.rac,Low
.rad,Low
.raf,Very High
.ram,Very High
.ramp,Low
.ranchrush2collectorseditionsavedgame,Low
.rap,Low
.rar,Very High
.rarenx,Low
.ras,Very High
.rast,Low
.rat,Very High
.ratdvd,Medium
.raw,Very High
.rawpkt,Low
.rawraw,Low
.rax,High
.ra_,Low
.rb,Medium
.rba,Low
.rbc,Low
.rbd,Low
.rbf,Low
.rbg,Low
.rbk,Low
.rbl,Low
.rbs,Low
.rbt,Low
.rbtx,Low
.rbw,Low
.rbxl,Low
.rbxlx,Low
.rbz,Low
.rc,Very High
.rc2,Very High
.rcc,Low
.rcd,Medium
.rcf,Low
.rcl,Low
.rcm,Low
.rcolor,Low
.rcproject,Low
.rcrecord,Low
.rct,Very High
.rcu,Low
.rcv,Low
.rcx,Low
.rcy,Low
.rd,Low
.rdata,Medium
.rdb,Low
.rdc,Medium
.rdd,Low
.rdf,Very High
.rdfs,Low
.rdg,Low
.rdi,Low
.rdl,Medium
.rdlc,Very High
.rdm,Low
.rdmj,Low
.rdp,Very High
.rdt,Low
.rdv,Low
.rdw,Low
.rdz,Low
.re7,Low
.rea,Low
.reachdrive,Low
.readme,Low
.reap,Low
.reapeaks,Low
.reaperlangpack,Low
.reapertheme,Low
.reaperthemezip,Low
.reapindex,Low
.reaxxionsavedgame,Low
.rec,Very High
.recordnowsendtoext,Low
.red,Medium
.reflector,Low
.reg,Very High
.regkey,Low
.reg_aq,Low
.rels,Very High
.rem,Very High
.remotecodec,Low
.remotemap,Low
.renv,Low
.reo,Low
.rep,Medium
.repo,Low
.req,Low
.requestedfoldersharefile,Low
.requestedwindowslivesyncfile,Medium
.rerun,Low
.res,Very High
.resbackup,Low
.resbuild,Low
.resjson,High
.resmoncfg,Very High
.resources,Low
.resw,Very High
.resx,Very High
.ret,Low
.rev,Very High
.rex,Low
.rex2,Low
.rez,Low
.re_,Low
.rf,Low
.rf5,Very High
.rf64,Very High
.rfa,Low
.rfb,High
.rfc,High
.rff,Low
.rfgs_pc,Low
.rfh,Low
.rfi,Low
.rfl,Low
.rfn,High
.rfp,High
.rfq,High
.rft,High
.rfx,High
.rgb,Very High
.rgba,High
.rge,Low
.rgf,Low
.rgi,Low
.rgreceiver,Low
.rgrp,Low
.rgs,Very High
.rgss3a,Low
.rguninst,Low
.rh,Low
.rh7,Low
.rhi,Low
.rhistory,Low
.rhp,Low
.rhtml,Low
.ricochetextremesavedgame,Low
.ricochetlostworldssavedgame,Low
.ricochetrechargedsavedgame,Low
.rif,Low
.rim,Low
.rimage,Low
.rip,Low
.ris,Low
.ris-rm8,Low
.rjs,Low
.rjt,High
.rk,Low
.rka,Low
.rkplr,Low
.rkv,Low
.rl4,Low
.rl7,Low
.rl8,Medium
.rla,Medium
.rlb,Low
.rle,Very High
.rll,Very High
.rlst,Low
.rl_,Low
.rm,Very High
.rm0,Low
.rm1,Low
.rm2,Low
.rm3,Low
.rm4,Low
.rma,Low
.rmd,Low
.rmf,Very High
.rmg,Medium
.rmhd,Low
.rmi,Very High
.rmid,Low
.rmj,Very High
.rml,High
.rmm,Very High
.rmp,Very High
.rmr,Low
.rms,Very High
.rmsendto,Low
.rmskin,Low
.rmt,Low
.rmtl,Low
.rmvb,Very High
.rmx,Very High
.rnc,Low
.rnd,Low
.rng,Low
.rnk,Very High
.rnr,Low
.rns,Low
.rnw,Low
.rnx,Very High
.robinhutt,Low
.roboballsavedgame,Low
.rod,Low
.rof,Low
.role,Low
.rom,Low
.roq,High
.rorysrestaurantsavedgame,Low
.rot,Low
.rox,Low
.roxio,Medium
.ro_,Low
.rp,Very High
.rp2,Low
.rp9,Low
.rpbm,Medium
.rpcp,Low
.rpd,Low
.rpf,Medium
.rpg,Low
.rpgm,Medium
.rpgproject,Low
.rpk,Low
.rpkdiff,Low
.rpl,Very High
.rpln,Very High
.rpm,Very High
.rpm.skm,Low
.rpnm,Low
.rpp,Low
.rpp-bak,Low
.rppm,Medium
.rprofile,Low
.rproj,Low
.rps,Low
.rpt,High
.rpt2,Low
.rptproj,Low
.rptr,Low
.rpx,Low
.rpy,Low
.rqb,Low
.rqy,Very High
.rrb,Medium
.rrbm,Medium
.rrds,Low
.rrg,Low
.rri,Low
.rrr,Low
.rrs,Medium
.rrs4,Low
.rrv,Low
.rrx,Low
.rs,High
.rsb,Medium
.rsc,High
.rsct,Low
.rsd,Low
.rsdf,High
.rsf,Low
.rsh,Low
.rsj,Low
.rsl,Low
.rslib,Low
.rslkey,Low
.rsls,Low
.rsml,High
.rsn,Low
.rsnp,Low
.rso,Low
.rsp,Low
.rspag,Low
.rsr,Low
.rsrc,Medium
.rss,Very High
.rsstn,Low
.rst,Low
.rstm,Low
.rsv,Low
.rsz,Low
.rs_,Low
.rt,Very High
.rt2,Low
.rt3,Low
.rtab,Low
.rtc,Medium
.rtc-ms,Low
.rtex,Low
.rtf,Very High
.rtf2,Low
.rtfd,Low
.rtfenx,Low
.rtg,Low
.rtm,Low
.rtmp,Low
.rtp,Low
.rtr,Low
.rtracktemplate,Low
.rts,Low
.rtsp,Low
.rtstn,Low
.rtu,Low
.rtwsh,Low
.rtx,Low
.ruel,Medium
.rul,Low
.rule,Low
.rules,Low
.ruleset,Very High
.rum,Low
.run,High
.runefallsavedgame,Low
.ruproj,Low
.rus,Low
.rv,Very High
.rv7,Low
.rvdata,Low
.rvdata2,Low
.rvg,Low
.rvi,Low
.rvl,Low
.rvm,Low
.rvproj,Low
.rvproj2,Low
.rvr,Low
.rvx,High
.rw2,Very High
.rwar,Low
.rwav,Low
.rwl,Very High
.rws,Low
.rwsd,Low
.rwx,Low
.rwz,Very High
.rx2,Low
.rxa,Low
.rxdoc,Low
.rxf,Low
.rxo,Low
.rxp,Low
.rxproj,Low
.rxs,Low
.rxt,Low
.rxw,Low
.rxx,Low
.rys,Low
.rz3dlrclt,Low
.rzfl,Low
.rzlayer,Low
.rzlrc,Low
.rzmmpj,Low
.rzmmpt,Low
.rzsf,Low
.rzx,Low
.s,Very High
.s01,Medium
.s10w,Low
.s19,Low
.s28,Low
.s2k,Low
.s2m,Low
.s2r,Low
.s2s,Low
.s2wdh,Low
.s2z,Low
.s37,Low
.s3l,Low
.s3m,Very High
.s3z,Very High
.s4m,Low
.s4mi,Low
.s62,Low
.s6savegame,Low
.s8l,Low
.s8theme,Low
.s98,Low
.sa1,Low
.sa2,Low
.sa3,Low
.sa4,Low
.sab,Low
.sacd,Low
.sad,Low
.saf,Low
.safariextz,High
.saga,Low
.sai,Low
.sai2,Low
.sak,Low
.sam,Medium
.sami,Low
.sap,Medium
.sapssd,Low
.sar,Low
.sas,Low
.sas7bacs,Low
.sas7baud,Low
.sas7bbak,Low
.sas7bcat,Low
.sas7bdat,Low
.sas7bdmd,Low
.sas7bitm,Low
.sas7bmdb,Low
.sas7bndx,Low
.sas7bods,Low
.sas7bpgm,Low
.sas7bput,Low
.sas7butl,Low
.sas7bvew,Low
.sat,High
.sav,Very High
.save,Low
.saver,Low
.saveram,Low
.saz,Medium
.sa_,Low
.sb,Low
.sba,Low
.sbb,Low
.sbc,Low
.sbcm,Low
.sbe,Very High
.sbfm,Low
.sbg,Low
.sbi,Very High
.sbjb,Low
.sbk,Low
.sbp,Low
.sbproj,Low
.sbr,Very High
.sbs,Very High
.sbsc,Low
.sbst,Low
.sbt,Low
.sbv,Low
.sbx,Very High
.sc,Low
.sc2,Very High
.sc2map,Low
.sc2replay,Low
.sc2save,Low
.sc5,Low
.sc6,Low
.sc68,Low
.sc8,Low
.sca,Low
.scad,Low
.scb,Low
.scc,Medium
.sccm.vapplauncher,Medium
.scd,High
.scdoc,Low
.sce,Low
.scel,Low
.scf,Very High
.scf_aq,Low
.sch,Very High
.schdoc,Low
.schdot,Low
.schlib,Low
.sci,Low
.scjournal,Low
.scl,Low
.scm,Low
.scn,Low
.sco,Low
.scp,Very High
.scpt,Low
.scptd,Low
.scr,Very High
.scrabblehasbrosavedgame,Low
.scrabblesavedgame,Low
.screen,Low
.screen-recorder-launcher,Low
.screenrec,Low
.screenshot,Low
.script,Low
.scriptlibrary,Low
.scrivx,Low
.scr_aq,Low
.scs,Low
.scs4,Low
.scss,Medium
.sct,Very High
.sct_aq,Low
.scx,Low
.scz,Low
.sc_,Low
.sd,Medium
.sd-cnf,Low
.sd2,Very High
.sd4,Low
.sd7,Low
.sd9,Low
.sda,High
.sdb,Very High
.sdbk,Low
.sdc,High
.sdd,High
.sdef,Low
.sdexp,Low
.sdf,Very High
.sdg,Very High
.sdi,Low
.sdinstall,Low
.sdjv,Low
.sdjvu,Low
.sdk,Low
.sdl,Very High
.sdlalign,Low
.sdlfiletype,Low
.sdlic,Low
.sdlmttpl,Low
.sdlp,Low
.sdlplugin,Low
.sdlppx,Low
.sdlproj,Low
.sdlretrofit,Low
.sdlrpx,Low
.sdltb,Low
.sdltm,Low
.sdltpl,Low
.sdlxliff,Low
.sdm,Low
.sdmdocument,Low
.sdocb,Low
.sdp,Very High
.sdpx,Medium
.sdr,Low
.sds,Very High
.sdsb,Medium
.sdt,Low
.sdtid,Low
.sdv,Very High
.sdw,Very High
.sdx,Low
.sdxml,Low
.sdz,Low
.sd_,Low
.se1,Low
.sea,Low
.search-ms,Very High
.searchconnector-ms,Very High
.searchresults,Low
.sec,Low
.secstore,Very High
.sed,Low
.seexpl,Low
.sef,Low
.seg,Low
.selectionportfoliolibrary,Low
.sem,Low
.semul,Low
.send2anna,Low
.sendtobluetooth,Low
.sendtoclipboard,Low
.sendtoclipboardascontent,Low
.sendtoclipboardasname,Low
.sendtofolder,Low
.sendtoincinerator,Low
.sendtosuperedi,Low
.sense,Low
.seo,Low
.seospider,Low
.seplugin,Low
.seq,Low
.sequ,Very High
.sequencediagram,Medium
.ser,Low
.services,Low
.ses,Low
.session,Low
.sesx,Medium
.set,Low
.settingcontent-ms,Very High
.settings,Very High
.seu,Low
.sevenwonders2savedgame,Low
.sevenwonderssavedgame,Low
.sevenwonderstreasuresofsevensavedgame,Low
.se_,Low
.sf,Very High
.sf2,Low
.sfa,Medium
.sfarr,Low
.sfc,Low
.sfcache,Very High
.sfd,Low
.sff,Very High
.sfl,Low
.sfo,Low
.sfofsavegame,Low
.sfs,Low
.sft,Low
.sfv,Very High
.sfw,Very High
.sfx,Low
.sfx2,Low
.sg1,Low
.sg2,Low
.sg3,Low
.sg4,Low
.sgb,Low
.sgbzip,Low
.sgc,Low
.sgd,Low
.sgdwe,Low
.sge,Low
.sgf,Low
.sgi,Very High
.sgl,High
.sgm,Low
.sgml,Low
.sgp,Low
.sgs,Low
.sgw,Low
.sh,Very High
.sh3d,Low
.sh3f,Low
.sh3l,Low
.sh3p,Low
.sh3t,Low
.sh4,Low
.sh5,Low
.sh6,Low
.sha,Medium
.sha1,Medium
.sha256,Medium
.sha256sum,Low
.sha3,Low
.sha3-224,Low
.sha3-256,Low
.sha3-384,Low
.sha3-512,Low
.sha384,Low
.sha512,Medium
.sharedview,Low
.shb,Very High
.shb_aq,Low
.shc,Very High
.sherlyn-chopras-kamasutra-3d-leaked-im,Low
.shf,Low
.shfb,Low
.shfbproj,Low
.shg,Low
.shh,Very High
.shl,Low
.shn,Very High
.show,Low
.shp,High
.shp2,Low
.shproj,Very High
.shr,Low
.shs,Very High
.shs_aq,Low
.sht,Low
.shtm,Very High
.shtml,Very High
.shw,Low
.shx,High
.sh_,Low
.si,Low
.sib,Low
.sic,Low
.sid,Very High
.sid1,Low
.sidb,Low
.sidx,Low
.sif,Medium
.sig,Medium
.sign,Low
.signed,Low
.sii,Low
.sil,Low
.sim,Low
.simba,Low
.sims2pack,Low
.sims2skin,Low
.sims3pack,Low
.sin,Low
.sip,Low
.sis,High
.sisx,High
.sit,Very High
.sit5,Low
.sitemap,Very High
.sites,Low
.sites2,Low
.sitf,Low
.sitx,Medium
.si_,Low
.sj,Low
.sj1,Low
.sk,Low
.sk1,Low
.ske,Low
.ski,Low
.skin,Very High
.skin7,Low
.skm,Very High
.skn,Low
.skp,High
.skpkmz,Medium
.skr,Low
.sks,Medium
.sky,Low
.skype,Very High
.skypechatstyle,Low
.skypeemoticonset,Low
.sl,Low
.sl00,Low
.sl01,Low
.sl02,Low
.sl03,Low
.sl04,Low
.sl05,Low
.sl06,Low
.sl07,Low
.sl08,Low
.sl09,Low
.sl10,Low
.sl11,Low
.sl12,Low
.sl13,Low
.sl14,Low
.sl15,Low
.sl16,Low
.sl17,Low
.sl18,Low
.sl19,Low
.sl20,Low
.sl21,Low
.sl22,Low
.sl23,Low
.sl24,Low
.sl25,Low
.sl26,Low
.sl27,Low
.sl28,Low
.sl29,Low
.sl3,Low
.sl30,Low
.sl31,Low
.sl4,Low
.sla,Low
.slb,High
.sld,Very High
.sldasm,Low
.sldd,Low
.slddc,Low
.slddrw,Low
.sldm,Very High
.sldprt,Low
.sldreg,Low
.sldx,Very High
.slf,Low
.slg,Medium
.sli,Low
.slidesaver,Low
.slingodeluxesavedgame,Low
.slk,Very High
.sll,Medium
.slm,Low
.slmx,Low
.sln,Very High
.slnf,Medium
.slow,Low
.slp,Low
.slreqx,Low
.slt,Low
.sltx,Low
.slupkg-ms,Very High
.slv,Low
.slw,Low
.slx,Low
.slxc,Low
.slxp,Low
.sm2,Low
.sm4,Low
.sma,Low
.smartftp,Low
.smb,Low
.smc,Low
.smd,Low
.smdl,Low
.smdlproj,Low
.smf,Very High
.smg,Low
.smggeom,Low
.smgproj,Low
.smgxml,Low
.smi,Very High
.smil,Very High
.smilebox,Low
.smk,Very High
.sml,Low
.smlic,Low
.smp,Medium
.smr,Low
.smrd,Very High
.sms,Low
.smt,Low
.smv,Low
.smw,Low
.smwt,Very High
.smx,Low
.smzip,Low
.sn,Low
.sna,Low
.snag,Medium
.snagacc,Medium
.snagitstamps,Low
.snagpresets,Low
.snagprof,Medium
.snagtheme,Low
.snagtz,Low
.snagundo,Low
.snagx,Low
.snapdoc,Low
.snapfireproject,Low
.snapfireshow,Low
.snapfireshowproject,Low
.snarfer,Low
.snb,Low
.snd,Very High
.sndh,Low
.sng,Low
.sngw,Low
.sni,Low
.snippet,Very High
.snk,Very High
.snl,Low
.snm,Low
.snoop,Very High
.snp,Very High
.sns,Low
.snt,Low
.snw,Low
.so,Low
.soap,Very High
.sob,Very High
.soc,Very High
.sod,Very High
.soe,Very High
.sof,Low
.soft,Low
.softgrid.sftdde,Low
.sog,Very High
.soh,Very High
.sol,Low
.solitairesave-ms,Very High
.son,Low
.sonic,Low
.sony_rss,Low
.sop,Medium
.sos,Low
.soundpack,Low
.sp,Low
.sp*,Low
.spa,Low
.sparc,Very High
.sparsebundle,Low
.sparseimage,Low
.spc,Very High
.spcmd,Low
.spd,Low
.spdata,High
.spdb,Low
.spdesignasax,Low
.spdesignasmx,Low
.spdesignbot,Low
.spdesignconfig,Low
.spdesigncss,Low
.spdesigndoclib,Low
.spdesignedited,Low
.spdesignhomeop,Low
.spdesignhomepg,Low
.spdesignhtml,Low
.spdesignhtt,Low
.spdesignjs,Low
.spdesignlinkbar,Low
.spdesignlist,Low
.spdesignlistdata,Low
.spdesignmaster,Low
.spdesignnav,Low
.spdesignnopub,Low
.spdesignopen,Low
.spdesignpiclib,Low
.spdesignresx,Low
.spdesignshtm,Low
.spdesignshtml,Low
.spdesignsitemap,Low
.spdesignskin,Low
.spdesignstm,Low
.spdesignsurvey,Low
.spdesigntheme,Low
.spdesigntxt,Low
.spdesignunknown,Low
.spdesignweb,Low
.spdesignwfdoclib,Low
.spdesignxaml,Low
.spdesignxml,Low
.spdesignxoml,Low
.spdesignxsl,Low
.spdesignxslt,Low
.spdkey,Low
.spe,Low
.speccy,High
.spf,High
.spi,Low
.spidersolitairesave-ms,Very High
.spj,Very High
.spkr,Low
.spl,Very High
.splan,Low
.splane,Low
.splash,Low
.split,High
.spmod,Low
.spn,Low
.spo,Low
.spop,Low
.sportballchallengesavedgame,Low
.spp,Low
.spq,Low
.spr,Low
.spreporter,Low
.sprite,Low
.sprj,Low
.sprt,Low
.sprz,Low
.sps,High
.spsd,Low
.spsx,Low
.spt,Low
.spu,Medium
.spv,Low
.spw,Low
.spx,Very High
.spy,Low
.spz,Low
.sp_,Low
.sqh,Low
.sql,Very High
.sqlce,Medium
.sqlite,Medium
.sqlite#,Low
.sqlite-journal,Low
.sqlite-shm,Low
.sqlite-wal,Low
.sqlite3,Low
.sqlitedb,Low
.sqlplan,High
.sqlproj,High
.sqm,Low
.sqt,Low
.squashfs,Very High
.sqx,Low
.sq_,Low
.sr,Low
.sr2,Very High
.sr5,Low
.sr7,Low
.sr8,Low
.srb,Low
.src,Low
.srcdoc,Low
.srd-shm,Low
.srf,Very High
.srfl,Low
.sri,Low
.sri.ogg,Low
.srl,Low
.srm,Low
.srr,Low
.srs,Low
.srt,Very High
.srw,Very High
.srx,Low
.sr_,Low
.ss,Low
.ss1,Low
.ss2,Low
.ss3,Low
.ss4,Low
.ss7,Low
.ssa,Very High
.ssb,Low
.ssc,Medium
.ssc_rdrp_key,Low
.ssd,Low
.ssdl,Low
.ssf,Medium
.ssi,Low
.ssif,High
.ssisdeploymentmanifest,Very High
.ssk,Low
.ssl,Low
.ssleay,Low
.sslf,Low
.ssm,High
.ssmsasproj,Medium
.ssmsmobileproj,Medium
.ssmssln,Medium
.ssmssqlproj,Medium
.ssnex,Low
.sso,Low
.sso_pt,Low
.ssp,Low
.sspr,Low
.sss,Low
.sst,Very High
.ssu,Low
.ssup,Low
.ssw,Low
.ssz,Low
.st,Medium
.st26,Low
.st3plugin,Low
.st4,Low
.st5,Low
.st6,Low
.st7,Low
.st8,Low
.st9,Low
.sta,Very High
.staddon,Low
.stamps,Low
.starcrossedsavedgame,Low
.startgadget,Low
.startlet,Low
.stat,Low
.stb,High
.stc,Very High
.std,Very High
.stdsrcmdl,Low
.ste,Very High
.step,Low
.stf,Very High
.stg,Medium
.sti,Very High
.stk,Low
.stl,Very High
.stm,Very High
.stma,Low
.stml,Low
.stmx,Low
.stn,Low
.storeinfo,Low
.stormreplay,Low
.story,Low
.stp,Medium
.stppk,Low
.str,Low
.streamdeckplugin,Low
.streamdeckprofile,Low
.streamdeckprofilesbackup,Low
.string,Low
.strings,Low
.strm,Low
.strpk,Low
.struma,Low
.strume,Low
.sts,Low
.stt,Low
.stu,Low
.stuff,Low
.stuffit11task,Low
.stuffittask,Low
.stv,Low
.stvproj,Very High
.stw,Very High
.stx,Medium
.stxt,Low
.sty,Medium
.styk,Low
.stykz,Low
.style,Medium
.stz,Very High
.sub,Very High
.sublime-project,Low
.sublime-workspace,Low
.subs,Low
.sud,Low
.sue,Low
.sue2,Low
.suite,Low
.sum,Low
.sun,Very High
.suniff,Low
.suo,Very High
.sup,Medium
.supercollapse3savedgame,Low
.superedi,Low
.surfplace,Low
.sv,Low
.sv$,Medium
.sv2,Low
.sv2i,Low
.sv5,Low
.sv6,Low
.svag,Low
.svap,Low
.svc,Very High
.svcd,Low
.svclog,Very High
.svcm,Low
.svd,Low
.sve,Low
.svg,Very High
.svgz,Very High
.svi,High
.svm,Low
.svp,Low
.svpj,Low
.svs,Low
.svt,Low
.svx,Low
.sv_,Low
.sw3,Low
.swa,Low
.swatch,Low
.swav,Low
.swb,Low
.swc,High
.swd,High
.swf,Very High
".swf""",Low
.swi,Low
.swidtag,Low
.switchboard,Very High
.swl,Low
.swm,Very High
.swpcbdoc,Low
.sws,Low
.swstd,Low
.swt,High
.swz,Medium
.swzk,Low
.sw_,Low
.sx,Low
.sxc,Very High
.sxcu,Low
.sxd,Very High
.sxe,Low
.sxf,Low
.sxg,Very High
.sxi,Very High
.sxie,Low
.sxm,Very High
.sxp,Low
.sxs,Low
.sxt,Low
.sxw,Very High
.sxx,Low
.sxz,Low
.syc,Very High
.sycw,Low
.sydb,Low
.syds,Low
.sydw,Low
.sydx,Low
.sym,Low
.symlink,Very High
.syn,Low
.sync,Very High
.syncconflict,Low
.syncdb,Low
.synciddb,Low
.synu,Low
.sys,Very High
.sysvar,Low
.sy_,Low
.szx,Low
.t,Low
.t101,High
.t3,Low
.t31,Low
.t4,Low
.t4g,Low
.t64,Low
.t65,Low
.t81,Low
.t88,Low
.taac,Low
.taact,Low
.taasmt,Low
.tab,Medium
.tabletprefs,Low
.tacls,Low
.tacmpt,Low
.tacont,Low
.tad,Low
.taf,Low
.tag,Low
.tags,Low
.taguit,Low
.tak,Very High
.tao,Medium
.tap,Low
.tape,Low
.tapesrcmdl,Low
.tar,Very High
.tar-gz,Low
.tar-z,Low
.tar.gz,High
.tarc,Low
.tarct,Low
.targa,High
.task,Low
.tasl,Low
.tastate,Low
.tatxtt,Low
.tauc,Low
.tax,Low
.tax2010,Low
.taz,Very High
.ta_,Low
.tbasic,Low
.tbasicc,Low
.tbasiccx,Low
.tbasicx,Low
.tbf,Low
.tbh,Low
.tbi,Low
.tbn,Low
.tbs,High
.tbu,Low
.tbulic15,Low
.tbx,Low
.tbz,Very High
.tbz2,Very High
.tb_,Low
.tc,Very High
.tcax,Low
.tccfgextender,Low
.tceltx,Low
.tcgb,Low
.tcip,Low
.tckdt,Low
.tckdtest,Low
.tcl,Low
.tclog,Low
.tclogs,Low
.tcls,Low
.tcmts,Low
.tcp,Low
.tcr,Low
.tcs,Very High
.tcvis,Low
.tcx,Low
.td0,Low
.td6,Low
.tda4,Low
.tdb,Low
.tdf,Medium
.tdi,Low
.tdim,Low
.tdl,Low
.tdp,Low
.tds,Medium
.tdsp,Medium
.tdsql,Low
.tdt,Low
.tdump,Low
.tdx,Low
.te3,Low
.tebr,Low
.tec,Low
.tef,Low
.tel,Low
.template,Medium
.templeofjewelssavedgame,Low
.tentalismanssavedgame,Low
.tes5pas,Low
.testrunconfig,Very High
.testsettings,Very High
.tewzip,Low
.tex,High
.tex;.sty;.cls;.dtx;.ins;.ltx,Low
.texi,Low
.text,Medium
.textexpander,Low
.texturelibrary,Low
.texturepack,Low
.tft,Low
.tg,Low
.tga,Very High
.tgf,Low
.tgi,Low
.tgt,Low
.tgz,Very High
.th,Low
.thd,Low
.thd+ac3,Low
.the,Low
.theancientquestofsaqqarahsavedgame,Low
.thegameoflifesavedgame,Low
.theme,Very High
.themepack,Very High
.thepriceisrightsavedgame,Low
.thf,Low
.thm,Very High
.thmx,Very High
.thor,Low
.thp,Very High
.thumb,Low
.thumbdata5--1967290299_0,Low
.thumbdata5-1763508120_0,Low
.th_,Low
.tia,Low
.tib,High
.tibx,Low
.tid,Low
.tif,Very High
.tifenx,Low
.tiff,Very High
.tiffenx,Low
.tig,Low
.tiktak,Low
.tileskinzip,Low
.tim,Medium
.time,Low
.tin,Low
.tinydeck,Low
.tip,Very High
.tis,High
.tivo,Low
.tix,High
.tjexp,Low
.tjvdb,Low
.tjxml,Low
.tk5,Low
.tkn,Low
.tkr,Low
.tkra,Low
.tkrn,Low
.tkrq,Low
.tla,High
.tlb,Medium
.tlbplugin,Low
.tlcodes,Low
.tld,Low
.tlg,Low
.tlh,Very High
.tli,Very High
.tlk,Low
.tlm,Low
.tlmp,Low
.tlmz,Low
.tlog,Low
.tlp,Low
.tls,High
.tlst,Low
.tlz,Very High
.tl_,Low
.tm2,Low
.tm8,Low
.tmb,Low
.tmbak,Low
.tmblr,Low
.tmc,Low
.tmd,Medium
.tmdx,Low
.tme,Low
.tmh,Low
.tmod,Low
.tmp,Medium
.tms,Low
.tmv,Low
.tmvx,Low
.tn1,Low
.tn2,Low
.tn3,Low
.tnb,Low
.tnfo,Very High
.tno,Low
.tns,Low
.tny,Low
.toast,Low
.tob,Low
.toc,Medium
.tod,Very High
.tok,Low
.toolbaricons,Low
.torrent,Very High
".torrent""",Low
.torrent1,Low
.tot,Low
.totalsecurity,Low
.totemtribesavedgame,Low
.tp,Very High
.tpafz,Low
.tpc,Very High
.tpd,Low
.tpdb8,Low
.tpdb8s,Low
.tpf,Low
.tpg,Low
.tph,Low
.tpl,Very High
.tpo,Low
.tpo,Low
.tpp,Medium
.tpr,Very High
.tproject,Low
.tprusr,Low
.tps,Very High
.tpsr,Low
.tpu,Low
.tpx,Low
.tpz,Very High
.tp_,Low
.tp_batch,Low
.tp_catalog,Low
.tp_contact,Low
.tp_meta,Low
.tp_plugin,Low
.tp_print,Low
.tp_webwiz,Low
.tq6,Low
.tql,Medium
.tr,Low
.tr1,Very High
.tr59,Low
.tra,Low
.trace,Very High
.tradewindslegendssavedgame,Low
.trak,Low
.transcriptstyle,Low
.transport,Low
.traprofile,Low
.trasave,Low
.trashes,Low
.tray,Low
.trc,Very High
.trc0,Low
.trd,Low
.tre,Low
.treasureislandsavedgame,Low
.treasurepyramidsavedgame,Low
.trec,Low
.treedb,Low
.trf,Low
.trg,Very High
.tridefgame,Low
.trideflicense,Low
.trig,Low
.trinklitsupremesavedgame,Low
.triosplayback,Low
.trn,Very High
.trp,Very High
.trs,Low
.tru,Low
.true-hd,Low
.truehd,Low
.trusave,Low
.trx,Very High
.tr_,Low
.ts,Very High
.ts3_addon,Low
.ts3_iconpack,Low
.ts3_plugin,Low
.ts3_soundpack,Low
.ts3_style,Low
.ts3_translation,Low
.ts4,Low
.tsa,Low
.tscplugin,Low
.tscproj,Low
.tsf,Low
.tsh,Low
.tsi,Low
.tsks,Low
.tsmabrev,Low
.tsmagenda,Low
.tsp,Low
.tsproj,Low
.tspub,Low
.tsql,Low
.tsr,Low
.tsv,Low
.tsx,Medium
.tsz,Medium
.ts_,Low
.tt,Very High
.tta,Very High
.ttbl,Low
.ttc,Very High
.ttf,Very High
.ttinclude,Low
.ttml,Low
.ttp,Low
.ttpl,Low
.tts,Very High
.ttxt,Low
.tt_,Low
.tu2006code,Low
.tu2008code,Low
.tu2009code,Low
.tu2010code,Low
.tu2011code,Low
.tu2012code,Low
.tu2013code,Low
.tub,High
.tur,Low
.tut,Low
.tuw,Medium
.tv,Low
.tvants,Low
.tvc,Very High
.tvlink,Very High
.tvmw5,Low
.tvopt,Low
.tvp,Very High
.tvpi,Low
.tvs,Very High
.tvt,Low
.tvvi,Low
.tw,Low
.tw0,Low
.twd,Low
.twdi,Low
.twds,Low
.twdx,Low
.tweak,Low
.twelvelaboursofhercules3savedgame,Low
.twm,Low
.tws,Medium
.txc,Low
.txd,Low
.txf,Low
.txi,Low
.txm,Low
.txn,Low
.txp4,Low
.txss,Low
.txt,Very High
.txtenx,Low
.txz,Very High
.tx_,Low
.ty,Low
.tydsp,Low
.tz,Very High
.tzs,Low
.tzst,Low
.tzx,Low
.tzxsrt1,Low
.tzxsrt2,Low
.u,Low
.u3d,Very High
.u8,Low
.uae,Low
.ual,Low
.uax,Low
.ubersettings,Low
.ubox,Low
.ucb,Low
.uccapilog,Low
.ucf,Low
.ucl,Low
.uc_,Low
.ud,Low
.udc,Very High
.ude,Low
.udeb,Low
.udf,Very High
.udi,Low
.udif,Low
.udl,Very High
.udp,Low
.udt,Low
.uenc,Low
.ues,Low
.uew,Low
.uf,Low
.uff,Low
.ufm,Low
.ufo,Low
.ufp,Low
.ufr,Low
.ufraw,Low
.uga,Low
.ugoira,Low
.ugr,Low
.uha,Very High
.ui,Very High
.ui4568,Low
.uif,Very High
.uim,Low
.uin,Low
.uip,Low
.uis,Low
.uitest,Medium
.ukr,Low
.ul,Low
.ulf,Low
.uls,Very High
.ult,Very High
.ulw,Low
.ulx,Low
.ulz,Low
.um3,Low
.umc,Low
.umod,Low
.ump,Low
.umprofile,Low
.ums,Low
.umshortcut,Low
.umx,Very High
.und,Low
.unf,Low
.uni,Low
.unilang,Low
.unity,Medium
.unityhub,Low
.unitypackage,Medium
.unizs32,Low
.unr,Low
.unreal,Low
.uns,Low
.unt,High
.uop,Low
.uos,Low
.uot,Low
.upd,Low
.upg,Low
.upj,Low
.uplmn,Low
.upm,Low
.upr,Low
.uproject,Low
.urd,Low
.urj,Low
.url,Very High
.urls,Low
.urt,Low
.usa,Low
.usblog,Low
.usecasediagram,Medium
.user,Very High
.userprofile,Low
.uservar,Low
.usf,Medium
.ush,Low
.usl,Low
.usp,Low
.usr,Low
.uss,Low
.ustar,Low
.usz,Low
.ut2,Low
.ut2link,Low
.ut2mod,Low
.ut4mod,Low
.utf,Low
.uti,Very High
.utl,Low
.uts,Very High
.utx,Low
.uu,Very High
.uue,Very High
.uux,Low
.uvk,Low
.uvkbk,Low
.uvkey,Low
.uvksr,Low
.uvr,Low
.uvu,Low
.uwl,Low
.uxdc,Very High
.uxf,Low
.uxr,Low
.uyvy,Low
.v,Low
.v2,Low
.v2?,Low
.v2a,Low
.v2b,Low
.v2c,Low
.v2d,Low
.v2e,Low
.v2f,Low
.v2g,Low
.v2i,Low
.v2k,Low
.v2l,Low
.v2m,Low
.v2n,Low
.v2p,Low
.v2q,Low
.v2r,Low
.v2s,Low
.v2t,Low
.v2u,Low
.v2x,Low
.v2y,Low
.v2z,Low
.v48851,Low
.v4w,Low
.v4x,Low
.v60po,Low
.v60pp,Low
.v60ppf,Low
.v64,Low
.v7cat,Low
.v7o,Low
.v7p,Low
.v80uo,Low
.v80up,Low
.v80upf,Low
.v8i,Low
.v8l,Low
.v8o,Low
.v8p,Low
.vacationquestaustraliasavedgame,Low
.vaf,Medium
.vag,Low
.val,Medium
.vap,Medium
.vaporcd,Low
.vars,Low
.vas,Low
.vb,Very High
.vbadoc,Low
.vbat,Low
.vbdproj,High
.vbe,Very High
.vbee,Low
.vbe_aq,Low
.vbg,Medium
.vbhtml,Very High
.vbl,Medium
.vbm,Low
.vbn,Low
.vbox,Very High
.vbox-extpack,Very High
.vbp,Medium
.vbprj,Low
.vbproj,Very High
.vbr,Medium
.vbs,Very High
.vbs_aq,Low
.vbw,Medium
.vbx,Low
.vbz,Medium
.vb_,Low
.vb_aq,Low
.vc1,Low
.vc4,Medium
.vcagc,Low
.vcard,Low
.vcd,High
.vce,Low
.vcf,Very High
.vcg,Very High
.vcl,Low
.vcm,Low
.vcp,Very High
.vcpf,Low
.vcpref,Low
.vcprj,Low
.vcproj,Very High
.vcr,Low
.vcs,Very High
.vct,Low
.vcw,Very High
.vcx,Medium
.vcxitems,Medium
.vcxproj,Very High
.vda,High
.vdd,Low
.vddproj,High
.vdf,Low
.vdi,Very High
.vdl,Low
.vdp,Very High
.vdproj,Very High
.vdr,Low
.vdw,Very High
.vdx,Very High
.vec,Low
.veg,Medium
.vep,Low
.vep4,Low
.ver,Low
.verb,Low
.version,Low
.ve_,Low
.vf,Low
.vfb,Low
.vfc,Low
.vfd,Very High
.vff,Low
.vfj,Low
.vfm,Low
.vfproj,Low
.vfs,Low
.vfw,Medium
.vfz3,Low
.vg2,Medium
.vga,Low
.vgi,Low
.vgm,Low
.vgm7z,Low
.vgs,Low
.vgz,Low
.vhd,Very High
.vhdl,Low
.vhdpmem,Very High
.vhdx,Very High
.vhpack,Low
.vic,Low
.vicar,Low
.vid,Low
.video,Low
.videodecoder,Low
.viff,Low
.vig,Low
.vip,Low
.vir,Low
.virtualfamiliessavedgame,Low
.virtualvillagers3savedgame,Low
.virtualvillagers4thetreeoflifesavedgame,Low
.virtualvillagersnewhomesavedgame,Low
.vis,Low
.viv,Low
.viw,Low
.vjp,Low
.vjpreset,Low
.vjqueue,Low
.vjsproj,Low
.vjsprojdata,Low
.vkm,Low
.vkp,Low
.vks,Low
.vl,Low
.vl2,Low
.vlb,Very High
.vlc,Very High
.vlmc,Low
.vlt,High
.vlx,Low
.vm1,Low
.vm2,Low
.vmac,Very High
.vmba,Very High
.vmc,Very High
.vmcx,High
.vmcz,Medium
.vmd,Low
.vmdk,Very High
.vmenu,Low
.vmg,Medium
.vmhf,High
.vmhr,High
.vml,Low
.vmlog,Medium
.vmoptions,Low
.vmp,Low
.vmpl,Very High
.vms,Low
.vmsd,Very High
.vmsn,Very High
.vmss,Very High
.vmt,Very High
.vmtm,Very High
.vmu,Low
.vmw,Low
.vmwarevm,Low
.vmx,Very High
.vmxa,Medium
.vmxf,Very High
.vna,Low
.vnc,Very High
.vnt,Low
.vnu,Low
.vob,Very High
".vob""",Low
.voc,Very High
.vol,Low
.vor,High
.vox,Very High
.vp,Low
.vp2,Low
.vp3,Low
.vp4,Low
.vp5,Low
.vp6,Very High
.vp7,Medium
.vp8,Low
.vp9,Low
.vpb,Low
.vpc6,Low
.vpc7,Low
.vpd,Low
.vpg,Low
.vpj,High
.vpk,Medium
.vpm,Low
.vpn,Low
.vpol,Low
.vpp,Low
.vpr,Very High
.vproj,Low
.vps,Low
.vqa,Low
.vqc,Low
.vqf,Very High
.vrbs,Low
.vreg,Low
.vrge08contact,Low
.vrge08event,Low
.vrge08group,Low
.vrge08message,Low
.vrge08note,Low
.vrge08task,Low
.vrmanifest,Low
.vrml,Low
.vro,Very High
.vrp,Low
.vrperftest,Low
.vs,Low
.vs1,Low
.vsch,Low
.vscontent,Very High
.vsct,Very High
.vsd,Very High
.vsdif,Low
.vsdm,Very High
.vsdp,Low
.vsdx,Very High
.vsf,Low
.vsglog,High
.vsh,Medium
.vshader,Medium
.vsi,Very High
.vsix,Very High
.vsixlangpack,Very High
.vsixmanifest,Very High
.vsl,Very High
.vsmacros,Very High
.vsmdi,Very High
.vsmproj,Very High
.vsp,Very High
.vspf,Very High
.vspolicy,Medium
.vspolicycache,Low
.vspolicydef,Medium
.vsprops,Very High
.vsps,Very High
.vspscc,Very High
.vspx,High
.vsrip,Low
.vss,Very High
.vsscc,Very High
.vssettings,Very High
.vsslog,Low
.vssm,Very High
.vssscc,Very High
.vssx,Very High
.vst,Very High
.vst3,Low
.vstemplate,Very High
.vstm,Very High
.vsto,Very High
.vstx,Very High
.vsu,Very High
.vsv,Very High
.vsw,High
.vsx,Very High
.vsz,Very High
.vt3,Low
.vtf,Low
.vtm,Low
.vtp,Low
.vtpx,Low
.vtr,Low
.vts,Low
.vtsi,Low
.vtt,Medium
.vtx,Very High
.vtxml,Low
.vud,Very High
.vue,Low
.vup,Medium
.vus,Low
.vuze,Medium
.vvm,Low
.vvv,Low
.vwpg,Low
.vwr,High
.vwx,Low
.vxd,Very High
.vxm,Low
.vxml,Low
.vxr,Low
.vx_,Low
.vzi,Low
.w,Low
.w2p,Low
.w32,Low
.w3g,Low
.w3m,Low
.w3n,Low
.w3x,Low
.w64,Very High
.w86,Low
.wa,Low
.waa,Low
.wab,Very High
.wab~,Low
.wac,Low
.wacomprefs,Low
.wacomxs,Low
.wad,Low
.waf,Low
.waff,Low
.wagame,Low
.wai,Low
.wal,Very High
.wam,Low
.wand,Low
.wap,Low
.war,High
.wav,Very High
.wave,Very High
.wavm,Low
.wax,Very High
.wa_,Low
.wb,Low
.wb1,Low
.wb2,Low
.wb3,Low
.wba,Low
.wbb,Low
.wbc,Low
.wbcat,Very High
.wbd,Low
.wbdb,Low
.wbfs,Low
.wbi,Low
.wbk,Very High
.wbm,Very High
.wbmp,Very High
.wbp,Low
.wbpj,Low
.wbpz,Low
.wbs,Low
.wbt,Low
.wbverify,Low
.wbx,Low
.wbz,Low
.wb_,Low
.wc,Low
.wcb,Low
.wcd,Low
.wch,Low
.wcinv,High
.wcinv-ms-p2p,High
.wck,Low
.wcl,Low
.wcm,Low
.wcmm,Low
.wcp,Low
.wcs,Very High
.wct,Medium
.wcx,Very High
.wcz,Low
.wd,Low
.wd18,Low
.wda,Low
.wdb,Medium
.wdd,Low
.wddoc,Low
.wdf,Low
.wdi,Low
.wdl,Low
.wdm,Low
.wdn,Low
.wdp,Very High
.wdq,Low
.wdr,Low
.wdseml,Low
.wdsheet,Low
.wdslide,Low
.wdsp,Low
.wdt,Low
.wdw,Low
.wdx,Medium
.weavelibrary,Low
.web,Very High
.weba,Medium
.weballowblocklist,High
.webarchive,High
.webbookmark,Low
.webhistory,Low
.webinfo,Low
.webloc,Low
.webm,Very High
.webp,Very High
.webpart,Medium
.webpnp,Very High
.website,Very High
.webtemplate,Low
.webtest,High
.webtestresult,Medium
.webtheme,Low
.wed,Low
.weddingdashsavedgame,Low
.wenlin,Low
.wenlinbin,Low
.wenlindb,Low
.wenlinfc,Low
.wenlinfx,Low
.wenlintree,Low
.wer,Low
.we_,Low
.wf,Low
.wfc,Low
.wff,Low
.wfm,Low
.wfo,Low
.wfw,Low
.wfx,Medium
.wgq,Low
.wgs,Low
.wgt,Very High
.wgz,High
.wh,Low
.wheeloffortune2savedgame,Low
.whs,Low
.wht,Very High
.whtt,High
.whx,Low
.wibucmrac,Low
.wibucmram,Low
.wibucmrau,Low
.wibupdf,Low
.wic,Low
.wicsavegame,Low
.wid,Low
.wif,Low
.wig,Low
.wii,Low
.wiki,Low
.wil,Medium
.wim,Very High
.wim2,Low
.win,Very High
.win32,Low
.windowslivesynclibrary,Medium
.windowslivesyncoverlayadded,Medium
.windowslivesyncoverlaychanged,Medium
.windowslivesyncoverlaydeleted,Medium
.windsproskin,Low
.wings,Low
.winmerge,Very High
.wip,Low
.wiq,Very High
.wit,Medium
.wixlib,Low
.wixobj,Low
.wixpdb,Low
.wixproj,Low
.wiz,Very High
.wizardlandsavedgame,Low
.wizhtml,Very High
.wj3,Low
.wjf,High
.wjr,Low
.wk1,Low
.wk2,Low
.wk3,Low
.wkp,Low
.wks,High
.wksp,Low
.wky,Low
.wk_,Low
.wl,Low
.wlc,Low
.wlcshrtctv2,Very High
.wlg,High
.wll,Very High
.wlm,Low
.wlmp,High
.wlp,Low
.wlpginstall,Very High
.wlpginstall3,Very High
.wls,Low
.wlt,Low
.wlua,Low
.wlx,Medium
.wlx64,Low
.wlz,Very High
.wm,Very High
.wma,Very High
.wmb2,Low
.wmd,Very High
.wmdb,Very High
.wmf,Very High
.wml,Low
.wmp,Very High
.wms,Very High
.wmt,Low
.wmv,Very High
.wmx,Very High
.wmz,Very High
.wm_,Low
.wnd,Low
.wnk,Low
.wnt,Low
.word,Low
.wordlist,Low
.work,Low
.workbook,Low
.workflow,Low
.workspace,Medium
.worldofgoosavedgame,Low
.wot,Low
.wotmod,Low
.wotreplay,Low
.wow,Low
.wp,High
.wp2,Low
.wp3,Low
.wp7,Low
.wpa,Very High
.wpapk,Low
.wpb,Low
.wpc,Very High
.wpd,Very High
.wpe,Low
.wpf,Low
.wpg,High
.wpj,High
.wpl,Very High
.wpost,Very High
.wpp,Medium
.wpr,Low
.wprj,Low
.wproj,Low
.wps,Very High
.wpso,Low
.wpss,Low
.wpsx,Low
.wpt,High
.wptx,Low
.wpx,Low
.wpz,Very High
.wp_,Low
.wqc,Low
.wrap,Low
.wrc,Low
.wrf,Low
.wri,Very High
.writer,Low
.wrk,Very High
.wrl,Low
.wrlk,Low
.wrs,Low
.wrz,Low
.ws,Low
.ws1,Low
.ws2,Low
.ws3,Low
.ws4,Low
.ws5,Low
.ws6,Low
.ws7,Low
.ws8,Low
.ws9,Low
.wsa,Medium
.wsb,Medium
.wsc,Very High
.wscx,Low
.wsc_aq,Low
.wsd,Low
.wsdl,Very High
.wse,Low
.wsf,Very High
.wsf_aq,Low
.wsh,Very High
.wsh_aq,Low
.wsi,Low
.wskn,Low
.wsl,Low
.wsp,High
.wsq,Low
.wsr,Low
.wsrmac,Low
.wss,Low
.wssx,Low
.wst,Low
.wsv,Low
.wsvs,Low
.wsxz,Low
.wsz,Very High
.ws_,Low
.wt4,Low
.wtf,Low
.wtfav,Low
.wtl,Low
.wtml,Low
.wtpl,Low
.wtq,Low
.wtt,Low
.wtv,Very High
.wtx,Very High
.wv,Very High
.wvc,Low
.wve,Very High
.wvl,Low
.wvs,Low
.wvx,Very High
.wwd,Low
.wwf,Low
.wwi,Low
.wwls,Low
.wwtfig,Low
.wwtl,Low
.wwu,Low
.wx,Low
.wxi,Low
.wxl,Low
.wxp,Low
.wxpr,Low
.wxs,Low
.wzcloud,Low
.wzconfig,High
.wzg,Low
.wzmul,High
.wzsul,Low
.wztheme,High
.x,Medium
.x-ape,Low
.x-divx,Low
.x-ms-wma,Low
.x-ms-wmv,Low
.x-musepack,Low
.x01,Low
.x02,Low
.x03,Low
.x04,Low
.x05,Low
.x06,Low
.x07,Low
.x08,Low
.x09,Low
.x1,Low
.x10,Low
.x11,Low
.x13,Low
.x1i,Low
.x1s,Low
.x1z,Low
.x264,Low
.x265,Low
.x2fnd,Low
.x32,Low
.x36,Low
.x3d,Low
.x3f,Very High
.xa,Very High
.xa2,Low
.xa30,Low
.xadd,Low
.xaf,Low
.xaml,Very High
.xamlx,Very High
.xap,Medium
.xapk,Medium
.xar,Very High
.xas,Low
.xba,Very High
.xbap,Very High
.xbe,Low
.xbel,Low
.xbin,Low
.xbk,Low
.xbl,Low
.xbm,Very High
.xbms,Low
.xbp,Low
.xbpkg,Low
.xbrl,Low
.xbx,Medium
.xc,Low
.xces,Low
.xcesession,Low
.xcf,Very High
.xcfbz2,Low
.xcfgz,Low
.xch,Low
.xchange,Low
.xclp,Low
.xclpack,Low
.xcpad,Low
.xcr,Low
.xcs,Very High
.xct,Low
.xcu,Very High
.xcvault,Low
.xda,Low
.xdi,Low
.xdl,Very High
.xdp,Very High
.xdr,Very High
.xd_,Low
.xef,Low
.xej,Medium
.xel,High
.xen,Medium
.xensearch,Low
.xesc,Very High
.xevgenxml,Very High
.xex,Low
.xfc,Low
.xfd,Low
.xfdf,Very High
.xfl,High
.xfm,Medium
.xfsf,Low
.xfz,Low
.xg0,Low
.xg1,Low
.xg2,Low
.xg3,Low
.xg4,Low
.xg5,Low
.xg6,Low
.xg7,Low
.xg8,Low
.xg9,Low
.xgd,Low
.xgml,Low
.xgs,Medium
.xgz,Low
.xhd,Low
.xht,Very High
.xhtm,Very High
.xhtml,Very High
.xi,Very High
.xib,Low
.xic,Low
.xif,High
.ximg,Low
.xip,Low
.xiso,Medium
.xjf,Low
.xjt,Low
.xjylzga,Low
.xla,Very High
.xlam,Very High
.xlaunch,Low
.xlb,Very High
.xlc,Very High
.xld,Very High
.xlf,Low
.xlg,High
.xlk,Very High
.xlkf,Low
.xll,Very High
.xlm,Very High
.xlmv,Low
.xlp,Low
.xlr,Medium
.xls,Very High
.xlsb,Very High
.xlsbenx,Low
.xlse,Low
.xlsenx,Low
.xlshtml,Very High
.xlsl,Low
.xlsm,Very High
.xlsmenx,Low
.xlsmhtml,Very High
.xlsx,Very High
.xlsxe,Low
.xlsxenx,Low
.xlsxl,Low
.xls_aq,Low
.xlt,Very High
.xltbcd,Low
.xltbsession,Low
.xlthtml,Very High
.xltm,Very High
.xltx,Very High
.xlv,Very High
.xlw,Very High
.xlxml,Very High
.xl_,Low
.xm,Very High
.xma,Low
.xmap,Low
.xmbclp,Low
.xmbcs,Low
.xmbl,Low
.xmcd,Low
.xmcdz,Low
.xmcf,Low
.xmct,Low
.xmd,Low
.xmdeck,Low
.xmdeckt,Low
.xmf,Low
.xmfd,Low
.xmfg,Low
.xmi,Low
.xmind,Low
.xml,Very High
.xmla,Medium
.xmlo,Low
.xmltv,Low
.xmm,Low
.xmmap,Low
.xmmas,Low
.xmmat,Low
.xmmmp,Low
.xmn,Low
.xmp,Very High
.xmpdata,Low
.xmsc,Low
.xmss,Low
.xmt,Low
.xmta,High
.xmtb,Low
.xmt_bin,Low
.xmt_txt,Low
.xmu,Low
.xmv,Low
.xmx,High
.xmz,Very High
.xm_,Low
.xnb,Low
.xnk,High
.xnote,Low
.xnp,Low
.xnt,Low
.xof,Low
.xoml,Very High
.xowa,Low
.xp,Low
.xpaddercontroller,Low
.xpadderlanguage,Low
.xpadderprofile,Low
.xpb,Low
.xpb2,Low
.xpcm,Low
.xpd,Low
.xpf,Low
.xpgroup,Low
.xpi,Very High
.xpj,Low
.xpk,Low
.xpl,High
.xplain,Low
.xpm,Very High
.xpp,Very High
.xppl,Low
.xpr,Medium
.xpr64,Low
.xproj,Low
.xps,Very High
.xpse,Low
.xpt,Low
.xptheme,Low
.xpxg,Low
.xq,Low
.xql,Low
.xqm,Low
.xqr,Low
.xqt,Low
.xquery,Low
.xqy,Low
.xr2,Low
.xr21,Low
.xrb,Low
.xrc,Low
.xrf,Low
.xrm-ms,Very High
.xrns,Low
.xrs,Low
.xsb,High
.xsc,Very High
.xscscpt,Low
.xsd,Very High
.xsdif,Low
.xsf,Very High
.xsl,Very High
.xslic,Low
.xslt,Very High
.xsml,Low
.xsn,Very High
.xso,Low
.xsoem,Low
.xspf,Very High
.xsprl,Low
.xsprla,Low
.xss,Very High
.xst,Very High
.xsupdate,Low
.xsx,Low
.xsym,Low
.xs_,Low
.xtabs,Low
.xtc,Low
.xtg,Low
.xthemepkg,Low
.xtodvd,Medium
.xtp,Very High
.xtp2,Very High
.xtreme,Low
.xts,Low
.xtu,Low
.xul,Medium
.xus,Low
.xv,Low
.xva,Low
.xvas,Low
.xvc,Low
.xvid,Very High
.xvl,Low
.xvm,High
.xvmconf,Low
.xvz,Medium
.xwav,Low
.xwb,Medium
.xwc,Low
.xwd,High
.xweb3asax,Low
.xweb3asmx,Low
.xweb3bot,Low
.xweb3config,Low
.xweb3css,Low
.xweb3doclib,Low
.xweb3edited,Low
.xweb3homeop,Low
.xweb3homepg,Low
.xweb3htm,Low
.xweb3html,Low
.xweb3htt,Low
.xweb3js,Low
.xweb3linkbar,Low
.xweb3list,Low
.xweb3listdata,Low
.xweb3master,Low
.xweb3nav,Low
.xweb3nopub,Low
.xweb3open,Low
.xweb3piclib,Low
.xweb3resx,Low
.xweb3shtm,Low
.xweb3shtml,Low
.xweb3sitemap,Low
.xweb3skin,Low
.xweb3stm,Low
.xweb3survey,Low
.xweb3theme,Low
.xweb3txt,Low
.xweb3unknown,Low
.xweb3web,Low
.xweb3wfdoclib,Low
.xweb3xml,Low
.xweb3xoml,Low
.xweb3xsl,Low
.xweb3xslt,Low
.xweb4asax,Low
.xweb4asmx,Low
.xweb4bot,Low
.xweb4config,Low
.xweb4css,Low
.xweb4doclib,Low
.xweb4edited,Low
.xweb4homeop,Low
.xweb4homepg,Low
.xweb4htm,Low
.xweb4html,Low
.xweb4htt,Low
.xweb4js,Low
.xweb4linkbar,Low
.xweb4list,Low
.xweb4listdata,Low
.xweb4master,Low
.xweb4nav,Low
.xweb4nopub,Low
.xweb4open,Low
.xweb4piclib,Low
.xweb4resx,Low
.xweb4shtm,Low
.xweb4shtml,Low
.xweb4sitemap,Low
.xweb4skin,Low
.xweb4stm,Low
.xweb4survey,Low
.xweb4txt,Low
.xweb4unknown,Low
.xweb4web,Low
.xweb4wfdoclib,Low
.xweb4xml,Low
.xweb4xoml,Low
.xweb4xsl,Low
.xweb4xslt,Low
.xwidgetpkg,Low
.xwl,Low
.xwma,Low
.xwp,Low
.xwt,Low
.xwz,Low
.xx,Low
.xxe,Very High
.xxe_addon,Low
.xxe_gui,Low
.xxh,Low
.xxh3,Low
.xxh32,Low
.xxh64,Low
.xxt,Low
.xxx,Low
.xyz,Low
.xz,Very High
.xzp,Low
.x_b,Low
.x_t,Low
.y,Low
.y01,Low
.y02,Low
.y03,Low
.y04,Low
.y05,Low
.y06,Low
.y07,Low
.y08,Low
.y09,Low
.y4m,Low
.yadisktrash,Low
.yahtzeesavedgame,Low
.yaml,Low
.yar,Low
.ybm,Low
.ydsp,Low
.yenc,Low
.yg0,Low
.yg1,Low
.yg2,Low
.yg3,Low
.yg4,Low
.yg5,Low
.yg6,Low
.yg7,Low
.yg8,Low
.yg9,Low
.ygf,Low
.ym,Low
.ymf,Low
.ymg,Very High
.yml,Low
.ync,Low
.yop,Low
.youdajewelshopsavedgame,Low
.youtubenow,Low
.ypc,Low
.yps,Very High
.yt,Low
.yuv,Low
.yw5,Low
.yxy,Low
.yz1,Low
.z,Very High
.z0,Low
.z01,Low
.z02,Low
.z03,Low
.z04,Low
.z05,Low
.z06,Low
.z07,Low
.z08,Low
.z09,Low
.z1,Low
.z10,Low
.z11,Low
.z12,Low
.z13,Low
.z14,Low
.z15,Low
.z16,Low
.z17,Low
.z18,Low
.z19,Low
.z2,Low
.z20,Low
.z21,Low
.z22,Low
.z23,Low
.z24,Low
.z25,Low
.z26,Low
.z27,Low
.z28,Low
.z29,Low
.z2f,Low
.z2s,Low
.z3,Low
.z30,Low
.z31,Low
.z32,Low
.z33,Low
.z34,Low
.z35,Low
.z36,Low
.z37,Low
.z38,Low
.z39,Low
.z3d,Low
.z4,Low
.z40,Low
.z41,Low
.z42,Low
.z43,Low
.z44,Low
.z45,Low
.z46,Low
.z47,Low
.z48,Low
.z49,Low
.z5,Low
.z50,Low
.z51,Low
.z52,Low
.z53,Low
.z54,Low
.z55,Low
.z56,Low
.z57,Low
.z58,Low
.z59,Low
.z6,Low
.z60,Low
.z61,Low
.z62,Low
.z63,Low
.z64,Low
.z65,Low
.z66,Low
.z67,Low
.z68,Low
.z69,Low
.z7,Low
.z70,Low
.z71,Low
.z72,Low
.z73,Low
.z74,Low
.z75,Low
.z76,Low
.z77,Low
.z78,Low
.z79,Low
.z7d,Low
.z8,Low
.z80,Low
.z81,Low
.z82,Low
.z83,Low
.z84,Low
.z85,Low
.z86,Low
.z87,Low
.z88,Low
.z89,Low
.z90,Low
.z91,Low
.z92,Low
.z93,Low
.z94,Low
.z95,Low
.z96,Low
.z97,Low
.z98,Low
.z99,Low
.za,Low
.zab,Low
.zabw,Medium
.zad,Low
.zam,Low
.zap,Very High
.zapc,Low
.zat,Low
.zblorb,Low
.zbp,Low
.zbr,Low
.zcast,Low
.zcpml,Low
.zcv,Low
.zdat,Low
.zdf,Low
.zdl,Low
.zds,Low
.zed,Low
.zenfashionsavedgame,Low
.zfg,Low
.zfo,Low
.zfp,Low
.zfs,Low
.zfsendtotarget,Very High
.zft,Low
.zf~~~,Low
.zgk,Low
.zgr,Low
.zgz,Low
.zhtml,Low
.zib,Low
.zic,Low
.zim,Low
.zimaa,Low
.zip,Very High
.zip%26dl_type,Low
.zipenx,Low
.zipfs,Low
.zipx,Very High
.ziso,Low
.zi_,Low
.zkn,Low
.zky,Low
.zl0,Low
.zl1,Low
.zl2,Low
.zl3,Low
.zl4,Low
.zl5,Low
.zl6,Low
.zl7,Low
.zl8,Low
.zl9,Low
.zla,Low
.zlb,Low
.zlc,Low
.zld,Low
.zle,Low
.zlf,Low
.zlg,Low
.zlh,Low
.zli,Low
.zlib,Low
.zlj,Low
.zlk,Low
.zll,Low
.zlm,Low
.zln,Low
.zlo,Low
.zlp,Low
.zlq,Low
.zlr,Low
.zls,Low
.zlt,Low
.zlu,Low
.zlv,Low
.zlw,Low
.zlx,Low
.zly,Low
.zlz,Low
.zm0,Low
.zm1,Low
.zm2,Low
.zm3,Low
.zm4,Low
.zm5,Low
.zm6,Low
.zm7,Low
.zm8,Low
.zm9,Low
.zma,Low
.zmb,Low
.zmc,Low
.zmd,Low
.zme,Low
.zmo,Low
.zmp,Low
.zmt,Low
.zmv,Low
.znm,Low
.zns,Low
.zoc,Low
.zocini,Low
.zodiactowersavedgame,Low
.zon,Low
.zone,Low
.zoo,High
.zoom,Medium
.zoommtg,Medium
.zoomrc,Low
.zpaq,Low
.zpic,Low
.zpl,Very High
.zpr,Low
.zprj,Low
.zps,Low
.zpweb,Low
.zrx,Low
.zs*,Low
.zsav,Low
.zsc,Low
.zsd,Low
.zsh,Low
.zsj,Low
.zsk,Low
.zsl,Low
.zso,Low
.zst,Low
.zt6,Low
.ztb,Low
.ztd,Low
.ztl,Low
.ztm,Low
.ztn,Low
.ztp,Low
.ztr,Low
.zud,Low
.zulu,Low
.zulugemssavedgame,Low
.zumasavedgame,Low
.zup,Low
.zvt,Low
.zwdsp,Low
.zws,Low
.zx00,Low
.zx01,Low
.zx02,Low
.zx03,Low
.zx04,Low
.zx05,Low
.zx06,Low
.zx07,Low
.zx08,Low
.zx09,Low
.zx10,Low
.zx11,Low
.zx12,Low
.zx13,Low
.zx14,Low
.zx15,Low
.zx16,Low
.zx17,Low
.zx18,Low
.zx19,Low
.zx20,Low
.zx21,Low
.zx22,Low
.zx23,Low
.zx24,Low
.zx25,Low
.zx26,Low
.zx27,Low
.zx28,Low
.zx29,Low
.zx30,Low
.zx31,Low
.zx32,Low
.zx33,Low
.zx34,Low
.zx35,Low
.zx36,Low
.zx37,Low
.zx38,Low
.zx39,Low
.zx40,Low
.zx41,Low
.zx42,Low
.zx43,Low
.zx44,Low
.zx45,Low
.zx46,Low
.zx47,Low
.zx48,Low
.zx49,Low
.zx50,Low
.zx51,Low
.zx52,Low
.zx53,Low
.zx54,Low
.zx55,Low
.zx56,Low
.zx57,Low
.zx58,Low
.zx59,Low
.zx60,Low
.zx61,Low
.zx62,Low
.zx63,Low
.zx64,Low
.zx65,Low
.zx66,Low
.zx67,Low
.zx68,Low
.zx69,Low
.zx70,Low
.zx71,Low
.zx72,Low
.zx73,Low
.zx74,Low
.zx75,Low
.zx76,Low
.zx77,Low
.zx78,Low
.zx79,Low
.zx80,Low
.zx81,Low
.zx82,Low
.zx83,Low
.zx84,Low
.zx85,Low
.zx86,Low
.zx87,Low
.zx88,Low
.zx89,Low
.zx90,Low
.zx91,Low
.zx92,Low
.zx93,Low
.zx94,Low
.zx95,Low
.zx96,Low
.zx97,Low
.zx98,Low
.zx99,Low
.zxb,Low
.zxe,Low
.zxm,Low
.zxp,Very High
.zxt,Low
.zyp,Low
.zzedsavedgame,Low
.zzz,Low
.zzzsendtopkziparchive,Low
.,Low
.!mv,Low
.!ut,Low
.!win_font,Low
.$$$,High
.$a,Medium
.$as,Low
.$c,Low
.$cp,Low
.$cr,Low
.$cx,Low
.-5_kingfisher-models-23-01-14-1-showbi,Low
..9,Low
..gbc,Low
..gbt,Low
..ptg,Low
./,Low
0,Low
.0&uhash=5b6a170d4f96bdc2664e9bd0d63b7d44,Low
0,Low
0.001,Very High
0.002,Medium
0.003,Low
0.004,Low
0.005,Low
0.006,Low
0.007,Low
0.008,Low
0.009,Low
0.01,Low
0.01,Low
0.011,Low
0.012,Low
0.013,Low
0.014,Low
0.015,Low
0.016,Low
0.017,Low
0.018,Low
0.019,Low
0.02,Low
0.02,Low
0.021,Low
0.022,Low
0.023,Low
0.024,Low
0.025,Low
0.026,Low
0.027,Low
0.028,Low
0.029,Low
0.03,Low
0.03,Low
0.031,Low
0.032,Medium
0.033,Low
0.034,Low
0.035,Low
0.036,Low
0.037,Low
0.038,Low
0.039,Low
0.04,Low
0.04,Low
0.041,Low
0.042,Low
0.043,Low
0.044,Low
0.045,Low
0.046,Low
0.047,Low
0.048,Low
0.049,Low
0.05,Low
0.05,Low
0.051,Low
0.052,Low
0.053,Low
0.054,Low
0.055,Low
0.056,Low
0.057,Low
0.058,Low
0.059,Low
0.06,Low
0.06,Low
0.061,Low
0.062,Low
0.063,Low
0.064,Low
0.065,Low
0.066,Low
0.067,Low
0.068,Low
0.069,Low
0.07,Low
0.07,Low
0.071,Low
0.072,Low
0.073,Low
0.074,Low
0.075,Low
0.076,Low
0.077,Low
0.078,Low
0.079,Low
0.08,Low
0.08,Low
0.081,Low
0.082,Low
0.083,Low
0.084,Low
0.085,Low
0.086,Low
0.087,Low
0.088,Low
0.089,Low
0.09,Low
0.09,Low
0.091,Low
0.092,Low
0.093,Low
0.094,Low
0.095,Low
0.096,Low
0.097,Low
0.098,Low
0.099,Low
0.1,Low
0.1,Low
0.1,Low
0.101,Low
0.102,Low
0.103,Low
0.104,Low
0.105,Low
0.106,Low
0.107,Low
0.108,Low
0.109,Low
.10t,Low
0.11,Low
0.11,Low
0.111,Low
0.112,Low
0.113,Low
0.114,Low
0.115,Low
0.116,Low
0.117,Low
0.118,Low
0.119,Low
.11t,Low
0.12,Low
0.12,Low
0.121,Low
0.122,Low
0.123,Low
0.124,Low
0.125,Low
.125dc4,Low
0.126,Low
0.127,Low
0.128,Medium
0.129,Low
.12o,Low
0.13,Low
0.13,Low
0.131,Low
0.132,Low
0.133,Low
0.134,Low
0.135,Low
0.136,Low
0.137,Low
0.138,Low
0.139,Low
0.14,Low
0.14,Low
0.141,Low
0.142,Low
0.143,Low
0.144,Low
0.145,Low
0.146,Low
0.147,Low
0.148,Low
0.149,Low
0.15,Low
0.15,Low
0.151,Low
0.152,Low
0.153,Low
0.154,Low
0.155,Low
0.156,Low
0.157,Low
0.158,Low
0.159,Low
0.16,Low
0.16,Low
0.161,Low
0.162,Low
0.163,Low
0.164,Low
0.165,Low
0.166,Low
0.167,Low
0.168,Low
0.169,Low
.16kn,Low
0.17,Low
0.17,Low
0.171,Low
0.172,Low
0.173,Low
0.174,Low
0.175,Low
0.176,Low
0.177,Low
0.178,Low
0.179,Low
0.18,Low
0.18,Low
0.181,Low
0.182,Low
0.183,Low
0.184,Low
0.185,Low
0.186,Low
0.187,Low
0.188,Low
0.189,Low
0.19,Low
0.19,Low
0.191,Low
0.192,Low
0.193,Low
0.194,Low
0.195,Low
0.196,Low
0.197,Low
0.198,Low
0.199,Low
.1kn,Low
.1sc,Low
.1st,Low
0.2,Low
0.2,Low
0.2,Low
0.2007,Low
.2009-11-11,Low
0.201,Low
0.202,Low
0.203,Low
0.204,Low
0.205,Low
0.2056,Low
0.206,Low
0.207,Low
0.208,Low
0.209,Low
0.21,Low
0.21,Low
0.211,Low
0.212,Low
0.213,Low
0.214,Low
0.215,Low
0.216,Low
0.217,Low
0.218,Low
0.219,Low
0.22,Low
0.22,Low
0.221,Low
0.222,Low
0.223,Low
0.224,Low
0.225,Low
0.226,Low
0.227,Low
0.228,Low
0.229,Low
0.23,Low
0.23,Low
0.231,Low
0.232,Low
0.2324,Low
0.233,Low
0.2332,Low
0.2336,Low
0.234,Low
0.235,Low
0.2352,Low
0.236,Low
0.2368,Low
0.237,Low
0.238,Low
0.239,Low
0.24,Low
0.24,Low
0.241,Low
0.242,Low
0.243,Low
0.244,Low
0.2448,Low
0.245,Low
0.246,Low
0.247,Low
0.248,Low
0.249,Low
0.25,Low
0.25,Low
0.255,Low
0.256,Low
0.26,Low
0.261,Low
0.263,Low
0.264,Medium
0.265,Low
.26l,Low
0.27,Low
0.28,Low
0.29,Low
.2bp,Medium
.2dx,Low
.2kn,Low
.2sf,Low
.2],Low
0.3,Low
0.3,Low
0.301,Low
0.30655,Low
0.31,Low
0.32,Low
0.323,Very High
.32kn,Low
.32x,Low
0.33,Low
0.34,Low
0.35,Low
0.36,Low
0.37,Low
0.38,Low
0.386,Very High
0.39,Low
.3dd,Low
.3dm,Low
.3dmark-11-result,Low
.3dmark-result,Low
.3do,Low
.3dp,Low
.3dr,Low
.3ds,Very High
.3dt,Low
.3fr,Very High
.3fx,Low
.3g,Low
.3g2,Very High
.3g2p,Low
.3ga,Very High
.3gp,Very High
.3gp2,Very High
.3gpa,Low
.3gpp,Very High
.3gpp2,Low
.3gpv,Low
.3gv,Low
.3ivx,Low
.3mf,Low
.3pg,Low
.3pg2,Low
.3pj,Low
.3ppg,Low
.3ppg2,Low
.3xe,Medium
0.4,Low
0.4,Low
0.41,Low
0.42,Low
0.43,Low
0.44,Low
0.45,Low
0.46,Low
0.47,Low
0.48,Low
0.49,Low
.4bpp,Low
.4bt,Low
.4kn,Low
.4mi,Low
.4pk,Low
.4pl,Low
.4pm,Low
.4ws,Low
.4xm,Low
0.5,Low
0.5,Low
0.51,Low
0.512,Low
.512e,Low
0.52,Low
0.528,Low
0.53,Low
0.54,Low
0.55,Low
0.56,Low
0.57,Low
.57946%25262v%253daddress,Low
0.58,Low
0.59,Low
.5vw,Very High
.5_en_us,Low
0.6,Low
0.6,Low
0.602,Low
0.6023,Low
0.61,Low
0.62,Low
0.6292,Low
0.63,Low
0.64,Low
.64c,Low
.64kn,Low
0.65,Low
0.6553,Low
0.66,Low
0.669,Very High
0.67,Low
0.68,Low
0.69,Low
0.7,Low
0.7,Low
0.71,Low
0.72,Low
0.73,Low
.73?,Low
.73b,Low
.73c,Low
.73d,Low
.73g,Low
.73i,Low
.73k,Low
.73l,Low
.73m,Low
.73n,Low
.73p,Low
.73q,Low
.73s,Low
.73t,Low
.73u,Low
.73v,Low
.73w,Low
.73y,Low
.73z,Low
0.74,Low
0.75,Low
0.76,Low
0.77,Low
0.78,Low
0.79,Low
.7xbex,Low
.7z,Very High
.7zip,Low
0.8,Low
0.8,Low
0.81,Low
0.82,Low
.82?,Low
.82b,Low
.82d,Low
.82g,Low
.82i,Low
.82l,Low
.82m,Low
.82n,Low
.82p,Low
.82t,Low
.82u,Low
.82w,Low
.82y,Low
.82z,Low
0.83,Low
.83?,Low
.83b,Low
.83c,Low
.83d,Low
.83g,Low
.83i,Low
.83l,Low
.83m,Low
.83n,Low
.83p,Low
.83s,Low
.83t,Low
.83v,Low
.83w,Low
.83y,Low
.83z,Low
0.84,Low
0.85,Low
.85?,Low
.85b,Low
.85c,Low
.85d,Low
.85e,Low
.85g,Low
.85i,Low
.85k,Low
.85l,Low
.85m,Low
.85n,Low
.85p,Low
.85r,Low
.85s,Low
.85v,Low
.85w,Low
.85y,Low
.85z,Low
0.86,Low
.86?,Low
.86c,Low
.86d,Low
.86e,Low
.86g,Low
.86i,Low
.86k,Low
.86l,Low
.86m,Low
.86n,Low
.86p,Low
.86r,Low
.86s,Low
.86v,Low
.86w,Low
.86y,Low
.86z,Low
0.87,Low
0.88,Low
0.89,Low
.89?,Low
.89a,Low
.89b,Low
.89c,Low
.89d,Low
.89e,Low
.89f,Low
.89g,Low
.89i,Low
.89k,Low
.89l,Low
.89m,Low
.89n,Low
.89p,Low
.89q,Low
.89r,Low
.89s,Low
.89t,Low
.89u,Low
.89x,Low
.89y,Low
.89z,Low
.8ba,Very High
.8bc,Very High
.8be,Very High
.8bf,Very High
.8bi,Very High
.8bp,Very High
.8bs,Very High
.8bx,Very High
.8by,Very High
.8ca,Low
.8cg,Low
.8ci,Low
.8ck,Low
.8cu,Low
.8ek,Low
.8eu,Low
.8kn,Low
.8li,Very High
.8pu,Low
.8svx,Low
.8x?,Low
.8xb,Low
.8xc,Low
.8xd,Low
.8xg,Low
.8xi,Low
.8xk,Low
.8xl,Low
.8xm,Low
.8xn,Low
.8xp,Low
.8xq,Low
.8xs,Low
.8xt,Low
.8xu,Low
.8xv,Low
.8xw,Low
.8xy,Low
.8xz,Low
0.9,Low
0.9,Low
0.91,Low
0.92,Low
.92?,Low
.92a,Low
.92b,Low
.92c,Low
.92d,Low
.92e,Low
.92f,Low
.92g,Low
.92i,Low
.92k,Low
.92l,Low
.92m,Low
.92n,Low
.92p,Low
.92q,Low
.92r,Low
.92s,Low
.92t,Low
.92u,Low
.92x,Low
.92y,Low
.92z,Low
0.93,Low
0.94,Low
0.95,Low
0.96,Low
0.97,Low
0.98,Low
0.99,Low
0.995,Low
.9x?,Low
.9xa,Low
.9xb,Low
.9xc,Low
.9xd,Low
.9xe,Low
.9xf,Low
.9xg,Low
.9xi,Low
.9xk,Low
.9xl,Low
.9xm,Low
.9xn,Low
.9xp,Low
.9xq,Low
.9xr,Low
.9xs,Low
.9xt,Low
.9xu,Low
.9xx,Low
.9xy,Low
.9xz,Low
.@@@,Low
._,Low
._bk,Low
._bsln140,High
._bsln150,Medium
._docx,Low
._ps,Low
._sln,Very High
._sln100,Very High
._sln110,Very High
._sln120,Very High
._sln140,High
._sln150,Medium
._sln160,Medium
._sln170,Low
._sln60,Very High
._sln70,Very High
._sln71,Very High
._sln80,Very High
._sln90,Very High
._vbxsln100,Very High
._vbxsln110,Very High
._vbxsln80,Very High
._vbxsln90,Very High
._vcppxsln100,Very High
._vcppxsln110,Very High
._vcppxsln80,Very High
._vcppxsln90,Very High
._vcsxsln100,Very High
._vcsxsln110,Very High
._vcsxsln80,Very High
._vcsxsln90,Very High
._vjsxsln80,Very High
._vpdxsln100,Very High
._vpdxsln110,Medium
._vpdxsln120,Medium
._vstasln80,Very High
._vw8xsln110,Very High
._vwdxsln100,Very High
._vwdxsln110,Very High
._vwdxsln120,Very High
._vwdxsln140,High
._vwdxsln150,Medium
._vwdxsln80,Very High
._vwdxsln90,Very High
._vwinxsln120,Very High
._vwinxsln140,High
._vwinxsln150,Medium
._wdxsln110,Very High
._wdxsln120,Very High
._wdxsln140,High
._wdxsln150,Medium
._zmeoamedcd,Low
._zmeoameddef,Low
.{sa}encryptedreport,Low
.{sa}proj,Low
.{sa}report,Low
.~cpp,Low
.~tmp,Low